pincode,city,state
110001,Delhi,Delhi (UT)
110002,Delhi,Delhi (UT)
110003,Delhi,Delhi (UT)
110004,Delhi,Delhi (UT)
110005,Delhi,Delhi (UT)
110006,Delhi,Delhi (UT)
110007,Delhi,Delhi (UT)
110008,Delhi,Delhi (UT)
110009,Delhi,Delhi (UT)
110010,Delhi,Delhi (UT)
110011,Delhi,Delhi (UT)
110012,Delhi,Delhi (UT)
110013,Delhi,Delhi (UT)
110014,Delhi,Delhi (UT)
110015,Delhi,Delhi (UT)
110016,Delhi,Delhi (UT)
110017,Delhi,Delhi (UT)
110018,Delhi,Delhi (UT)
110019,Delhi,Delhi (UT)
110020,Delhi,Delhi (UT)
110021,Delhi,Delhi (UT)
110022,Delhi,Delhi (UT)
110023,Delhi,Delhi (UT)
110024,Delhi,Delhi (UT)
110025,Delhi,Delhi (UT)
110026,Delhi,Delhi (UT)
110027,Delhi,Delhi (UT)
110028,Delhi,Delhi (UT)
110029,Delhi,Delhi (UT)
110030,Delhi,Delhi (UT)
110031,Delhi,Delhi (UT)
110032,Delhi,Delhi (UT)
110033,Delhi,Delhi (UT)
110034,Delhi,Delhi (UT)
110035,Delhi,Delhi (UT)
110036,Delhi,Delhi (UT)
110037,Delhi,Delhi (UT)
110038,Delhi,Delhi (UT)
110039,Delhi,Delhi (UT)
110040,Delhi,Delhi (UT)
110041,Delhi,Delhi (UT)
110042,Delhi,Delhi (UT)
110043,Delhi,Delhi (UT)
110044,Delhi,Delhi (UT)
110045,Delhi,Delhi (UT)
110046,Delhi,Delhi (UT)
110047,Delhi,Delhi (UT)
110048,Delhi,Delhi (UT)
110049,Delhi,Delhi (UT)
110050,Delhi,Delhi (UT)
110051,Delhi,Delhi (UT)
110052,Delhi,Delhi (UT)
110053,Delhi,Delhi (UT)
110054,Delhi,Delhi (UT)
110055,Delhi,Delhi (UT)
110056,Delhi,Delhi (UT)
110057,Delhi,Delhi (UT)
110058,Delhi,Delhi (UT)
110059,Delhi,Delhi (UT)
110060,Delhi,Delhi (UT)
110061,Delhi,Delhi (UT)
110062,Delhi,Delhi (UT)
110063,Delhi,Delhi (UT)
110064,Delhi,Delhi (UT)
110065,Delhi,Delhi (UT)
110066,Delhi,Delhi (UT)
110067,Delhi,Delhi (UT)
110068,Delhi,Delhi (UT)
110069,Delhi,Delhi (UT)
110070,Delhi,Delhi (UT)
110071,Delhi,Delhi (UT)
110072,Delhi,Delhi (UT)
110073,Delhi,Delhi (UT)
110074,Delhi,Delhi (UT)
110075,Delhi,Delhi (UT)
110076,Delhi,Delhi (UT)
110077,Delhi,Delhi (UT)
110078,Delhi,Delhi (UT)
110079,Delhi,Delhi (UT)
110080,Delhi,Delhi (UT)
110081,Delhi,Delhi (UT)
110082,Delhi,Delhi (UT)
110083,Delhi,Delhi (UT)
110084,Delhi,Delhi (UT)
110085,Delhi,Delhi (UT)
110086,Delhi,Delhi (UT)
110087,Delhi,Delhi (UT)
110088,Delhi,Delhi (UT)
110089,Delhi,Delhi (UT)
110090,Delhi,Delhi (UT)
110091,Delhi,Delhi (UT)
110092,Delhi,Delhi (UT)
110093,Delhi,Delhi (UT)
110094,Delhi,Delhi (UT)
110095,Delhi,Delhi (UT)
110096,Delhi,Delhi (UT)
110097,Delhi,Delhi (UT)
110098,Delhi,Delhi (UT)
110099,Delhi,Delhi (UT)
110100,Delhi,Delhi (UT)
110101,Delhi,Delhi (UT)
110102,Delhi,Delhi (UT)
110103,Delhi,Delhi (UT)
110104,Delhi,Delhi (UT)
110105,Delhi,Delhi (UT)
110106,Delhi,Delhi (UT)
110107,Delhi,Delhi (UT)
110108,Delhi,Delhi (UT)
110109,Delhi,Delhi (UT)
110110,Delhi,Delhi (UT)
110112,Delhi,Delhi (UT)
110113,Delhi,Delhi (UT)
110114,Delhi,Delhi (UT)
110115,Delhi,Delhi (UT)
110116,Delhi,Delhi (UT)
110117,Delhi,Delhi (UT)
110118,Delhi,Delhi (UT)
110119,Delhi,Delhi (UT)
110120,Delhi,Delhi (UT)
110121,Delhi,Delhi (UT)
110124,Delhi,Delhi (UT)
110125,Delhi,Delhi (UT)
110301,Delhi,Delhi (UT)
110401,Delhi,Delhi (UT)
110403,Delhi,Delhi (UT)
110501,Delhi,Delhi (UT)
110502,Delhi,Delhi (UT)
110503,Delhi,Delhi (UT)
110504,Delhi,Delhi (UT)
110505,Delhi,Delhi (UT)
110506,Delhi,Delhi (UT)
110507,Delhi,Delhi (UT)
110508,Delhi,Delhi (UT)
110509,Delhi,Delhi (UT)
110510,Delhi,Delhi (UT)
110512,Delhi,Delhi (UT)
110601,Delhi,Delhi (UT)
110602,Delhi,Delhi (UT)
110603,Delhi,Delhi (UT)
110604,Delhi,Delhi (UT)
110605,Delhi,Delhi (UT)
110606,Delhi,Delhi (UT)
110607,Delhi,Delhi (UT)
110608,Delhi,Delhi (UT)
110609,Delhi,Delhi (UT)
111112,Delhi,Delhi (UT)
111120,Delhi,Delhi (UT)
121000,Faridabad,Haryana
121001,Faridabad,Haryana
121002,Faridabad,Haryana
121003,Faridabad,Haryana
121004,Faridabad,Haryana
121005,Faridabad,Haryana
121006,Faridabad,Haryana
121007,Faridabad,Haryana
121008,Faridabad,Haryana
121009,Faridabad,Haryana
121010,Faridabad,Haryana
121012,Faridabad,Haryana
121013,Faridabad,Haryana
121014,Faridabad,Haryana
121015,Faridabad,Haryana
121101,Faridabad,Haryana
121102,Palwal,Haryana
121105,Palwal,Haryana
121106,Hodal,Haryana
121107,Hodal,Haryana
122000,Gurgaon,Haryana
122001,Gurgaon,Haryana
122002,Gurgaon,Haryana
122003,Gurgaon,Haryana
122004,Gurgaon,Haryana
122005,Gurgaon,Haryana
122006,Gurgaon,Haryana
122007,Gurgaon,Haryana
122008,Gurgaon,Haryana
122009,Gurgaon,Haryana
122010,Gurgaon,Haryana
122011,Gurgaon,Haryana
122012,Gurgaon,Haryana
122013,Gurgaon,Haryana
122014,Gurgaon,Haryana
122015,Gurgaon,Haryana
122016,Gurgaon,Haryana
122017,Gurgaon,Haryana
122018,Gurgaon,Haryana
122019,Gurgaon,Haryana
122021,Gurgaon,Haryana
122022,Gurgaon,Haryana
122050,Gurgaon,Haryana
122051,Gurgaon,Haryana
122052,Gurgaon,Haryana
122055,Gurgaon,Haryana
122098,Gurgaon,Haryana
122100,Gurgaon,Haryana
122101,Gurgaon,Haryana
122102,Gurgaon,Haryana
122103,Gurgaon,Haryana
122104,Nuh,Haryana
122105,Nuh,Haryana
122107,Nuh,Haryana
122108,Nuh,Haryana
122203,Gurgaon,Haryana
122204,Gurgaon,Haryana
122206,Gurgaon,Haryana
122207,Gurgaon,Haryana
122208,Gurgaon,Haryana
122209,Gurgaon,Haryana
122210,Gurgaon,Haryana
122211,Gurgaon,Haryana
122213,Gurgaon,Haryana
122214,Gurgaon,Haryana
122215,Gurgaon,Haryana
122216,Gurgaon,Haryana
122217,Gurgaon,Haryana
122218,Gurgaon,Haryana
122219,Gurgaon,Haryana
122220,Gurgaon,Haryana
122224,Gurgaon,Haryana
122225,Gurgaon,Haryana
122227,Gurgaon,Haryana
122230,Gurgaon,Haryana
122231,Gurgaon,Haryana
122232,Gurgaon,Haryana
122233,Gurgaon,Haryana
122413,Gurgaon,Haryana
122414,Pataudi,Haryana
122502,Rewari,Haryana
122503,Pataudi,Haryana
122504,Pataudi,Haryana
122505,Gurgaon,Haryana
122506,Pataudi,Haryana
122508,Hodal,Haryana
123001,Narnaul,Haryana
123003,Gurgaon,Haryana
123021,Narnaul,Haryana
123023,Narnaul,Haryana
123024,Loharu,Haryana
123027,Rewari,Haryana
123028,Narnaul,Haryana
123029,Rewari,Haryana
123031,Mahendragarh-HR,Haryana
123034,Rewari,Haryana
123035,Pataudi,Haryana
123101,Rewari,Haryana
123102,Rewari,Haryana
123103,Rewari,Haryana
123106,Dharuhera,Haryana
123110,Pataudi,Haryana
123301,Rewari,Haryana
123302,Rewari,Haryana
123303,Rewari,Haryana
123401,Rewari,Haryana
123411,Rewari,Haryana
123412,Rewari,Haryana
123501,Rewari,Haryana
123505,Gurgaon,Haryana
124001,Rohtak,Haryana
124010,Rohtak,Haryana
124021,Rohtak,Haryana
124022,Rohtak,Haryana
124101,Jhajjar,Haryana
124102,Jhajjar,Haryana
124103,Jhajjar,Haryana
124104,Jhajjar,Haryana
124105,Jhajjar,Haryana
124106,Charkhi Dadri,Haryana
124107,Jhajjar,Haryana
124108,Jhajjar,Haryana
124109,Jhajjar,Haryana
124111,Meham,Haryana
124112,Meham,Haryana
124113,Rohtak,Haryana
124127,Meham,Haryana
124141,Charkhi Dadri,Haryana
124142,Charkhi Dadri,Haryana
124146,Rewari,Haryana
124201,Jhajjar,Haryana
124202,Jhajjar,Haryana
124303,Rohtak,Haryana
124401,Rohtak,Haryana
124404,Bahadurgarh,Haryana
124406,Rohtak,Haryana
124411,Rohtak,Haryana
124412,Rohtak,Haryana
124501,Bahadurgarh,Haryana
124504,Jhajjar,Haryana
124505,Bahadurgarh,Haryana
124506,Bahadurgarh,Haryana
124507,Bahadurgarh,Haryana
124508,Bahadurgarh,Haryana
124513,Meham,Haryana
124514,Rohtak,Haryana
125001,Hisar,Haryana
125002,Hisar,Haryana
125003,Hisar,Haryana
125004,Hisar,Haryana
125005,Hisar,Haryana
125006,Hisar,Haryana
125007,Hisar,Haryana
125011,Hisar,Haryana
125021,Bhiwani,Haryana
125033,Hansi,Haryana
125037,Hisar,Haryana
125038,Jind,Haryana
125039,Jind,Haryana
125042,Meham,Haryana
125044,Hisar,Haryana
125047,Agroha,Haryana
125048,Fatehabad,Haryana
125049,Hansi,Haryana
125050,Fatehabad,Haryana
125051,Fatehabad,Haryana
125052,Agroha,Haryana
125053,Fatehabad,Haryana
125054,Sirsa,Haryana
125055,Sirsa,Haryana
125056,Sirsa,Haryana
125058,Fatehabad,Haryana
125060,Sirsa,Haryana
125075,Ellenabad,Haryana
125076,Sirsa,Haryana
125077,Odhan,Haryana
125078,Odhan,Haryana
125101,Sangaria,Haryana
125102,Ellenabad,Haryana
125103,Odhan,Haryana
125104,Mandi Dabwali,Haryana
125106,Ratia,Haryana
125110,Sirsa,Haryana
125111,Fatehabad,Haryana
125112,Fatehabad,Haryana
125113,Barwala,Haryana
125120,Fatehabad,Haryana
125121,Barwala,Haryana
125133,Ratia,Haryana
125201,Odhan,Haryana
126101,Julana,Haryana
126102,Jind,Haryana
126110,Jind,Haryana
126111,Assandh,Haryana
126112,Safidon,Haryana
126113,Jind,Haryana
126114,Jind,Haryana
126115,Jind,Haryana
126116,Narwana,Haryana
126125,Jind,Haryana
126152,Barwala,Haryana
127021,Bhiwani,Haryana
127022,Charkhi Dadri,Haryana
127025,Bhiwani,Haryana
127026,Charkhi Dadri,Haryana
127027,Bhiwani,Haryana
127028,Loharu,Haryana
127029,Loharu,Haryana
127030,Loharu,Haryana
127031,Bhiwani,Haryana
127032,Bhiwani,Haryana
127035,Hansi,Haryana
127040,Siwani,Haryana
127041,Rohtak,Haryana
127042,Charkhi Dadri,Haryana
127043,Siwani,Haryana
127045,Hisar,Haryana
127046,Siwani,Haryana
127111,Bhiwani,Haryana
127114,Bhiwani,Haryana
127201,Loharu,Haryana
127306,Charkhi Dadri,Haryana
127307,Charkhi Dadri,Haryana
127308,Loharu,Haryana
127309,Bhiwani,Haryana
127310,Charkhi Dadri,Haryana
127311,Bhiwani,Haryana
127312,Charkhi Dadri,Haryana
131001,Sonipat,Haryana
131021,Sonipat,Haryana
131022,Sonipat,Haryana
131023,Sonipat,Haryana
131024,Sonipat,Haryana
131027,Sonipat,Haryana
131028,Sonipat,Haryana
131029,Sonipat,Haryana
131030,Sonipat,Haryana
131039,Sonipat,Haryana
131101,Sonipat,Haryana
131102,Panipat,Haryana
131103,Sonipat,Haryana
131301,Gohana,Haryana
131302,Gohana,Haryana
131304,Gohana,Haryana
131305,Gohana,Haryana
131306,Gohana,Haryana
131402,Sonipat,Haryana
131403,Sonipat,Haryana
131408,Sonipat,Haryana
131409,Sonipat,Haryana
132001,Karnal,Haryana
132022,Karnal,Haryana
132023,Karnal,Haryana
132024,Karnal,Haryana
132026,Kaithal,Haryana
132036,Karnal,Haryana
132037,Karnal,Haryana
132039,Assandh,Haryana
132040,Karnal,Haryana
132041,Karnal,Haryana
132046,Assandh,Haryana
132054,Karnal,Haryana
132101,Panipat,Haryana
132102,Panipat,Haryana
132103,Panipat,Haryana
132104,Panipat,Haryana
132105,Panipat,Haryana
132106,Panipat,Haryana
132107,Safidon,Haryana
132108,Panipat,Haryana
132110,Panipat,Haryana
132113,Safidon,Haryana
132114,Karnal,Haryana
132115,Panipat,Haryana
132116,Karnal,Haryana
132117,Karnal,Haryana
132118,Kurukshetra,Haryana
132122,Panipat,Haryana
132123,Karnal,Haryana
132140,Panipat,Haryana
132145,Panipat,Haryana
132151,Panipat,Haryana
132157,Kurukshetra,Haryana
133001,Ambala,Haryana
133002,Ambala,Haryana
133004,Ambala,Haryana
133005,Ambala,Haryana
133006,Ambala,Haryana
133007,Ambala,Haryana
133008,Ambala,Haryana
133010,Ambala,Haryana
133021,Ambala,Haryana
133101,Ambala,Haryana
133102,Ambala,Haryana
133103,Yamuna Nagar,Haryana
133104,Ambala,Haryana
133201,Ambala,Haryana
133202,Yamuna Nagar,Haryana
133203,Ambala,Haryana
133204,Yamuna Nagar,Haryana
133205,Ambala,Haryana
133206,Yamuna Nagar,Haryana
133207,Ambala,Haryana
133301,Pinjore,Haryana
133302,Pinjore,Haryana
134002,Ambala,Haryana
134003,Ambala,Haryana
134005,Ambala,Haryana
134007,Ambala,Haryana
134008,Ambala,Haryana
134011,Ambala,Haryana
134101,Chandigarh,Haryana
134102,Pinjore,Haryana
134103,Chandigarh,Haryana
134104,Pinjore,Haryana
134105,Parwanoo,Haryana
134107,Chandigarh,Haryana
134108,Chandigarh,Haryana
134109,Chandigarh,Haryana
134110,Chandigarh,Haryana
134111,Chandigarh,Haryana
134112,Chandigarh,Haryana
134113,Chandigarh,Haryana
134114,Chandigarh,Haryana
134115,Chandigarh,Haryana
134116,Chandigarh,Haryana
134117,Chandigarh,Haryana
134118,Chandigarh,Haryana
134119,Chandigarh,Haryana
134151,Chandigarh,Haryana
134152,Chandigarh,Haryana
134201,Naraingarh,Haryana
134202,Naraingarh,Haryana
134203,Naraingarh,Haryana
134204,Chandigarh,Haryana
134205,Naraingarh,Haryana
135001,Yamuna Nagar,Haryana
135002,Yamuna Nagar,Haryana
135003,Yamuna Nagar,Haryana
135004,Yamuna Nagar,Haryana
135021,Yamuna Nagar,Haryana
135101,Yamuna Nagar,Haryana
135102,Yamuna Nagar,Haryana
135103,Yamuna Nagar,Haryana
135106,Yamuna Nagar,Haryana
135133,Yamuna Nagar,Haryana
136020,Kaithal,Haryana
136021,Kaithal,Haryana
136026,Kaithal,Haryana
136027,Kaithal,Haryana
136030,Kaithal,Haryana
136033,Kaithal,Haryana
136034,Kaithal,Haryana
136035,Guhla,Haryana
136038,Kurukshetra,Haryana
136042,Kaithal,Haryana
136043,Kaithal,Haryana
136044,Assandh,Haryana
136117,Kaithal,Haryana
136118,Kurukshetra,Haryana
136119,Kurukshetra,Haryana
136128,Pehowa,Haryana
136129,Pehowa,Haryana
136131,Kurukshetra,Haryana
136132,Kurukshetra,Haryana
136134,Ambala,Haryana
136135,Kurukshetra,Haryana
136156,Kurukshetra,Haryana
140001,Rupnagar,Punjab
140101,Chandigarh,Punjab
140102,Rupnagar,Punjab
140103,Chandigarh,Punjab
140105,Zirakpur,Punjab
140108,Rupnagar,Punjab
140109,Chandigarh,Punjab
140110,Chandigarh,Punjab
140111,Rupnagar,Punjab
140112,Rupnagar,Punjab
140113,Rupnagar,Punjab
140114,Anandpur Sahib,Punjab
140115,Anandpur Sahib,Punjab
140116,Anandpur Sahib,Punjab
140117,Anandpur Sahib,Punjab
140118,Anandpur Sahib,Punjab
140119,Rupnagar,Punjab
140123,Anandpur Sahib,Punjab
140124,Anandpur Sahib,Punjab
140125,Anandpur Sahib,Punjab
140126,Anandpur Sahib,Punjab
140127,Anandpur Sahib,Punjab
140128,Anandpur Sahib,Punjab
140133,Anandpur Sahib,Punjab
140201,Zirakpur,Punjab
140203,Zirakpur,Punjab
140301,Chandigarh,Punjab
140306,Chandigarh,Punjab
140307,Chandigarh,Punjab
140308,Chandigarh,Punjab
140401,Rajpura,Punjab
140402,Rajpura,Punjab
140405,Sirhind-Fategarh,Punjab
140406,Sirhind-Fategarh,Punjab
140407,Sirhind-Fategarh,Punjab
140408,Sirhind-Fategarh,Punjab
140412,Sirhind-Fategarh,Punjab
140413,Chandigarh,Punjab
140417,Rajpura,Punjab
140501,Zirakpur,Punjab
140506,Zirakpur,Punjab
140507,Zirakpur,Punjab
140601,Rajpura,Punjab
140602,Rajpura,Punjab
140603,Zirakpur,Punjab
140604,Zirakpur,Punjab
140701,Rajpura,Punjab
140702,Rajpura,Punjab
140802,Sirhind-Fategarh,Punjab
140901,Chandigarh,Punjab
141001,Ludhiana,Punjab
141002,Ludhiana,Punjab
141003,Ludhiana,Punjab
141004,Ludhiana,Punjab
141005,Ludhiana,Punjab
141006,Ludhiana,Punjab
141007,Ludhiana,Punjab
141008,Ludhiana,Punjab
141009,Ludhiana,Punjab
141010,Ludhiana,Punjab
141011,Ludhiana,Punjab
141012,Ludhiana,Punjab
141013,Ludhiana,Punjab
141014,Ludhiana,Punjab
141015,Ludhiana,Punjab
141016,Ludhiana,Punjab
141017,Ludhiana,Punjab
141020,Ludhiana,Punjab
141021,Ludhiana,Punjab
141027,Ludhiana,Punjab
141033,Ludhiana,Punjab
141101,Jagraon,Punjab
141102,Ludhiana,Punjab
141103,Ludhiana,Punjab
141104,Raikot,Punjab
141105,Raikot,Punjab
141106,Raikot,Punjab
141107,Raikot,Punjab
141108,Raikot,Punjab
141109,Raikot,Punjab
141110,Ludhiana,Punjab
141111,Khanna,Punjab
141112,Ludhiana,Punjab
141113,Ludhiana,Punjab
141114,Khanna,Punjab
141115,Machhiwara,Punjab
141116,Ludhiana,Punjab
141117,Malerkotla,Punjab
141118,Ludhiana,Punjab
141119,Malerkotla,Punjab
141120,Ludhiana,Punjab
141121,Machhiwara,Punjab
141122,Ludhiana,Punjab
141123,Ludhiana,Punjab
141124,Ludhiana,Punjab
141125,Machhiwara,Punjab
141126,Ludhiana,Punjab
141127,Ludhiana,Punjab
141201,Ludhiana,Punjab
141202,Raikot,Punjab
141203,Ludhiana,Punjab
141204,Malerkotla,Punjab
141205,Raikot,Punjab
141206,Ludhiana,Punjab
141301,Khanna,Punjab
141305,Jalandhar,Punjab
141307,Jalandhar,Punjab
141308,Jalandhar,Punjab
141309,Phagwara,Punjab
141315,Jalandhar,Punjab
141401,Khanna,Punjab
141402,Khanna,Punjab
141411,Mandi Gobindgarh,Punjab
141412,Khanna,Punjab
141413,Khanna,Punjab
141414,Khanna,Punjab
141415,Khanna,Punjab
141416,Khanna,Punjab
141417,Khanna,Punjab
141418,Ludhiana,Punjab
141419,Rarasahib,Punjab
141421,Ludhiana,Punjab
141422,Raikot,Punjab
141801,Mandi Gobindgarh,Punjab
142001,Moga,Punjab
142002,Moga,Punjab
142003,Moga,Punjab
142011,Moga,Punjab
142021,Ludhiana,Punjab
142022,Ludhiana,Punjab
142023,Jagraon,Punjab
142024,Jagraon,Punjab
142025,Jagraon,Punjab
142026,Jagraon,Punjab
142027,Ludhiana,Punjab
142028,Moga,Punjab
142029,Ludhiana,Punjab
142030,Jagraon,Punjab
142031,Jagraon,Punjab
142032,Raikot,Punjab
142033,Jagraon,Punjab
142034,Raikot,Punjab
142035,Jagraon,Punjab
142036,Jagraon,Punjab
142037,Moga,Punjab
142038,Moga,Punjab
142039,Bhadaur,Punjab
142040,Moga,Punjab
142041,Moga,Punjab
142042,Moga,Punjab
142043,Moga,Punjab
142044,Zira,Punjab
142045,Bagha purana,Punjab
142046,Bagha purana,Punjab
142047,Zira,Punjab
142048,Moga,Punjab
142049,Kotkapura,Punjab
142050,Faridkot,Punjab
142052,Firozpur,Punjab
142053,Moga,Punjab
142054,Moga,Punjab
142055,Bhadaur,Punjab
142056,Moga,Punjab
142057,Bagha purana,Punjab
142058,Dharamkot,Punjab
142060,Faridkot,Punjab
143001,Amritsar,Punjab
143002,Amritsar,Punjab
143003,Amritsar,Punjab
143004,Amritsar,Punjab
143005,Amritsar,Punjab
143006,Amritsar,Punjab
143007,Amritsar,Punjab
143008,Amritsar,Punjab
143009,Amritsar,Punjab
143010,Amritsar,Punjab
143021,Amritsar,Punjab
143022,Amritsar,Punjab
143026,Amritsar,Punjab
143066,Amritsar,Punjab
143093,Amritsar,Punjab
143101,Amritsar,Punjab
143102,Amritsar,Punjab
143103,Ajnala,Punjab
143104,Amritsar,Punjab
143105,Amritsar,Punjab
143106,Amritsar,Punjab
143107,Amritsar,Punjab
143108,Amritsar,Punjab
143109,Ajnala,Punjab
143111,Beas,Punjab
143112,Beas,Punjab
143113,Amritsar,Punjab
143114,Beas,Punjab
143115,Tarn Taran Sahib,Punjab
143116,Tarsikka,Punjab
143117,Goindwal,Punjab
143118,Goindwal,Punjab
143119,Batala,Punjab
143149,Tarsikka,Punjab
143201,Kapurthala,Punjab
143202,Beas,Punjab
143203,Beas,Punjab
143204,Kapurthala,Punjab
143205,Beas,Punjab
143301,Tarn Taran Sahib,Punjab
143302,Tarn Taran Sahib,Punjab
143303,Patti,Punjab
143304,Patti,Punjab
143305,Patti,Punjab
143401,Tarn Taran Sahib,Punjab
143402,Tarn Taran Sahib,Punjab
143406,Tarn Taran Sahib,Punjab
143407,Goindwal,Punjab
143408,Goindwal,Punjab
143409,Patti,Punjab
143410,Patti,Punjab
143411,Goindwal,Punjab
143412,Patti,Punjab
143413,Tarn Taran Sahib,Punjab
143414,Amritsar,Punjab
143415,Patti,Punjab
143416,Patti,Punjab
143417,Patti,Punjab
143419,Patti,Punjab
143422,Tarn Taran Sahib,Punjab
143423,Tarn Taran Sahib,Punjab
143501,Amritsar,Punjab
143502,Amritsar,Punjab
143503,Batala,Punjab
143504,Amritsar,Punjab
143505,Batala,Punjab
143506,Batala,Punjab
143507,Batala,Punjab
143508,Batala,Punjab
143511,Batala,Punjab
143512,Gurdaspur,Punjab
143513,Batala,Punjab
143514,Sri Hargobindpur,Punjab
143515,Sri Hargobindpur,Punjab
143516,Batala,Punjab
143517,Sri Hargobindpur,Punjab
143518,Batala,Punjab
143519,Gurdaspur,Punjab
143520,Gurdaspur,Punjab
143521,Gurdaspur,Punjab
143525,Gurdaspur,Punjab
143526,Gurdaspur,Punjab
143527,Sri Hargobindpur,Punjab
143528,Gurdaspur,Punjab
143529,Gurdaspur,Punjab
143530,Gurdaspur,Punjab
143531,Gurdaspur,Punjab
143532,Gurdaspur,Punjab
143533,Gurdaspur,Punjab
143534,Gurdaspur,Punjab
143535,Pathankot,Punjab
143536,Pathankot,Punjab
143537,Gurdaspur,Punjab
143538,Pathankot,Punjab
143601,Amritsar,Punjab
143602,Ajnala,Punjab
143603,Ajnala,Punjab
143604,Ajnala,Punjab
143605,Batala,Punjab
143606,Amritsar,Punjab
144000,Jalandhar,Punjab
144001,Jalandhar,Punjab
144002,Jalandhar,Punjab
144003,Jalandhar,Punjab
144004,Jalandhar,Punjab
144005,Jalandhar,Punjab
144006,Jalandhar,Punjab
144007,Jalandhar,Punjab
144008,Jalandhar,Punjab
144009,Jalandhar,Punjab
144010,Jalandhar,Punjab
144011,Jalandhar,Punjab
144012,Jalandhar,Punjab
144013,Jalandhar,Punjab
144014,Jalandhar,Punjab
144020,Jalandhar,Punjab
144021,Jalandhar,Punjab
144022,Jalandhar,Punjab
144023,Jalandhar,Punjab
144024,Jalandhar,Punjab
144025,Jalandhar,Punjab
144026,Jalandhar,Punjab
144027,Jalandhar,Punjab
144028,Jalandhar,Punjab
144029,Nawanshahr,Punjab
144030,Hoshiarpur,Punjab
144031,Phagwara,Punjab
144032,Jalandhar,Punjab
144033,Phagwara,Punjab
144034,Phagwara,Punjab
144035,Nakodar,Punjab
144036,Nakodar,Punjab
144037,Nakodar,Punjab
144039,Nakodar,Punjab
144040,Nakodar,Punjab
144041,Nakodar,Punjab
144042,Nakodar,Punjab
144043,Nakodar,Punjab
144044,Nakodar,Punjab
144101,Jalandhar,Punjab
144102,Hoshiarpur,Punjab
144103,Hoshiarpur,Punjab
144104,Jalandhar,Punjab
144105,Hoshiarpur,Punjab
144106,Hoshiarpur,Punjab
144201,Jalandhar,Punjab
144202,Dasuya,Punjab
144204,Dasuya,Punjab
144205,Dasuya,Punjab
144206,Hoshiarpur,Punjab
144207,Dasuya,Punjab
144208,Hoshiarpur,Punjab
144209,Hoshiarpur,Punjab
144210,Hoshiarpur,Punjab
144211,Mukerian,Punjab
144212,Dasuya,Punjab
144213,Dasuya,Punjab
144214,Mukerian,Punjab
144216,Mukerian,Punjab
144221,Mukerian,Punjab
144222,Dasuya,Punjab
144223,Dasuya,Punjab
144224,Dasuya,Punjab
144301,Jalandhar,Punjab
144302,Jalandhar,Punjab
144303,Jalandhar,Punjab
144305,Dasuya,Punjab
144306,Mukerian,Punjab
144311,Phagwara,Punjab
144401,Phagwara,Punjab
144402,Phagwara,Punjab
144403,Phagwara,Punjab
144404,Phagwara,Punjab
144405,Phagwara,Punjab
144406,Garhshanker,Punjab
144407,Phagwara,Punjab
144408,Phagwara,Punjab
144409,Phagwara,Punjab
144410,Phagwara,Punjab
144411,Phagwara,Punjab
144415,Phillaur,Punjab
144416,Nawanshahr,Punjab
144417,Nawanshahr,Punjab
144418,Phagwara,Punjab
144419,Nawanshahr,Punjab
144421,Nawanshahr,Punjab
144422,Nawanshahr,Punjab
144501,Phagwara,Punjab
144502,Phagwara,Punjab
144503,Garhshanker,Punjab
144504,Phagwara,Punjab
144505,Nawanshahr,Punjab
144506,Nawanshahr,Punjab
144507,Nawanshahr,Punjab
144508,Nawanshahr,Punjab
144509,Nawanshahr,Punjab
144510,Nawanshahr,Punjab
144511,Nawanshahr,Punjab
144512,Nawanshahr,Punjab
144513,Nawanshahr,Punjab
144514,Nawanshahr,Punjab
144515,Nawanshahr,Punjab
144516,Nawanshahr,Punjab
144517,Nawanshahr,Punjab
144518,Nawanshahr,Punjab
144519,Garhshanker,Punjab
144520,Garhshanker,Punjab
144521,Nawanshahr,Punjab
144522,Rupnagar,Punjab
144523,Garhshanker,Punjab
144524,Garhshanker,Punjab
144525,Garhshanker,Punjab
144526,Nawanshahr,Punjab
144527,Garhshanker,Punjab
144528,Nawanshahr,Punjab
144529,Garhshanker,Punjab
144530,Garhshanker,Punjab
144531,Garhshanker,Punjab
144532,Garhshanker,Punjab
144533,Rupnagar,Punjab
144601,Kapurthala,Punjab
144602,Kapurthala,Punjab
144603,Jalandhar,Punjab
144606,Sultanpur Lodhi,Punjab
144620,Kapurthala,Punjab
144621,Begowal,Punjab
144622,Begowal,Punjab
144623,Kapurthala,Punjab
144624,Begowal,Punjab
144625,Kapurthala,Punjab
144626,Sultanpur Lodhi,Punjab
144628,Sultanpur Lodhi,Punjab
144629,Sultanpur Lodhi,Punjab
144630,Nakodar,Punjab
144631,Begowal,Punjab
144632,Phagwara,Punjab
144633,Phagwara,Punjab
144701,Nakodar,Punjab
144702,Nakodar,Punjab
144703,Dharamkot,Punjab
144801,Kapurthala,Punjab
144802,Kapurthala,Punjab
144803,Kapurthala,Punjab
144804,Kapurthala,Punjab
144805,Jalandhar,Punjab
144806,Kapurthala,Punjab
144819,Begowal,Punjab
145001,Pathankot,Punjab
145002,Pathankot,Punjab
145003,Pathankot,Punjab
145022,Pathankot,Punjab
145023,Pathankot,Punjab
145024,Pathankot,Punjab
145025,Pathankot,Punjab
145026,Dinanagar,Punjab
145027,Dinanagar,Punjab
145029,Pathankot,Punjab
145101,Pathankot,Punjab
145105,Hoshiarpur,Punjab
146001,Hoshiarpur,Punjab
146002,Hoshiarpur,Punjab
146006,Hoshiarpur,Punjab
146021,Hoshiarpur,Punjab
146022,Hoshiarpur,Punjab
146023,Hoshiarpur,Punjab
146024,Hoshiarpur,Punjab
146101,Hoshiarpur,Punjab
146102,Hoshiarpur,Punjab
146103,Hoshiarpur,Punjab
146104,Hoshiarpur,Punjab
146105,Hoshiarpur,Punjab
146106,Garhshanker,Punjab
146107,Garhshanker,Punjab
146108,Garhshanker,Punjab
146109,Garhshanker,Punjab
146110,Hoshiarpur,Punjab
146111,Hoshiarpur,Punjab
146112,Hoshiarpur,Punjab
146113,Hoshiarpur,Punjab
146114,Hoshiarpur,Punjab
146115,Hoshiarpur,Punjab
146116,Hoshiarpur,Punjab
147001,Patiala,Punjab
147002,Patiala,Punjab
147003,Patiala,Punjab
147004,Patiala,Punjab
147005,Patiala,Punjab
147006,Patiala,Punjab
147007,Patiala,Punjab
147008,Patiala,Punjab
147021,Patiala,Punjab
147101,Samana,Punjab
147102,Patran,Punjab
147103,Patiala,Punjab
147104,Sirhind-Fategarh,Punjab
147105,Patran,Punjab
147111,Patiala,Punjab
147201,Nabha,Punjab
147202,Mandi Gobindgarh,Punjab
147203,Mandi Gobindgarh,Punjab
147301,Mandi Gobindgarh,Punjab
148000,Sangrur,Punjab
148001,Sangrur,Punjab
148002,Sunam,Punjab
148004,Sangrur,Punjab
148005,Sangrur,Punjab
148006,Sangrur,Punjab
148007,Sangrur,Punjab
148008,Sangrur,Punjab
148017,Dhuri,Punjab
148018,Nabha,Punjab
148019,Malerkotla,Punjab
148020,Malerkotla,Punjab
148021,Malerkotla,Punjab
148022,Malerkotla,Punjab
148023,Malerkotla,Punjab
148024,Dhuri,Punjab
148025,Dhuri,Punjab
148026,Sangrur,Punjab
148027,Patran,Punjab
148028,Sunam,Punjab
148029,Sunam,Punjab
148030,Sunam,Punjab
148031,Sunam,Punjab
148033,Patran,Punjab
148034,Dhuri,Punjab
148035,Patran,Punjab
148038,Sangrur,Punjab
148047,Sangrur,Punjab
148048,Sangrur,Punjab
148100,Bhadaur,Punjab
148101,Barnala,Punjab
148102,Bhadaur,Punjab
148103,Barnala,Punjab
148104,Raikot,Punjab
148105,Barnala,Punjab
148106,Sangrur,Punjab
148107,Barnala,Punjab
148108,Rampura Phul,Punjab
148109,Barnala,Punjab
151001,Bathinda,Punjab
151002,Bathinda,Punjab
151003,Bathinda,Punjab
151004,Bathinda,Punjab
151005,Bathinda,Punjab
151006,Bathinda,Punjab
151007,Bathinda,Punjab
151101,Bathinda,Punjab
151102,Bathinda,Punjab
151103,Rampura Phul,Punjab
151104,Rampura Phul,Punjab
151105,Rampura Phul,Punjab
151106,Rampura Phul,Punjab
151108,Bhadaur,Punjab
151111,Rampura Phul,Punjab
151201,Bathinda,Punjab
151202,Kotkapura,Punjab
151203,Faridkot,Punjab
151204,Kotkapura,Punjab
151205,Kotkapura,Punjab
151206,Bhadaur,Punjab
151207,Kotkapura,Punjab
151208,Kotkapura,Punjab
151209,Faridkot,Punjab
151210,Malout,Punjab
151211,Mandi Dabwali,Punjab
151212,Faridkot,Punjab
151213,Faridkot,Punjab
151214,Faridkot,Punjab
151301,Talwandi Sabo,Punjab
151302,Talwandi Sabo,Punjab
151401,Talwandi Sabo,Punjab
151501,Jhunir,Punjab
151502,Mansa,Punjab
151503,Jhunir,Punjab
151504,Jhunir,Punjab
151505,Mansa,Punjab
151506,Jhunir,Punjab
151507,Ratia,Punjab
151508,Mansa,Punjab
151509,Talwandi Sabo,Punjab
151510,Rampura Phul,Punjab
152001,Firozpur,Punjab
152002,Firozpur,Punjab
152003,Firozpur,Punjab
152004,Firozpur,Punjab
152005,Firozpur,Punjab
152020,Fazilka,Punjab
152021,Zira,Punjab
152022,Jalalabad,Punjab
152023,Firozpur,Punjab
152024,Jalalabad,Punjab
152025,Muktsar,Punjab
152026,Muktsar,Punjab
152028,Moga,Punjab
152031,Muktsar,Punjab
152032,Muktsar,Punjab
152033,Jalalabad,Punjab
152101,Giddarbaha,Punjab
152102,Giddarbaha,Punjab
152104,Muktsar,Punjab
152107,Malout,Punjab
152112,Malout,Punjab
152113,Malout,Punjab
152114,Malout,Punjab
152115,Malout,Punjab
152116,Abohar,Punjab
152117,Abohar,Punjab
152118,Abohar,Punjab
152120,Abohar,Punjab
152121,Fazilka,Punjab
152122,Abohar,Punjab
152123,Fazilka,Punjab
152124,Fazilka,Punjab
152125,Abohar,Punjab
152126,Abohar,Punjab
152127,Abohar,Punjab
152128,Abohar,Punjab
152129,Abohar,Punjab
152130,Abohar,Punjab
152131,Fazilka,Punjab
152132,Abohar,Punjab
160001,Chandigarh,Chandigarh (UT)
160002,Chandigarh,Chandigarh (UT)
160003,Chandigarh,Chandigarh (UT)
160004,Chandigarh,Chandigarh (UT)
160005,Chandigarh,Chandigarh (UT)
160006,Chandigarh,Chandigarh (UT)
160007,Chandigarh,Chandigarh (UT)
160008,Chandigarh,Chandigarh (UT)
160009,Chandigarh,Chandigarh (UT)
160010,Chandigarh,Chandigarh (UT)
160011,Chandigarh,Chandigarh (UT)
160012,Chandigarh,Chandigarh (UT)
160013,Chandigarh,Chandigarh (UT)
160014,Chandigarh,Chandigarh (UT)
160015,Chandigarh,Chandigarh (UT)
160016,Chandigarh,Chandigarh (UT)
160017,Chandigarh,Chandigarh (UT)
160018,Chandigarh,Chandigarh (UT)
160019,Chandigarh,Chandigarh (UT)
160020,Chandigarh,Chandigarh (UT)
160021,Chandigarh,Chandigarh (UT)
160022,Chandigarh,Chandigarh (UT)
160023,Chandigarh,Chandigarh (UT)
160024,Chandigarh,Chandigarh (UT)
160025,Chandigarh,Chandigarh (UT)
160026,Chandigarh,Chandigarh (UT)
160027,Chandigarh,Chandigarh (UT)
160028,Chandigarh,Chandigarh (UT)
160029,Chandigarh,Chandigarh (UT)
160030,Chandigarh,Chandigarh (UT)
160031,Chandigarh,Chandigarh (UT)
160032,Chandigarh,Chandigarh (UT)
160033,Chandigarh,Chandigarh (UT)
160034,Chandigarh,Chandigarh (UT)
160035,Chandigarh,Chandigarh (UT)
160036,Chandigarh,Chandigarh (UT)
160037,Chandigarh,Chandigarh (UT)
160038,Chandigarh,Chandigarh (UT)
160039,Chandigarh,Chandigarh (UT)
160040,Chandigarh,Chandigarh (UT)
160041,Chandigarh,Chandigarh (UT)
160042,Chandigarh,Chandigarh (UT)
160043,Chandigarh,Chandigarh (UT)
160044,Chandigarh,Chandigarh (UT)
160045,Chandigarh,Chandigarh (UT)
160046,Chandigarh,Chandigarh (UT)
160047,Chandigarh,Chandigarh (UT)
160048,Chandigarh,Chandigarh (UT)
160049,Chandigarh,Chandigarh (UT)
160050,Chandigarh,Chandigarh (UT)
160051,Chandigarh,Chandigarh (UT)
160052,Chandigarh,Chandigarh (UT)
160053,Chandigarh,Chandigarh (UT)
160054,Chandigarh,Chandigarh (UT)
160055,Chandigarh,Chandigarh (UT)
160056,Chandigarh,Chandigarh (UT)
160057,Chandigarh,Chandigarh (UT)
160058,Chandigarh,Chandigarh (UT)
160059,Chandigarh,Chandigarh (UT)
160060,Chandigarh,Chandigarh (UT)
160061,Chandigarh,Chandigarh (UT)
160062,Mohali,Chandigarh (UT)
160063,Chandigarh,Chandigarh (UT)
160064,Chandigarh,Chandigarh (UT)
160065,Chandigarh,Chandigarh (UT)
160066,Chandigarh,Chandigarh (UT)
160067,Chandigarh,Chandigarh (UT)
160068,Chandigarh,Chandigarh (UT)
160069,Chandigarh,Chandigarh (UT)
160070,Chandigarh,Chandigarh (UT)
160071,Chandigarh,Chandigarh (UT)
160073,Chandigarh,Chandigarh (UT)
160074,Chandigarh,Chandigarh (UT)
160079,Chandigarh,Chandigarh (UT)
160101,Chandigarh,Chandigarh (UT)
160102,Chandigarh,Chandigarh (UT)
160103,Chandigarh,Chandigarh (UT)
160104,Zirakpur,Chandigarh (UT)
160106,Chandigarh,Chandigarh (UT)
170001,Shimla,Himachal Pradesh
171001,Shimla,Himachal Pradesh
171002,Shimla,Himachal Pradesh
171003,Shimla,Himachal Pradesh
171004,Shimla,Himachal Pradesh
171005,Shimla,Himachal Pradesh
171006,Shimla,Himachal Pradesh
171007,Shimla,Himachal Pradesh
171008,Shimla,Himachal Pradesh
171009,Shimla,Himachal Pradesh
171010,Shimla,Himachal Pradesh
171011,Shimla,Himachal Pradesh
171012,Shimla,Himachal Pradesh
171014,Shimla,Himachal Pradesh
171018,Suni,Himachal Pradesh
171019,Shimla,Himachal Pradesh
171102,Darlaghat,Himachal Pradesh
171103,Shimla,Himachal Pradesh
171201,Theog,Himachal Pradesh
171202,Kotkhai,Himachal Pradesh
171204,Kotkhai,Himachal Pradesh
171205,Jubbal,Himachal Pradesh
171206,Jubbal,Himachal Pradesh
171207,Rohru,Himachal Pradesh
171208,Chirgaon-HP,Himachal Pradesh
171209,Theog,Himachal Pradesh
171210,Nerwa,Himachal Pradesh
171211,Nerwa,Himachal Pradesh
171212,Theog,Himachal Pradesh
171213,Kumarsain,Himachal Pradesh
171214,Chirgaon-HP,Himachal Pradesh
171215,Jubbal,Himachal Pradesh
171217,Haripurdhar,Himachal Pradesh
171218,Shimla,Himachal Pradesh
171219,Waknaghat,Himachal Pradesh
171220,Theog,Himachal Pradesh
171222,Theog,Himachal Pradesh
171223,Rohru,Himachal Pradesh
171225,Kotkhai,Himachal Pradesh
171301,Suni,Himachal Pradesh
171304,Karsog,Himachal Pradesh
172001,Rampur Bushahr,Himachal Pradesh
172021,Nankhari,Himachal Pradesh
172022,Rampur Bushahr,Himachal Pradesh
172023,Rampur Bushahr,Himachal Pradesh
172024,Kumarsain,Himachal Pradesh
172025,Anni,Himachal Pradesh
172026,Anni,Himachal Pradesh
172027,Kumarsain,Himachal Pradesh
172028,Nankhari,Himachal Pradesh
172029,Kumarsain,Himachal Pradesh
172030,Kumarsain,Himachal Pradesh
172031,Nankhari,Himachal Pradesh
172033,Anni,Himachal Pradesh
172034,Jeori,Himachal Pradesh
172101,Jeori,Himachal Pradesh
172102,Jeori,Himachal Pradesh
172103,Jeori,Himachal Pradesh
172104,Jeori,Himachal Pradesh
172105,Kinnaur,Himachal Pradesh
172106,Kinnaur,Himachal Pradesh
172107,Reckong Peo,Himachal Pradesh
172108,Reckong Peo,Himachal Pradesh
172115,Jeori,Himachal Pradesh
172116,Pooh,Himachal Pradesh
172201,Rampur Bushahr,Himachal Pradesh
173001,Kala Amb,Himachal Pradesh
173002,Shimla,Himachal Pradesh
173004,Paonta Sahib,Himachal Pradesh
173021,Paonta Sahib,Himachal Pradesh
173022,Nahan,Himachal Pradesh
173023,Haripurdhar,Himachal Pradesh
173025,Paonta Sahib,Himachal Pradesh
173026,Nahan,Himachal Pradesh
173030,Kala Amb,Himachal Pradesh
173101,Rajgarh-HP,Himachal Pradesh
173104,Haripurdhar,Himachal Pradesh
173201,Dharampur,Himachal Pradesh
173202,Dharampur,Himachal Pradesh
173204,Dharampur,Himachal Pradesh
173205,Baddi,Himachal Pradesh
173206,Solan,Himachal Pradesh
173207,Solan,Himachal Pradesh
173208,Darlaghat,Himachal Pradesh
173209,Dharampur,Himachal Pradesh
173210,Solan,Himachal Pradesh
173211,Solan,Himachal Pradesh
173212,Solan,Himachal Pradesh
173213,Solan,Himachal Pradesh
173214,Solan,Himachal Pradesh
173215,Waknaghat,Himachal Pradesh
173217,Shimla,Himachal Pradesh
173218,Kunihar,Himachal Pradesh
173220,Parwanoo,Himachal Pradesh
173221,Solan,Himachal Pradesh
173222,Solan,Himachal Pradesh
173223,Solan,Himachal Pradesh
173225,Kunihar,Himachal Pradesh
173229,Solan,Himachal Pradesh
173230,Solan,Himachal Pradesh
173234,Waknaghat,Himachal Pradesh
173235,Darlaghat,Himachal Pradesh
174001,Bilaspur-HP,Himachal Pradesh
174002,Naina Devi,Himachal Pradesh
174003,Ghumarwin,Himachal Pradesh
174004,Bilaspur-HP,Himachal Pradesh
174005,Bilaspur-HP,Himachal Pradesh
174011,Naina Devi,Himachal Pradesh
174012,Bilaspur-HP,Himachal Pradesh
174013,Bilaspur-HP,Himachal Pradesh
174017,KalolHP,Himachal Pradesh
174021,Ghumarwin,Himachal Pradesh
174023,Ghumarwin,Himachal Pradesh
174024,Ghumarwin,Himachal Pradesh
174026,Ghumarwin,Himachal Pradesh
174027,Ghumarwin,Himachal Pradesh
174028,Jahu,Himachal Pradesh
174029,Ghumarwin,Himachal Pradesh
174030,Dulchehra,Himachal Pradesh
174031,Ghumarwin,Himachal Pradesh
174032,Jukhala,Himachal Pradesh
174033,Jukhala,Himachal Pradesh
174034,Ghumarwin,Himachal Pradesh
174035,KalolHP,Himachal Pradesh
174036,Bilaspur-HP,Himachal Pradesh
174101,Nalagarh,Himachal Pradesh
174102,Kunihar,Himachal Pradesh
174103,Baddi,Himachal Pradesh
174201,Tahliwal,Himachal Pradesh
174301,Tahliwal,Himachal Pradesh
174302,Una-HP,Himachal Pradesh
174303,Una-HP,Himachal Pradesh
174304,Bangana,Himachal Pradesh
174305,Bangana,Himachal Pradesh
174306,Una-HP,Himachal Pradesh
174307,Bangana,Himachal Pradesh
174308,Bangana,Himachal Pradesh
174309,Bangana,Himachal Pradesh
174310,Naina Devi,Himachal Pradesh
174311,Bhota,Himachal Pradesh
174312,Bangana,Himachal Pradesh
174314,Amb,Himachal Pradesh
174315,Una-HP,Himachal Pradesh
174316,Amb,Himachal Pradesh
174317,Una-HP,Himachal Pradesh
174320,Bangana,Himachal Pradesh
174321,Bangana,Himachal Pradesh
174405,Bhota,Himachal Pradesh
174503,Una-HP,Himachal Pradesh
174505,Bhota,Himachal Pradesh
174507,Una-HP,Himachal Pradesh
175001,Mandi,Himachal Pradesh
175002,Sundar Nagar,Himachal Pradesh
175003,Mandi,Himachal Pradesh
175004,Jahu,Himachal Pradesh
175005,Mandi,Himachal Pradesh
175006,Mandi,Himachal Pradesh
175007,Jahu,Himachal Pradesh
175008,Mandi,Himachal Pradesh
175010,Karsog,Himachal Pradesh
175011,Karsog,Himachal Pradesh
175012,Joginder Nagar,Himachal Pradesh
175013,Joginder Nagar,Himachal Pradesh
175014,Joginder Nagar,Himachal Pradesh
175015,Joginder Nagar,Himachal Pradesh
175016,Joginder Nagar,Himachal Pradesh
175017,Sundar Nagar,Himachal Pradesh
175018,Sundar Nagar,Himachal Pradesh
175019,Sundar Nagar,Himachal Pradesh
175021,Mandi,Himachal Pradesh
175022,Mandi,Himachal Pradesh
175023,Jahu,Himachal Pradesh
175024,Sarkaghat,Himachal Pradesh
175025,Sarkaghat,Himachal Pradesh
175026,Sarkaghat,Himachal Pradesh
175027,Sundar Nagar,Himachal Pradesh
175028,Chachyot,Himachal Pradesh
175029,Chachyot,Himachal Pradesh
175030,Bilaspur-HP,Himachal Pradesh
175031,Nihri,Himachal Pradesh
175032,Joginder Nagar,Himachal Pradesh
175033,Jahu,Himachal Pradesh
175034,Ghumarwin,Himachal Pradesh
175035,Thunag,Himachal Pradesh
175036,Mandi,Himachal Pradesh
175037,Sarkaghat,Himachal Pradesh
175038,Nihri,Himachal Pradesh
175040,Sarkaghat,Himachal Pradesh
175042,Sarkaghat,Himachal Pradesh
175046,Karsog,Himachal Pradesh
175047,Thunag,Himachal Pradesh
175048,Thunag,Himachal Pradesh
175050,Sarkaghat,Himachal Pradesh
175051,Sarkaghat,Himachal Pradesh
175052,Mandi,Himachal Pradesh
175101,Kullu,Himachal Pradesh
175102,Kullu,Himachal Pradesh
175103,Manali,Himachal Pradesh
175104,Patlikuhal,Himachal Pradesh
175105,Jari,Himachal Pradesh
175106,Banjar,Himachal Pradesh
175121,Kullu,Himachal Pradesh
175123,Banjar,Himachal Pradesh
175124,Mandi,Himachal Pradesh
175125,Kullu,Himachal Pradesh
175126,Kullu,Himachal Pradesh
175128,Patlikuhal,Himachal Pradesh
175129,Patlikuhal,Himachal Pradesh
175130,Patlikuhal,Himachal Pradesh
175131,Manali,Himachal Pradesh
175132,Keylong,Himachal Pradesh
175133,Keylong,Himachal Pradesh
175134,Nagwain,Himachal Pradesh
175136,Manali,Himachal Pradesh
175138,Kullu,Himachal Pradesh
175143,Patlikuhal,Himachal Pradesh
176001,Kangra,Himachal Pradesh
176002,Kangra,Himachal Pradesh
176021,Jawali,Himachal Pradesh
176022,Jassur,Himachal Pradesh
176023,Jawali,Himachal Pradesh
176025,Jawali,Himachal Pradesh
176026,Nagrota Surian,Himachal Pradesh
176027,Nagrota Surian,Himachal Pradesh
176028,Nagrota Surian,Himachal Pradesh
176029,Dehra Gopipur,Himachal Pradesh
176030,Khundian,Himachal Pradesh
176031,Nadaun,Himachal Pradesh
176032,Nadaun,Himachal Pradesh
176033,Nagrota Surian,Himachal Pradesh
176036,Nadaun,Himachal Pradesh
176037,Kangra,Himachal Pradesh
176038,Kangra,Himachal Pradesh
176039,Dulchehra,Himachal Pradesh
176040,Bhota,Himachal Pradesh
176041,Bhota,Himachal Pradesh
176042,Bhota,Himachal Pradesh
176043,Jahu,Himachal Pradesh
176044,Jahu,Himachal Pradesh
176045,Jahu,Himachal Pradesh
176047,Kangra,Himachal Pradesh
176048,Jahu,Himachal Pradesh
176049,Bhota,Himachal Pradesh
176051,Jassur,Himachal Pradesh
176052,Dharamshala,Himachal Pradesh
176053,Jawali,Himachal Pradesh
176054,Kangra,Himachal Pradesh
176055,Khundian,Himachal Pradesh
176056,Kangra,Himachal Pradesh
176057,Dharamshala,Himachal Pradesh
176058,Surajpur jhikla,Himachal Pradesh
176059,Palampur,Himachal Pradesh
176060,Kangra,Himachal Pradesh
176061,Palampur,Himachal Pradesh
176062,Palampur,Himachal Pradesh
176063,Baijnath,Himachal Pradesh
176064,Palampur,Himachal Pradesh
176065,Palampur,Himachal Pradesh
176066,Khundian,Himachal Pradesh
176071,Kachhera,Himachal Pradesh
176073,Sujanpur,Himachal Pradesh
176075,Sujanpur,Himachal Pradesh
176076,Kachhera,Himachal Pradesh
176077,Joginder Nagar,Himachal Pradesh
176081,Palampur,Himachal Pradesh
176082,Sujanpur,Himachal Pradesh
176083,Palampur,Himachal Pradesh
176084,Dheera,Himachal Pradesh
176085,Palampur,Himachal Pradesh
176086,Palampur,Himachal Pradesh
176087,Palampur,Himachal Pradesh
176088,Kachhera,Himachal Pradesh
176089,Sujanpur,Himachal Pradesh
176090,Sujanpur,Himachal Pradesh
176091,Palampur,Himachal Pradesh
176092,Palampur,Himachal Pradesh
176093,Dheera,Himachal Pradesh
176094,Palampur,Himachal Pradesh
176095,Sujanpur,Himachal Pradesh
176096,Palampur,Himachal Pradesh
176097,Palampur,Himachal Pradesh
176098,Khundian,Himachal Pradesh
176101,Dheera,Himachal Pradesh
176102,Palampur,Himachal Pradesh
176103,Palampur,Himachal Pradesh
176107,Sujanpur,Himachal Pradesh
176108,Sujanpur,Himachal Pradesh
176109,Sujanpur,Himachal Pradesh
176110,Sujanpur,Himachal Pradesh
176111,Sujanpur,Himachal Pradesh
176115,Baijnath,Himachal Pradesh
176125,Baijnath,Himachal Pradesh
176128,Kachhera,Himachal Pradesh
176200,Palion,Himachal Pradesh
176201,Jassur,Himachal Pradesh
176202,Jassur,Himachal Pradesh
176203,Nurpur,Himachal Pradesh
176204,Palion,Himachal Pradesh
176205,Palion,Himachal Pradesh
176206,Shahpur-HP,Himachal Pradesh
176207,Sihunta,Himachal Pradesh
176208,Shahpur-HP,Himachal Pradesh
176209,Kangra,Himachal Pradesh
176210,Nagrota Surian,Himachal Pradesh
176211,Jassur,Himachal Pradesh
176213,Dharamshala,Himachal Pradesh
176214,Kangra,Himachal Pradesh
176215,Dharamshala,Himachal Pradesh
176216,Dharamshala,Himachal Pradesh
176217,Dharamshala,Himachal Pradesh
176218,Dharamshala,Himachal Pradesh
176219,Dharamshala,Himachal Pradesh
176225,Sihunta,Himachal Pradesh
176301,Dalhousie,Himachal Pradesh
176302,Nurpur,Himachal Pradesh
176303,Dalhousie,Himachal Pradesh
176304,Dalhousie,Himachal Pradesh
176305,Dalhousie,Himachal Pradesh
176306,Dalhousie,Himachal Pradesh
176308,Sundla,Himachal Pradesh
176310,Chamba,Himachal Pradesh
176312,Sundla,Himachal Pradesh
176313,Nurpur,Himachal Pradesh
176314,Chamba,Himachal Pradesh
176317,Sundla,Himachal Pradesh
176318,Chamba,Himachal Pradesh
176319,Sundla,Himachal Pradesh
176320,Sundla,Himachal Pradesh
176325,Dalhousie,Himachal Pradesh
176401,Surajpur jhikla,Himachal Pradesh
176402,Surajpur jhikla,Himachal Pradesh
176403,Surajpur jhikla,Himachal Pradesh
176501,Ghati Billan,Himachal Pradesh
176502,Ghati Billan,Himachal Pradesh
176601,Tahliwal,Himachal Pradesh
177001,Hamirpur,Himachal Pradesh
177005,Hamirpur,Himachal Pradesh
177006,Bangana,Himachal Pradesh
177007,Sujanpur,Himachal Pradesh
177020,Hamirpur,Himachal Pradesh
177021,Jahu,Himachal Pradesh
177022,Hamirpur,Himachal Pradesh
177023,Hamirpur,Himachal Pradesh
177024,Jahu,Himachal Pradesh
177025,Jahu,Himachal Pradesh
177026,Bhota,Himachal Pradesh
177027,Hamirpur,Himachal Pradesh
177028,Sujanpur,Himachal Pradesh
177029,Hamirpur,Himachal Pradesh
177031,Bangana,Himachal Pradesh
177033,Nadaun,Himachal Pradesh
177034,Nadaun,Himachal Pradesh
177038,Nadaun,Himachal Pradesh
177039,Bangana,Himachal Pradesh
177040,Hamirpur,Himachal Pradesh
177041,Bangana,Himachal Pradesh
177042,Nadaun,Himachal Pradesh
177043,Nadaun,Himachal Pradesh
177044,Nadaun,Himachal Pradesh
177045,Nadaun,Himachal Pradesh
177048,Hamirpur,Himachal Pradesh
177101,Dehra Gopipur,Himachal Pradesh
177103,Dehra Gopipur,Himachal Pradesh
177104,Dehra Gopipur,Himachal Pradesh
177105,Dehra Gopipur,Himachal Pradesh
177106,Ghati Billan,Himachal Pradesh
177107,Dehra Gopipur,Himachal Pradesh
177108,Dehra Gopipur,Himachal Pradesh
177109,Chintpurni,Himachal Pradesh
177110,Chintpurni,Himachal Pradesh
177111,Chintpurni,Himachal Pradesh
177112,Chintpurni,Himachal Pradesh
177113,Chintpurni,Himachal Pradesh
177114,Dehra Gopipur,Himachal Pradesh
177117,Dehra Gopipur,Himachal Pradesh
177118,Jahu,Himachal Pradesh
177119,Sujanpur,Himachal Pradesh
177201,Amb,Himachal Pradesh
177202,Amb,Himachal Pradesh
177203,Amb,Himachal Pradesh
177204,Amb,Himachal Pradesh
177205,Amb,Himachal Pradesh
177206,Amb,Himachal Pradesh
177207,Una-HP,Himachal Pradesh
177208,Amb,Himachal Pradesh
177209,Una-HP,Himachal Pradesh
177210,Amb,Himachal Pradesh
177211,Amb,Himachal Pradesh
177212,Amb,Himachal Pradesh
177213,Amb,Himachal Pradesh
177219,Amb,Himachal Pradesh
177220,Una-HP,Himachal Pradesh
177301,Nadaun,Himachal Pradesh
177401,Bhota,Himachal Pradesh
177501,Bhota,Himachal Pradesh
177601,Jahu,Himachal Pradesh
180001,Jammu,Jammu & Kashmir (UT)
180002,Jammu,Jammu & Kashmir (UT)
180003,Jammu,Jammu & Kashmir (UT)
180004,Jammu,Jammu & Kashmir (UT)
180005,Jammu,Jammu & Kashmir (UT)
180006,Jammu,Jammu & Kashmir (UT)
180007,Jammu,Jammu & Kashmir (UT)
180009,Jammu,Jammu & Kashmir (UT)
180010,Jammu,Jammu & Kashmir (UT)
180011,Jammu,Jammu & Kashmir (UT)
180012,Jammu,Jammu & Kashmir (UT)
180013,Jammu,Jammu & Kashmir (UT)
180015,Jammu,Jammu & Kashmir (UT)
180016,Jammu,Jammu & Kashmir (UT)
180017,Jammu,Jammu & Kashmir (UT)
180018,Jammu,Jammu & Kashmir (UT)
180019,Jammu,Jammu & Kashmir (UT)
180020,Jammu,Jammu & Kashmir (UT)
181008,Jammu,Jammu & Kashmir (UT)
181101,Jammu,Jammu & Kashmir (UT)
181102,RS Pura,Jammu & Kashmir (UT)
181111,RS Pura,Jammu & Kashmir (UT)
181113,Jammu,Jammu & Kashmir (UT)
181121,Jammu,Jammu & Kashmir (UT)
181122,Akhnoor,Jammu & Kashmir (UT)
181123,Jammu,Jammu & Kashmir (UT)
181124,Jammu,Jammu & Kashmir (UT)
181131,RS Pura,Jammu & Kashmir (UT)
181132,Jammu,Jammu & Kashmir (UT)
181133,Jammu,Jammu & Kashmir (UT)
181141,Jakh,Jammu & Kashmir (UT)
181143,Jakh,Jammu & Kashmir (UT)
181145,Jammu,Jammu & Kashmir (UT)
181152,Jammu,Jammu & Kashmir (UT)
181201,Akhnoor,Jammu & Kashmir (UT)
181202,Akhnoor,Jammu & Kashmir (UT)
181203,Akhnoor,Jammu & Kashmir (UT)
181204,Akhnoor,Jammu & Kashmir (UT)
181205,Jammu,Jammu & Kashmir (UT)
181206,Akhnoor,Jammu & Kashmir (UT)
181207,Akhnoor,Jammu & Kashmir (UT)
181221,Jammu,Jammu & Kashmir (UT)
181224,Katra,Jammu & Kashmir (UT)
182101,Udhampur,Jammu & Kashmir (UT)
182104,Udhampur,Jammu & Kashmir (UT)
182121,Udhampur,Jammu & Kashmir (UT)
182122,Ramnagar-JK,Jammu & Kashmir (UT)
182124,Udhampur,Jammu & Kashmir (UT)
182125,Udhampur,Jammu & Kashmir (UT)
182126,Udhampur,Jammu & Kashmir (UT)
182127,Udhampur,Jammu & Kashmir (UT)
182128,Billawar,Jammu & Kashmir (UT)
182141,Chenani,Jammu & Kashmir (UT)
182142,Chenani,Jammu & Kashmir (UT)
182143,Chenani,Jammu & Kashmir (UT)
182146,Banihal,Jammu & Kashmir (UT)
182147,Doda,Jammu & Kashmir (UT)
182148,Ramban,Jammu & Kashmir (UT)
182161,Chenani,Jammu & Kashmir (UT)
182201,Doda,Jammu & Kashmir (UT)
182202,Doda,Jammu & Kashmir (UT)
182204,Kishtwar,Jammu & Kashmir (UT)
182222,Bhaderwah,Jammu & Kashmir (UT)
182301,Katra,Jammu & Kashmir (UT)
182311,Katra,Jammu & Kashmir (UT)
182312,Reasi,Jammu & Kashmir (UT)
182320,Katra,Jammu & Kashmir (UT)
184101,Kathua,Jammu & Kashmir (UT)
184102,Kathua,Jammu & Kashmir (UT)
184104,Kathua,Jammu & Kashmir (UT)
184120,Samba,Jammu & Kashmir (UT)
184121,Samba,Jammu & Kashmir (UT)
184141,Samba,Jammu & Kashmir (UT)
184142,Samba,Jammu & Kashmir (UT)
184143,Kathua,Jammu & Kashmir (UT)
184144,Hiranagar,Jammu & Kashmir (UT)
184145,Samba,Jammu & Kashmir (UT)
184147,Kathua,Jammu & Kashmir (UT)
184151,Kathua,Jammu & Kashmir (UT)
184152,Kathua,Jammu & Kashmir (UT)
184201,Pathankot,Jammu & Kashmir (UT)
184202,Billawar,Jammu & Kashmir (UT)
184203,Billawar,Jammu & Kashmir (UT)
184204,Billawar,Jammu & Kashmir (UT)
184205,Billawar,Jammu & Kashmir (UT)
185121,Poonch,Jammu & Kashmir (UT)
185131,Rajouri,Jammu & Kashmir (UT)
185132,Rajouri,Jammu & Kashmir (UT)
185151,Sunderbani,Jammu & Kashmir (UT)
185152,Sunderbani,Jammu & Kashmir (UT)
185153,Sunderbani,Jammu & Kashmir (UT)
185155,Sunderbani,Jammu & Kashmir (UT)
185156,Sunderbani,Jammu & Kashmir (UT)
185201,Sunderbani,Jammu & Kashmir (UT)
185202,Sunderbani,Jammu & Kashmir (UT)
185203,Sunderbani,Jammu & Kashmir (UT)
185211,Poonch,Jammu & Kashmir (UT)
185212,Rajouri,Jammu & Kashmir (UT)
185234,Rajouri,Jammu & Kashmir (UT)
190001,Srinagar,Jammu & Kashmir (UT)
190002,Srinagar,Jammu & Kashmir (UT)
190003,Srinagar,Jammu & Kashmir (UT)
190005,Srinagar,Jammu & Kashmir (UT)
190006,Srinagar,Jammu & Kashmir (UT)
190007,Srinagar,Jammu & Kashmir (UT)
190008,Srinagar,Jammu & Kashmir (UT)
190011,Srinagar,Jammu & Kashmir (UT)
190012,Srinagar,Jammu & Kashmir (UT)
190014,Srinagar,Jammu & Kashmir (UT)
190015,Srinagar,Jammu & Kashmir (UT)
190017,Srinagar,Jammu & Kashmir (UT)
190019,Srinagar,Jammu & Kashmir (UT)
190020,Srinagar,Jammu & Kashmir (UT)
190021,Srinagar,Jammu & Kashmir (UT)
190023,Srinagar,Jammu & Kashmir (UT)
190024,Srinagar,Jammu & Kashmir (UT)
190025,Srinagar,Jammu & Kashmir (UT)
191102,Srinagar,Jammu & Kashmir (UT)
191103,Srinagar,Jammu & Kashmir (UT)
191113,Srinagar,Jammu & Kashmir (UT)
191131,Srinagar,Jammu & Kashmir (UT)
191132,Srinagar,Jammu & Kashmir (UT)
191201,Srinagar,Jammu & Kashmir (UT)
192121,Srinagar,Jammu & Kashmir (UT)
192122,Srinagar,Jammu & Kashmir (UT)
192124,Anantnag,Jammu & Kashmir (UT)
192201,Anantnag,Jammu & Kashmir (UT)
192202,Anantnag,Jammu & Kashmir (UT)
192211,Anantnag,Jammu & Kashmir (UT)
192212,Anantnag,Jammu & Kashmir (UT)
192221,Anantnag,Jammu & Kashmir (UT)
192231,Anantnag,Jammu & Kashmir (UT)
192232,Anantnag,Jammu & Kashmir (UT)
192233,Pulwama,Jammu & Kashmir (UT)
192301,Pulwama,Jammu & Kashmir (UT)
192302,Pulwama,Jammu & Kashmir (UT)
192303,Pulwama,Jammu & Kashmir (UT)
192304,Pulwama,Jammu & Kashmir (UT)
192305,Anantnag,Jammu & Kashmir (UT)
192306,Pulwama,Jammu & Kashmir (UT)
193101,Baramulla,Jammu & Kashmir (UT)
193103,Baramulla,Jammu & Kashmir (UT)
193108,Srinagar,Jammu & Kashmir (UT)
193109,Srinagar,Jammu & Kashmir (UT)
193122,Baramulla,Jammu & Kashmir (UT)
193201,Sopore,Jammu & Kashmir (UT)
193221,Kupwara,Jammu & Kashmir (UT)
193222,Kupwara,Jammu & Kashmir (UT)
193223,Kupwara,Jammu & Kashmir (UT)
193224,Kupwara,Jammu & Kashmir (UT)
193302,Kupwara,Jammu & Kashmir (UT)
193404,Srinagar,Jammu & Kashmir (UT)
193411,Srinagar,Jammu & Kashmir (UT)
193502,Bandipora,Jammu & Kashmir (UT)
194101,Leh,Ladakh (UT)
201000,Ghaziabad,Uttar Pradesh
201001,Ghaziabad,Uttar Pradesh
201002,Ghaziabad,Uttar Pradesh
201003,Ghaziabad,Uttar Pradesh
201004,Ghaziabad,Uttar Pradesh
201005,Ghaziabad,Uttar Pradesh
201006,Ghaziabad,Uttar Pradesh
201007,Ghaziabad,Uttar Pradesh
201008,Dadri,Uttar Pradesh
201009,Ghaziabad,Uttar Pradesh
201010,Ghaziabad,Uttar Pradesh
201011,Ghaziabad,Uttar Pradesh
201012,Ghaziabad,Uttar Pradesh
201013,Ghaziabad,Uttar Pradesh
201014,Ghaziabad,Uttar Pradesh
201015,Ghaziabad,Uttar Pradesh
201016,Ghaziabad,Uttar Pradesh
201017,Ghaziabad,Uttar Pradesh
201018,Ghaziabad,Uttar Pradesh
201019,Ghaziabad,Uttar Pradesh
201020,Noida,Uttar Pradesh
201021,Ghaziabad,Uttar Pradesh
201102,LoniUP,Uttar Pradesh
201103,LoniUP,Uttar Pradesh
201106,Ghaziabad,Uttar Pradesh
201201,Modinagar,Uttar Pradesh
201204,Modinagar,Uttar Pradesh
201206,Modinagar,Uttar Pradesh
201300,Noida,Uttar Pradesh
201301,Noida,Uttar Pradesh
201302,Ghaziabad,Uttar Pradesh
201303,Noida,Uttar Pradesh
201304,Noida,Uttar Pradesh
201305,Noida,Uttar Pradesh
201306,Noida,Uttar Pradesh
201307,Noida,Uttar Pradesh
201308,Noida,Uttar Pradesh
201309,Noida,Uttar Pradesh
201310,Noida,Uttar Pradesh
201311,Dadri,Uttar Pradesh
201312,Noida,Uttar Pradesh
201313,Noida,Uttar Pradesh
201314,Dadri,Uttar Pradesh
201315,Noida,Uttar Pradesh
201316,Noida,Uttar Pradesh
201317,Noida,Uttar Pradesh
201318,Noida,Uttar Pradesh
202001,Aligarh,Uttar Pradesh
202002,Aligarh,Uttar Pradesh
202004,Aligarh,Uttar Pradesh
202121,Aligarh,Uttar Pradesh
202122,Aligarh,Uttar Pradesh
202123,Khair,Uttar Pradesh
202124,Hathras,Uttar Pradesh
202125,Aligarh,Uttar Pradesh
202126,Aligarh,Uttar Pradesh
202127,Aligarh,Uttar Pradesh
202128,Aligarh,Uttar Pradesh
202129,Atrauli,Uttar Pradesh
202130,Atrauli,Uttar Pradesh
202131,Atrauli,Uttar Pradesh
202132,Khurja,Uttar Pradesh
202133,Aligarh,Uttar Pradesh
202134,Kasganj,Uttar Pradesh
202136,Khair,Uttar Pradesh
202137,Jewar,Uttar Pradesh
202138,Khair,Uttar Pradesh
202139,Hathras,Uttar Pradesh
202140,Khair,Uttar Pradesh
202141,Khair,Uttar Pradesh
202142,Khair,Uttar Pradesh
202143,Khair,Uttar Pradesh
202145,Hathras,Uttar Pradesh
202146,Hathras,Uttar Pradesh
202150,Aligarh,Uttar Pradesh
202151,Aligarh,Uttar Pradesh
202165,Jewar,Uttar Pradesh
202170,Sikandra Rao,Uttar Pradesh
202171,Aligarh,Uttar Pradesh
202280,Atrauli,Uttar Pradesh
202281,Atrauli,Uttar Pradesh
202282,Aligarh,Uttar Pradesh
202305,Atrauli,Uttar Pradesh
202393,Dibai,Uttar Pradesh
202410,Chandausi,Uttar Pradesh
202411,Chandausi,Uttar Pradesh
202412,Chandausi,Uttar Pradesh
202414,Chandausi,Uttar Pradesh
202526,Aonla,Uttar Pradesh
203001,Bulandshahr,Uttar Pradesh
203002,Bulandshahr,Uttar Pradesh
203121,Bulandshahr,Uttar Pradesh
203129,Pahasu,Uttar Pradesh
203131,Khurja,Uttar Pradesh
203132,Khurja,Uttar Pradesh
203135,Jewar,Uttar Pradesh
203141,Jewar,Uttar Pradesh
203150,Bulandshahr,Uttar Pradesh
203155,Jewar,Uttar Pradesh
203201,Noida,Uttar Pradesh
203202,Sikandrabad,Uttar Pradesh
203203,Sikandrabad,Uttar Pradesh
203205,Sikandrabad,Uttar Pradesh
203206,Sikandrabad,Uttar Pradesh
203207,Dadri,Uttar Pradesh
203209,Jewar,Uttar Pradesh
203389,Dibai,Uttar Pradesh
203390,Anupshahar,Uttar Pradesh
203391,Anupshahar,Uttar Pradesh
203392,Pahasu,Uttar Pradesh
203393,Dibai,Uttar Pradesh
203394,Anupshahar,Uttar Pradesh
203395,Dibai,Uttar Pradesh
203396,Pahasu,Uttar Pradesh
203397,Pahasu,Uttar Pradesh
203398,Anupshahar,Uttar Pradesh
203399,Atrauli,Uttar Pradesh
203401,Bulandshahr,Uttar Pradesh
203402,Siyana,Uttar Pradesh
203403,Siyana,Uttar Pradesh
203405,Siyana,Uttar Pradesh
203407,Siyana,Uttar Pradesh
203408,Hapur,Uttar Pradesh
203409,Bulandshahr,Uttar Pradesh
203411,Hapur,Uttar Pradesh
203412,Siyana,Uttar Pradesh
204101,Hathras,Uttar Pradesh
204102,Hathras,Uttar Pradesh
204105,Hathras,Uttar Pradesh
204211,Sikandra Rao,Uttar Pradesh
204212,Sikandra Rao,Uttar Pradesh
204213,Hathras,Uttar Pradesh
204214,Sikandra Rao,Uttar Pradesh
204215,Sikandra Rao,Uttar Pradesh
204216,Hathras,Uttar Pradesh
205001,Mainpuri,Uttar Pradesh
205119,Mainpuri,Uttar Pradesh
205121,Mainpuri,Uttar Pradesh
205135,Shikohabad,Uttar Pradesh
205151,Shikohabad,Uttar Pradesh
205247,Mainpuri,Uttar Pradesh
205261,Mainpuri,Uttar Pradesh
205262,Mainpuri,Uttar Pradesh
205263,Mainpuri,Uttar Pradesh
205264,Mainpuri,Uttar Pradesh
205265,Mainpuri,Uttar Pradesh
205267,Mainpuri,Uttar Pradesh
205268,Mainpuri,Uttar Pradesh
205301,Mainpuri,Uttar Pradesh
205303,Kishni,Uttar Pradesh
205304,Chhibramau,Uttar Pradesh
206001,Etawah,Uttar Pradesh
206002,Etawah,Uttar Pradesh
206003,Etawah,Uttar Pradesh
206120,Bakewar,Uttar Pradesh
206121,Bakewar,Uttar Pradesh
206122,Auraiya,Uttar Pradesh
206123,Kishni,Uttar Pradesh
206124,Bakewar,Uttar Pradesh
206125,Bakewar,Uttar Pradesh
206126,Etawah,Uttar Pradesh
206127,Bakewar,Uttar Pradesh
206128,Bakewar,Uttar Pradesh
206129,Auraiya,Uttar Pradesh
206130,Etawah,Uttar Pradesh
206131,Etawah,Uttar Pradesh
206241,Bidhuna,Uttar Pradesh
206242,Bakewar,Uttar Pradesh
206243,Bidhuna,Uttar Pradesh
206244,Bidhuna,Uttar Pradesh
206245,Etawah,Uttar Pradesh
206246,Rasulabad,Uttar Pradesh
206247,Auraiya,Uttar Pradesh
206248,Rasulabad,Uttar Pradesh
206249,Bidhuna,Uttar Pradesh
206250,Bidhuna,Uttar Pradesh
206251,Rasulabad,Uttar Pradesh
206252,Bidhuna,Uttar Pradesh
206253,Etawah,Uttar Pradesh
206255,Rasulabad,Uttar Pradesh
207001,Etah,Uttar Pradesh
207002,Etah,Uttar Pradesh
207003,Etah,Uttar Pradesh
207120,Etah,Uttar Pradesh
207121,Etah,Uttar Pradesh
207122,Etah,Uttar Pradesh
207123,Kasganj,Uttar Pradesh
207124,Kasganj,Uttar Pradesh
207125,Kasganj,Uttar Pradesh
207241,Etah,Uttar Pradesh
207242,Ganjdundwara,Uttar Pradesh
207243,Ganjdundwara,Uttar Pradesh
207244,Aliganj,Uttar Pradesh
207245,Kasganj,Uttar Pradesh
207246,Ganjdundwara,Uttar Pradesh
207247,Aliganj,Uttar Pradesh
207248,Aliganj,Uttar Pradesh
207249,Aliganj,Uttar Pradesh
207250,Aliganj,Uttar Pradesh
207301,Jalesar,Uttar Pradesh
207302,Jalesar,Uttar Pradesh
207401,Kasganj,Uttar Pradesh
207402,Kasganj,Uttar Pradesh
207403,Kasganj,Uttar Pradesh
208001,Kanpur,Uttar Pradesh
208002,Kanpur,Uttar Pradesh
208003,Kanpur,Uttar Pradesh
208004,Kanpur,Uttar Pradesh
208005,Kanpur,Uttar Pradesh
208006,Kanpur,Uttar Pradesh
208007,Kanpur,Uttar Pradesh
208008,Kanpur,Uttar Pradesh
208009,Kanpur,Uttar Pradesh
208010,Kanpur,Uttar Pradesh
208011,Kanpur,Uttar Pradesh
208012,Kanpur,Uttar Pradesh
208013,Kanpur,Uttar Pradesh
208014,Kanpur,Uttar Pradesh
208015,Kanpur,Uttar Pradesh
208016,Kanpur,Uttar Pradesh
208017,Kanpur,Uttar Pradesh
208018,Kanpur,Uttar Pradesh
208019,Kanpur,Uttar Pradesh
208020,Kanpur,Uttar Pradesh
208021,Kanpur,Uttar Pradesh
208022,Kanpur,Uttar Pradesh
208023,Kanpur,Uttar Pradesh
208024,Kanpur,Uttar Pradesh
208025,Kanpur,Uttar Pradesh
208026,Kanpur,Uttar Pradesh
208027,Kanpur,Uttar Pradesh
208039,Kanpur,Uttar Pradesh
209101,Akbarpur,Uttar Pradesh
209111,Pukhrayan,Uttar Pradesh
209112,Pukhrayan,Uttar Pradesh
209115,Pukhrayan,Uttar Pradesh
209121,Kanpur,Uttar Pradesh
209125,Auraiya,Uttar Pradesh
209202,Rasulabad,Uttar Pradesh
209203,Kanpur,Uttar Pradesh
209204,Kanpur,Uttar Pradesh
209205,Kanpur,Uttar Pradesh
209206,Ghatampur,Uttar Pradesh
209207,Ghatampur,Uttar Pradesh
209208,Ghatampur,Uttar Pradesh
209209,Ghatampur,Uttar Pradesh
209210,Rasulabad,Uttar Pradesh
209214,Kanpur,Uttar Pradesh
209217,Kanpur,Uttar Pradesh
209301,Akbarpur,Uttar Pradesh
209302,Rasulabad,Uttar Pradesh
209303,Akbarpur,Uttar Pradesh
209304,Kanpur,Uttar Pradesh
209305,Kanpur,Uttar Pradesh
209306,Rasulabad,Uttar Pradesh
209307,Kanpur,Uttar Pradesh
209308,Ghatampur,Uttar Pradesh
209310,Rasulabad,Uttar Pradesh
209311,Akbarpur,Uttar Pradesh
209312,Pukhrayan,Uttar Pradesh
209401,Ghatampur,Uttar Pradesh
209402,Ambuj Nagar,Uttar Pradesh
209501,Farrukhabad,Uttar Pradesh
209502,Aliganj,Uttar Pradesh
209503,Farrukhabad,Uttar Pradesh
209504,Farrukhabad,Uttar Pradesh
209505,Aliganj,Uttar Pradesh
209601,Farrukhabad,Uttar Pradesh
209602,Farrukhabad,Uttar Pradesh
209621,Farrukhabad,Uttar Pradesh
209622,JalalabadUP,Uttar Pradesh
209625,Farrukhabad,Uttar Pradesh
209651,Farrukhabad,Uttar Pradesh
209652,Aliganj,Uttar Pradesh
209720,Chhibramau,Uttar Pradesh
209721,Chhibramau,Uttar Pradesh
209722,Kannauj,Uttar Pradesh
209723,Kannauj,Uttar Pradesh
209724,Farrukhabad,Uttar Pradesh
209725,Kannauj,Uttar Pradesh
209726,Kannauj,Uttar Pradesh
209727,Kannauj,Uttar Pradesh
209728,Chhibramau,Uttar Pradesh
209729,Chhibramau,Uttar Pradesh
209731,Chhibramau,Uttar Pradesh
209732,Kannauj,Uttar Pradesh
209733,Kannauj,Uttar Pradesh
209734,Kannauj,Uttar Pradesh
209735,Chhibramau,Uttar Pradesh
209736,Kannauj,Uttar Pradesh
209738,Kannauj,Uttar Pradesh
209739,Farrukhabad,Uttar Pradesh
209743,Chhibramau,Uttar Pradesh
209745,Farrukhabad,Uttar Pradesh
209747,Chhibramau,Uttar Pradesh
209749,Farrukhabad,Uttar Pradesh
209801,Unnao,Uttar Pradesh
209821,Bacchawaran,Uttar Pradesh
209825,Unnao,Uttar Pradesh
209827,Bighapur,Uttar Pradesh
209831,Unnao,Uttar Pradesh
209841,Unnao,Uttar Pradesh
209859,Unnao,Uttar Pradesh
209860,Unnao,Uttar Pradesh
209861,Unnao,Uttar Pradesh
209862,Unnao,Uttar Pradesh
209863,Bighapur,Uttar Pradesh
209864,Bighapur,Uttar Pradesh
209865,Bighapur,Uttar Pradesh
209866,Bighapur,Uttar Pradesh
209867,Bighapur,Uttar Pradesh
209868,Bangarmau,Uttar Pradesh
209869,Bangarmau,Uttar Pradesh
209870,Unnao,Uttar Pradesh
209871,Bangarmau,Uttar Pradesh
209881,Malihabad,Uttar Pradesh
210001,Banda,Uttar Pradesh
210010,Allahabad,Uttar Pradesh
210100,Allahabad,Uttar Pradesh
210120,Banda,Uttar Pradesh
210121,Baberu,Uttar Pradesh
210122,Atarra,Uttar Pradesh
210123,Fatehpur,Uttar Pradesh
210125,Baberu,Uttar Pradesh
210128,Baberu,Uttar Pradesh
210129,Atarra,Uttar Pradesh
210201,Atarra,Uttar Pradesh
210202,Atarra,Uttar Pradesh
210203,Atarra,Uttar Pradesh
210204,Chitrakoot,Uttar Pradesh
210205,Chitrakoot,Uttar Pradesh
210206,Chitrakoot,Uttar Pradesh
210207,Chitrakoot,Uttar Pradesh
210208,Shankargarh,Uttar Pradesh
210209,Shankargarh,Uttar Pradesh
210301,Hamirpur-UP,Uttar Pradesh
210341,Hamirpur-UP,Uttar Pradesh
210421,Mahoba,Uttar Pradesh
210422,Rath,Uttar Pradesh
210423,Kulpahar,Uttar Pradesh
210424,Mahoba,Uttar Pradesh
210425,Bewar,Uttar Pradesh
210426,Mahoba,Uttar Pradesh
210427,Mahoba,Uttar Pradesh
210428,Rath,Uttar Pradesh
210429,Rath,Uttar Pradesh
210430,Rath,Uttar Pradesh
210431,Rath,Uttar Pradesh
210432,Muskara,Uttar Pradesh
210433,Mahoba,Uttar Pradesh
210501,Bewar,Uttar Pradesh
210502,Hamirpur-UP,Uttar Pradesh
210504,Hamirpur-UP,Uttar Pradesh
210505,Hamirpur-UP,Uttar Pradesh
210506,Bewar,Uttar Pradesh
210507,Hamirpur-UP,Uttar Pradesh
211001,Allahabad,Uttar Pradesh
211002,Allahabad,Uttar Pradesh
211003,Allahabad,Uttar Pradesh
211004,Allahabad,Uttar Pradesh
211005,Allahabad,Uttar Pradesh
211006,Allahabad,Uttar Pradesh
211007,Allahabad,Uttar Pradesh
211008,Allahabad,Uttar Pradesh
211009,Allahabad,Uttar Pradesh
211010,Allahabad,Uttar Pradesh
211011,Allahabad,Uttar Pradesh
211012,Allahabad,Uttar Pradesh
211013,Soraon,Uttar Pradesh
211014,Allahabad,Uttar Pradesh
211015,Allahabad,Uttar Pradesh
211016,Allahabad,Uttar Pradesh
211017,Allahabad,Uttar Pradesh
211018,Allahabad,Uttar Pradesh
211019,Allahabad,Uttar Pradesh
211020,Allahabad,Uttar Pradesh
211021,Soraon,Uttar Pradesh
211022,Soraon,Uttar Pradesh
211023,Allahabad,Uttar Pradesh
211104,Allahabad,Uttar Pradesh
212104,Manda,Uttar Pradesh
212105,Allahabad,Uttar Pradesh
212106,JariBazar,Uttar Pradesh
212107,Shankargarh,Uttar Pradesh
212108,Shankargarh,Uttar Pradesh
212109,Soraon,Uttar Pradesh
212111,Allahabad,Uttar Pradesh
212201,Bharwari,Uttar Pradesh
212202,Saray Ankil,Uttar Pradesh
212203,Allahabad,Uttar Pradesh
212204,Sirathu,Uttar Pradesh
212205,Sirathu,Uttar Pradesh
212206,Bharwari,Uttar Pradesh
212207,Bharwari,Uttar Pradesh
212208,Allahabad,Uttar Pradesh
212212,Allahabad,Uttar Pradesh
212213,Bharwari,Uttar Pradesh
212214,Saray Ankil,Uttar Pradesh
212216,Saray Ankil,Uttar Pradesh
212217,Sirathu,Uttar Pradesh
212218,Saray Ankil,Uttar Pradesh
212301,Allahabad,Uttar Pradesh
212302,Manda,Uttar Pradesh
212303,Manda,Uttar Pradesh
212305,Manda,Uttar Pradesh
212306,Koraon,Uttar Pradesh
212307,Allahabad,Uttar Pradesh
212308,Koraon,Uttar Pradesh
212401,Phulpur,Uttar Pradesh
212402,Phulpur,Uttar Pradesh
212404,Phulpur,Uttar Pradesh
212405,Phulpur,Uttar Pradesh
212501,Soraon,Uttar Pradesh
212502,Soraon,Uttar Pradesh
212503,Soraon,Uttar Pradesh
212507,Soraon,Uttar Pradesh
212601,Fatehpur,Uttar Pradesh
212620,Khaga,Uttar Pradesh
212621,Fatehpur,Uttar Pradesh
212622,Fatehpur,Uttar Pradesh
212631,Hamirpur-UP,Uttar Pradesh
212635,Fatehpur,Uttar Pradesh
212641,Sirathu,Uttar Pradesh
212645,Fatehpur,Uttar Pradesh
212650,Khaga,Uttar Pradesh
212651,Fatehpur,Uttar Pradesh
212652,Khaga,Uttar Pradesh
212653,Khaga,Uttar Pradesh
212654,Fatehpur,Uttar Pradesh
212655,Khaga,Uttar Pradesh
212656,Khaga,Uttar Pradesh
212657,Ambuj Nagar,Uttar Pradesh
212658,Khaga,Uttar Pradesh
212659,Ghatampur,Uttar Pradesh
212661,Fatehpur,Uttar Pradesh
212662,Allahabad,Uttar Pradesh
212663,Fatehpur,Uttar Pradesh
212664,Ambuj Nagar,Uttar Pradesh
212665,Ambuj Nagar,Uttar Pradesh
221001,Varanasi,Uttar Pradesh
221002,Varanasi,Uttar Pradesh
221003,Varanasi,Uttar Pradesh
221004,Varanasi,Uttar Pradesh
221005,Varanasi,Uttar Pradesh
221006,Varanasi,Uttar Pradesh
221007,Varanasi,Uttar Pradesh
221008,Mughal Sarai,Uttar Pradesh
221009,Mughal Sarai,Uttar Pradesh
221010,Varanasi,Uttar Pradesh
221011,Varanasi,Uttar Pradesh
221012,Mughal Sarai,Uttar Pradesh
221101,Varanasi,Uttar Pradesh
221102,Mughal Sarai,Uttar Pradesh
221103,Varanasi,Uttar Pradesh
221104,Varanasi,Uttar Pradesh
221105,Varanasi,Uttar Pradesh
221106,Varanasi,Uttar Pradesh
221107,Varanasi,Uttar Pradesh
221108,Varanasi,Uttar Pradesh
221109,Varanasi,Uttar Pradesh
221110,Mughal Sarai,Uttar Pradesh
221112,Varanasi,Uttar Pradesh
221115,Aunrihar,Uttar Pradesh
221116,Aunrihar,Uttar Pradesh
221201,Babatpur,Uttar Pradesh
221202,Varanasi,Uttar Pradesh
221204,Varanasi,Uttar Pradesh
221206,Jalalpur-UP,Uttar Pradesh
221207,Jalalpur-UP,Uttar Pradesh
221208,Varanasi,Uttar Pradesh
221209,Varanasi,Uttar Pradesh
221210,Varanasi,Uttar Pradesh
221301,Bhadohi,Uttar Pradesh
221302,Varanasi,Uttar Pradesh
221303,Gopiganj,Uttar Pradesh
221304,Gopiganj,Uttar Pradesh
221305,Varanasi,Uttar Pradesh
221306,Gopiganj,Uttar Pradesh
221307,Varanasi,Uttar Pradesh
221308,Gopiganj,Uttar Pradesh
221309,Gopiganj,Uttar Pradesh
221310,Gopiganj,Uttar Pradesh
221311,Varanasi,Uttar Pradesh
221313,Varanasi,Uttar Pradesh
221314,Bhadohi,Uttar Pradesh
221401,Bhadohi,Uttar Pradesh
221402,Bhadohi,Uttar Pradesh
221403,Varanasi,Uttar Pradesh
221404,Bhadohi,Uttar Pradesh
221405,Babatpur,Uttar Pradesh
221406,Bhadohi,Uttar Pradesh
221407,Bhadohi,Uttar Pradesh
221408,Bhadohi,Uttar Pradesh
221409,Bhadohi,Uttar Pradesh
221502,Saidabad,Uttar Pradesh
221503,Saidabad,Uttar Pradesh
221505,Saidabad,Uttar Pradesh
221506,Allahabad,Uttar Pradesh
221507,Phulpur,Uttar Pradesh
221508,Saidabad,Uttar Pradesh
221601,Madhuban,Uttar Pradesh
221602,Madhuban,Uttar Pradesh
221603,Madhuban,Uttar Pradesh
221701,Rasra,Uttar Pradesh
221705,Ratanpura,Uttar Pradesh
221706,Ratanpura,Uttar Pradesh
221709,Rasra,Uttar Pradesh
221711,Rasra,Uttar Pradesh
221712,Rasra,Uttar Pradesh
221713,Ballia,Uttar Pradesh
221715,Sikandarpur,Uttar Pradesh
221716,Ratanpura,Uttar Pradesh
221717,Sikandarpur,Uttar Pradesh
221718,Ballia,Uttar Pradesh
222001,Jaunpur,Uttar Pradesh
222002,Jaunpur,Uttar Pradesh
222003,Jaunpur,Uttar Pradesh
222101,Shahganj,Uttar Pradesh
222104,Shahganj,Uttar Pradesh
222105,Jaunpur,Uttar Pradesh
222107,Jaunpur,Uttar Pradesh
222109,Jaunpur,Uttar Pradesh
222125,Badlapur,Uttar Pradesh
222126,Badlapur,Uttar Pradesh
222127,Machhali Shahar,Uttar Pradesh
222128,Mariahu,Uttar Pradesh
222129,Kerakat,Uttar Pradesh
222131,Machhali Shahar,Uttar Pradesh
222132,Jaunpur,Uttar Pradesh
222133,Jaunpur,Uttar Pradesh
222135,Machhali Shahar,Uttar Pradesh
222136,Jalalpur-UP,Uttar Pradesh
222137,Mariahu,Uttar Pradesh
222138,Jaunpur,Uttar Pradesh
222139,Shahganj,Uttar Pradesh
222141,Badlapur,Uttar Pradesh
222142,Kerakat,Uttar Pradesh
222143,Machhali Shahar,Uttar Pradesh
222144,Machhali Shahar,Uttar Pradesh
222145,Badlapur,Uttar Pradesh
222146,Jalalpur-UP,Uttar Pradesh
222148,Kerakat,Uttar Pradesh
222149,Kerakat,Uttar Pradesh
222161,Jalalpur-UP,Uttar Pradesh
222162,Mariahu,Uttar Pradesh
222165,Machhali Shahar,Uttar Pradesh
222170,Kerakat,Uttar Pradesh
222175,Badlapur,Uttar Pradesh
222180,Jaunpur,Uttar Pradesh
222181,Kerakat,Uttar Pradesh
222201,Machhali Shahar,Uttar Pradesh
222202,Phulpur,Uttar Pradesh
222203,Bhadohi,Uttar Pradesh
222204,Mungra Badshahpur,Uttar Pradesh
222301,Lambhua,Uttar Pradesh
222302,Sultanpur,Uttar Pradesh
222303,Lambhua,Uttar Pradesh
223101,Shahganj,Uttar Pradesh
223102,Shahganj,Uttar Pradesh
223103,Shahganj,Uttar Pradesh
223104,Shahganj,Uttar Pradesh
223105,Shahganj,Uttar Pradesh
223221,Nizamabad-UP,Uttar Pradesh
223222,Shahganj,Uttar Pradesh
223223,Rajesultanpur,Uttar Pradesh
223224,Azamgarh,Uttar Pradesh
223225,Azamgarh,Uttar Pradesh
223227,Sarai Meer,Uttar Pradesh
224001,Faizabad,Uttar Pradesh
224116,Rudauli,Uttar Pradesh
224117,Dariyabad,Uttar Pradesh
224118,Rudauli,Uttar Pradesh
224119,Dariyabad,Uttar Pradesh
224120,Rudauli,Uttar Pradesh
224121,Rudauli,Uttar Pradesh
224122,Akbarpur,Uttar Pradesh
224123,Faizabad,Uttar Pradesh
224125,Jalalpur,Uttar Pradesh
224126,Faizabad,Uttar Pradesh
224127,Faizabad,Uttar Pradesh
224129,Tanda,Uttar Pradesh
224132,Kumarganj,Uttar Pradesh
224133,Faizabad,Uttar Pradesh
224135,Faizabad,Uttar Pradesh
224137,Rajesultanpur,Uttar Pradesh
224139,Jalalpur,Uttar Pradesh
224141,Gosainganj,Uttar Pradesh
224143,Tanda,Uttar Pradesh
224145,Gosainganj,Uttar Pradesh
224146,Akbarpur,Uttar Pradesh
224147,Rajesultanpur,Uttar Pradesh
224149,Jalalpur,Uttar Pradesh
224151,Akbarpur,Uttar Pradesh
224152,Akbarpur,Uttar Pradesh
224153,Kumarganj,Uttar Pradesh
224155,Tanda,Uttar Pradesh
224157,Gosainganj,Uttar Pradesh
224158,Faizabad,Uttar Pradesh
224159,Jalalpur,Uttar Pradesh
224161,Gosainganj,Uttar Pradesh
224164,Kumarganj,Uttar Pradesh
224168,Akbarpur,Uttar Pradesh
224171,Dostpur,Uttar Pradesh
224172,Gosainganj,Uttar Pradesh
224176,Rajesultanpur,Uttar Pradesh
224181,Rajesultanpur,Uttar Pradesh
224182,Faizabad,Uttar Pradesh
224183,Jalalpur,Uttar Pradesh
224186,Jalalpur,Uttar Pradesh
224188,Faizabad,Uttar Pradesh
224189,Faizabad,Uttar Pradesh
224190,Akbarpur,Uttar Pradesh
224195,Gosainganj,Uttar Pradesh
224201,Faizabad,Uttar Pradesh
224202,Faizabad,Uttar Pradesh
224203,Faizabad,Uttar Pradesh
224204,Faizabad,Uttar Pradesh
224205,Kumarganj,Uttar Pradesh
224206,Faizabad,Uttar Pradesh
224207,Kumarganj,Uttar Pradesh
224208,Kumarganj,Uttar Pradesh
224209,Kumarganj,Uttar Pradesh
224210,Tanda,Uttar Pradesh
224223,Faizabad,Uttar Pradesh
224225,Kumarganj,Uttar Pradesh
224226,Lucknow,Uttar Pradesh
224227,Tanda,Uttar Pradesh
224228,Faizabad,Uttar Pradesh
224229,Kumarganj,Uttar Pradesh
224230,Akbarpur,Uttar Pradesh
224231,Akbarpur,Uttar Pradesh
224232,Rajesultanpur,Uttar Pradesh
224234,Gosainganj,Uttar Pradesh
224235,Akbarpur,Uttar Pradesh
224238,Tanda,Uttar Pradesh
224284,Faizabad,Uttar Pradesh
225001,Barabanki,Uttar Pradesh
225002,Barabanki,Uttar Pradesh
225003,Barabanki,Uttar Pradesh
225119,Haidargarh,Uttar Pradesh
225120,Haidargarh,Uttar Pradesh
225121,Barabanki,Uttar Pradesh
225122,Barabanki,Uttar Pradesh
225123,Barabanki,Uttar Pradesh
225124,Haidargarh,Uttar Pradesh
225125,Haidargarh,Uttar Pradesh
225126,Haidargarh,Uttar Pradesh
225201,Ramnagar-UP,Uttar Pradesh
225202,Ramnagar-UP,Uttar Pradesh
225203,Barabanki,Uttar Pradesh
225204,Barabanki,Uttar Pradesh
225205,Ramnagar-UP,Uttar Pradesh
225206,Ramnagar-UP,Uttar Pradesh
225207,Ramnagar-UP,Uttar Pradesh
225208,Barabanki,Uttar Pradesh
225301,Barabanki,Uttar Pradesh
225302,Fatehpur-UP,Uttar Pradesh
225303,Barabanki,Uttar Pradesh
225304,Fatehpur-UP,Uttar Pradesh
225305,Fatehpur-UP,Uttar Pradesh
225306,Fatehpur-UP,Uttar Pradesh
225401,Dariyabad,Uttar Pradesh
225403,Dariyabad,Uttar Pradesh
225404,Dariyabad,Uttar Pradesh
225405,Dariyabad,Uttar Pradesh
225409,Dariyabad,Uttar Pradesh
225412,Barabanki,Uttar Pradesh
225413,Haidargarh,Uttar Pradesh
225414,Barabanki,Uttar Pradesh
225415,Dariyabad,Uttar Pradesh
225416,Haidargarh,Uttar Pradesh
226000,Lucknow,Uttar Pradesh
226001,Lucknow,Uttar Pradesh
226002,Lucknow,Uttar Pradesh
226003,Lucknow,Uttar Pradesh
226004,Lucknow,Uttar Pradesh
226005,Lucknow,Uttar Pradesh
226006,Lucknow,Uttar Pradesh
226007,Lucknow,Uttar Pradesh
226008,Lucknow,Uttar Pradesh
226009,Lucknow,Uttar Pradesh
226010,Lucknow,Uttar Pradesh
226011,Lucknow,Uttar Pradesh
226012,Lucknow,Uttar Pradesh
226013,Lucknow,Uttar Pradesh
226014,Lucknow,Uttar Pradesh
226015,Lucknow,Uttar Pradesh
226016,Lucknow,Uttar Pradesh
226017,Lucknow,Uttar Pradesh
226018,Lucknow,Uttar Pradesh
226019,Lucknow,Uttar Pradesh
226020,Lucknow,Uttar Pradesh
226021,Lucknow,Uttar Pradesh
226022,Lucknow,Uttar Pradesh
226023,Lucknow,Uttar Pradesh
226024,Lucknow,Uttar Pradesh
226025,Lucknow,Uttar Pradesh
226026,Lucknow,Uttar Pradesh
226027,Lucknow,Uttar Pradesh
226028,Lucknow,Uttar Pradesh
226029,Lucknow,Uttar Pradesh
226030,Lucknow,Uttar Pradesh
226031,Lucknow,Uttar Pradesh
226101,Lucknow,Uttar Pradesh
226102,Malihabad,Uttar Pradesh
226103,Malihabad,Uttar Pradesh
226104,Malihabad,Uttar Pradesh
226106,Malihabad,Uttar Pradesh
226201,Lucknow,Uttar Pradesh
226202,Lucknow,Uttar Pradesh
226203,Lucknow,Uttar Pradesh
226301,Lucknow,Uttar Pradesh
226302,Lucknow,Uttar Pradesh
226303,Lucknow,Uttar Pradesh
226305,Mohanlalganj,Uttar Pradesh
226401,Lucknow,Uttar Pradesh
226501,Lucknow,Uttar Pradesh
227015,Lucknow,Uttar Pradesh
227101,Lucknow,Uttar Pradesh
227105,Lucknow,Uttar Pradesh
227106,Lucknow,Uttar Pradesh
227131,Haidargarh,Uttar Pradesh
227202,Lucknow,Uttar Pradesh
227208,Lucknow,Uttar Pradesh
227304,Sultanpur,Uttar Pradesh
227305,Lucknow,Uttar Pradesh
227309,Bacchawaran,Uttar Pradesh
227405,Amethi,Uttar Pradesh
227406,Sultanpur,Uttar Pradesh
227407,Amethi,Uttar Pradesh
227408,Amethi,Uttar Pradesh
227409,Gauriganj,Uttar Pradesh
227411,Gauriganj,Uttar Pradesh
227412,Amethi,Uttar Pradesh
227413,Amethi,Uttar Pradesh
227801,Jagdishpur-UP,Uttar Pradesh
227805,Sultanpur,Uttar Pradesh
227806,Kumarganj,Uttar Pradesh
227807,Jagdishpur-UP,Uttar Pradesh
227808,Sultanpur,Uttar Pradesh
227809,Jagdishpur-UP,Uttar Pradesh
227811,Jagdishpur-UP,Uttar Pradesh
227812,Sultanpur,Uttar Pradesh
227813,Jagdishpur-UP,Uttar Pradesh
227814,Kumarganj,Uttar Pradesh
227815,Kumarganj,Uttar Pradesh
227816,Jagdishpur-UP,Uttar Pradesh
227817,Jagdishpur-UP,Uttar Pradesh
228001,Sultanpur,Uttar Pradesh
228118,Sultanpur,Uttar Pradesh
228119,Sultanpur,Uttar Pradesh
228120,Sultanpur,Uttar Pradesh
228121,Sultanpur,Uttar Pradesh
228125,Sultanpur,Uttar Pradesh
228131,Dostpur,Uttar Pradesh
228132,Dostpur,Uttar Pradesh
228133,Sultanpur,Uttar Pradesh
228141,Sultanpur,Uttar Pradesh
228142,Dostpur,Uttar Pradesh
228145,Dostpur,Uttar Pradesh
228151,Kumarganj,Uttar Pradesh
228155,Sultanpur,Uttar Pradesh
228159,Sultanpur,Uttar Pradesh
228161,Dostpur,Uttar Pradesh
228171,Dostpur,Uttar Pradesh
228172,Jalalpur,Uttar Pradesh
229001,Raebareli,Uttar Pradesh
229010,Raebareli,Uttar Pradesh
229103,Bacchawaran,Uttar Pradesh
229120,Lalganj,Uttar Pradesh
229121,Lalganj,Uttar Pradesh
229122,Bacchawaran,Uttar Pradesh
229123,Bacchawaran,Uttar Pradesh
229124,Salon,Uttar Pradesh
229125,Lalganj,Uttar Pradesh
229126,Jagdishpur-UP,Uttar Pradesh
229127,Unchahar,Uttar Pradesh
229128,Salon,Uttar Pradesh
229129,Salon,Uttar Pradesh
229130,Raebareli,Uttar Pradesh
229135,Jagdishpur-UP,Uttar Pradesh
229201,Lalganj,Uttar Pradesh
229202,Bighapur,Uttar Pradesh
229203,Lalganj,Uttar Pradesh
229204,Unchahar,Uttar Pradesh
229205,Lalganj,Uttar Pradesh
229206,Lalganj,Uttar Pradesh
229207,Lalganj,Uttar Pradesh
229208,Lalganj,Uttar Pradesh
229209,Lalganj,Uttar Pradesh
229210,Lalganj,Uttar Pradesh
229211,Lalganj,Uttar Pradesh
229212,Lalganj,Uttar Pradesh
229215,Lalganj,Uttar Pradesh
229216,Lalganj,Uttar Pradesh
229301,Bacchawaran,Uttar Pradesh
229302,Raebareli,Uttar Pradesh
229303,Bacchawaran,Uttar Pradesh
229304,Gauriganj,Uttar Pradesh
229305,Gauriganj,Uttar Pradesh
229306,Gauriganj,Uttar Pradesh
229307,Gauriganj,Uttar Pradesh
229308,Bacchawaran,Uttar Pradesh
229309,Jagdishpur-UP,Uttar Pradesh
229310,Raebareli,Uttar Pradesh
229311,Bacchawaran,Uttar Pradesh
229316,Raebareli,Uttar Pradesh
229401,Unchahar,Uttar Pradesh
229402,Unchahar,Uttar Pradesh
229404,Unchahar,Uttar Pradesh
229405,Raebareli,Uttar Pradesh
229406,Unchahar,Uttar Pradesh
229408,Unchahar,Uttar Pradesh
229410,Salon,Uttar Pradesh
229411,Lal Gopalganj,Uttar Pradesh
229412,Soraon,Uttar Pradesh
229413,Lal Gopalganj,Uttar Pradesh
229801,Jagdishpur-UP,Uttar Pradesh
229802,Unchahar,Uttar Pradesh
230001,Pratapgarh,Uttar Pradesh
230002,Pratapgarh,Uttar Pradesh
230121,Patti-UP,Uttar Pradesh
230124,Patti-UP,Uttar Pradesh
230125,Gauriganj,Uttar Pradesh
230126,Lalganj Ajhara,Uttar Pradesh
230127,Patti-UP,Uttar Pradesh
230128,Kunda,Uttar Pradesh
230129,Lal Gopalganj,Uttar Pradesh
230130,Lalganj Ajhara,Uttar Pradesh
230131,Pratapgarh,Uttar Pradesh
230132,Kunda,Uttar Pradesh
230133,Badlapur,Uttar Pradesh
230134,Patti-UP,Uttar Pradesh
230135,Patti-UP,Uttar Pradesh
230136,Lalganj Ajhara,Uttar Pradesh
230137,Lalganj Ajhara,Uttar Pradesh
230138,Patti-UP,Uttar Pradesh
230139,Bacchawaran,Uttar Pradesh
230141,Kunda,Uttar Pradesh
230142,Patti-UP,Uttar Pradesh
230143,Kunda,Uttar Pradesh
230144,Lalganj Ajhara,Uttar Pradesh
230201,Lal Gopalganj,Uttar Pradesh
230202,Unchahar,Uttar Pradesh
230204,Kunda,Uttar Pradesh
230301,Pratapgarh,Uttar Pradesh
230302,Patti-UP,Uttar Pradesh
230304,Pratapgarh,Uttar Pradesh
230306,Mungra Badshahpur,Uttar Pradesh
230401,Pratapgarh,Uttar Pradesh
230402,Pratapgarh,Uttar Pradesh
230403,Pratapgarh,Uttar Pradesh
230404,Pratapgarh,Uttar Pradesh
230405,Patti-UP,Uttar Pradesh
230501,Amethi,Uttar Pradesh
230502,Pratapgarh,Uttar Pradesh
230503,Amethi,Uttar Pradesh
231001,Mirzapur,Uttar Pradesh
231205,Chopan,Uttar Pradesh
231206,Robertsganj,Uttar Pradesh
231207,Chopan,Uttar Pradesh
231208,Dudhinagar,Uttar Pradesh
231209,Robertsganj,Uttar Pradesh
231210,Robertsganj,Uttar Pradesh
231211,Mirzapur,Uttar Pradesh
231212,Dudhinagar,Uttar Pradesh
231213,Robertsganj,Uttar Pradesh
231215,Robertsganj,Uttar Pradesh
231216,Robertsganj,Uttar Pradesh
231217,Renukoot,Uttar Pradesh
231218,Anpara,Uttar Pradesh
231219,Chopan,Uttar Pradesh
231220,Anpara,Uttar Pradesh
231221,Renukoot,Uttar Pradesh
231222,Anpara,Uttar Pradesh
231223,Bijpur,Uttar Pradesh
231224,Anpara,Uttar Pradesh
231225,Anpara,Uttar Pradesh
231226,Dudhinagar,Uttar Pradesh
231301,ChakiaUP,Uttar Pradesh
231302,Chunnar,Uttar Pradesh
231303,Mirzapur,Uttar Pradesh
231304,Chunnar,Uttar Pradesh
231305,Chunnar,Uttar Pradesh
231306,Chunnar,Uttar Pradesh
231307,Mirzapur,Uttar Pradesh
231309,Mirzapur,Uttar Pradesh
231311,Robertsganj,Uttar Pradesh
231312,Mirzapur,Uttar Pradesh
231313,Manda,Uttar Pradesh
231314,Varanasi,Uttar Pradesh
231501,Mirzapur,Uttar Pradesh
232101,Mughal Sarai,Uttar Pradesh
232102,Chandauli,Uttar Pradesh
232103,ChakiaUP,Uttar Pradesh
232104,Chandauli,Uttar Pradesh
232105,Chandauli,Uttar Pradesh
232106,Chandauli,Uttar Pradesh
232107,Aunrihar,Uttar Pradesh
232108,Chandauli,Uttar Pradesh
232109,Mughal Sarai,Uttar Pradesh
232110,Chandauli,Uttar Pradesh
232111,ChakiaUP,Uttar Pradesh
232114,Chakia,Uttar Pradesh
232116,Mughal Sarai,Uttar Pradesh
232118,ChakiaUP,Uttar Pradesh
232119,Chandauli,Uttar Pradesh
232120,Mughal Sarai,Uttar Pradesh
232221,Dudhinagar,Uttar Pradesh
232325,Gahmar,Uttar Pradesh
232326,Dildar Nagar,Uttar Pradesh
232327,Gahmar,Uttar Pradesh
232328,Gahmar,Uttar Pradesh
232329,Dildar Nagar,Uttar Pradesh
232330,Dildar Nagar,Uttar Pradesh
232331,Dildar Nagar,Uttar Pradesh
232332,Ghazipur,Uttar Pradesh
232333,Dildar Nagar,Uttar Pradesh
232336,Dildar Nagar,Uttar Pradesh
232339,Gahmar,Uttar Pradesh
232340,Dildar Nagar,Uttar Pradesh
232341,Ghazipur,Uttar Pradesh
233001,Ghazipur,Uttar Pradesh
233002,Ghazipur,Uttar Pradesh
233221,Aunrihar,Uttar Pradesh
233222,Mohammadabad,Uttar Pradesh
233223,Aunrihar,Uttar Pradesh
233224,Ghazipur,Uttar Pradesh
233225,Mohammadabad,Uttar Pradesh
233226,Mau,Uttar Pradesh
233227,Mohammadabad,Uttar Pradesh
233228,Phephna,Uttar Pradesh
233229,Mohammadabad,Uttar Pradesh
233230,Mohammadabad,Uttar Pradesh
233231,Mohammadabad,Uttar Pradesh
233232,Dildar Nagar,Uttar Pradesh
233233,Mohammadabad,Uttar Pradesh
233234,Mohammadabad,Uttar Pradesh
233300,Ghazipur,Uttar Pradesh
233301,Mohammadabad,Uttar Pradesh
233302,Aunrihar,Uttar Pradesh
233303,Ghazipur,Uttar Pradesh
233304,Aunrihar,Uttar Pradesh
233305,Ghazipur,Uttar Pradesh
233306,Aunrihar,Uttar Pradesh
233307,Aunrihar,Uttar Pradesh
233310,Ghazipur,Uttar Pradesh
233311,Ghazipur,Uttar Pradesh
241001,Hardoi,Uttar Pradesh
241121,Hardoi,Uttar Pradesh
241122,Hardoi,Uttar Pradesh
241123,Shahabad,Uttar Pradesh
241124,Shahabad,Uttar Pradesh
241125,Shahabad,Uttar Pradesh
241126,Sandila,Uttar Pradesh
241127,Sandila,Uttar Pradesh
241201,Sandila,Uttar Pradesh
241202,Sandila,Uttar Pradesh
241203,Sandila,Uttar Pradesh
241204,Sandila,Uttar Pradesh
241301,Madhoganj,Uttar Pradesh
241302,Madhoganj,Uttar Pradesh
241303,Madhoganj,Uttar Pradesh
241304,Mishrikh,Uttar Pradesh
241305,Madhoganj,Uttar Pradesh
241401,Harpalpur,Uttar Pradesh
241402,Harpalpur,Uttar Pradesh
241403,Hardoi,Uttar Pradesh
241404,Pihani,Uttar Pradesh
241405,Hardoi,Uttar Pradesh
241406,Shahabad,Uttar Pradesh
241407,Pihani,Uttar Pradesh
241502,Madhoganj,Uttar Pradesh
242001,Shahjahanpur,Uttar Pradesh
242005,Shahjahanpur,Uttar Pradesh
242021,Babrala,Uttar Pradesh
242042,Khutar,Uttar Pradesh
242123,Puranpur,Uttar Pradesh
242127,JalalabadUP,Uttar Pradesh
242220,JalalabadUP,Uttar Pradesh
242221,JalalabadUP,Uttar Pradesh
242223,Shahjahanpur,Uttar Pradesh
242226,Shahjahanpur,Uttar Pradesh
242301,Tilhar,Uttar Pradesh
242303,Tilhar,Uttar Pradesh
242305,Tilhar,Uttar Pradesh
242306,Shahjahanpur,Uttar Pradesh
242307,Tilhar,Uttar Pradesh
242401,Khutar,Uttar Pradesh
242405,Khutar,Uttar Pradesh
242406,Shahjahanpur,Uttar Pradesh
242407,Shahjahanpur,Uttar Pradesh
243001,Bareilly,Uttar Pradesh
243002,Bareilly,Uttar Pradesh
243003,Bareilly,Uttar Pradesh
243004,Bareilly,Uttar Pradesh
243005,Bareilly,Uttar Pradesh
243006,Bareilly,Uttar Pradesh
243122,Bareilly,Uttar Pradesh
243123,Bareilly,Uttar Pradesh
243124,Bareilly,Uttar Pradesh
243125,Faridpur,Uttar Pradesh
243126,Bareilly,Uttar Pradesh
243201,Baheri,Uttar Pradesh
243202,Bareilly,Uttar Pradesh
243203,Baheri,Uttar Pradesh
243301,Aonla,Uttar Pradesh
243302,Aonla,Uttar Pradesh
243303,Shahabad,Uttar Pradesh
243401,Aonla,Uttar Pradesh
243402,Dataganj,Uttar Pradesh
243403,Aonla,Uttar Pradesh
243407,Nawabganj-UP,Uttar Pradesh
243501,Bareilly,Uttar Pradesh
243502,Bareilly,Uttar Pradesh
243503,Faridpur,Uttar Pradesh
243504,Milak,Uttar Pradesh
243505,Baheri,Uttar Pradesh
243506,Faridpur,Uttar Pradesh
243601,Budaun,Uttar Pradesh
243630,Dataganj,Uttar Pradesh
243631,Budaun,Uttar Pradesh
243632,Chandausi,Uttar Pradesh
243633,Budaun,Uttar Pradesh
243634,Budaun,Uttar Pradesh
243635,Dataganj,Uttar Pradesh
243636,Sahaswan,Uttar Pradesh
243637,Budaun,Uttar Pradesh
243638,Sahaswan,Uttar Pradesh
243639,Budaun,Uttar Pradesh
243641,Budaun,Uttar Pradesh
243701,Rampur,Uttar Pradesh
243720,Chandausi,Uttar Pradesh
243722,Babrala,Uttar Pradesh
243723,Chandausi,Uttar Pradesh
243724,Sahaswan,Uttar Pradesh
243725,Aonla,Uttar Pradesh
243726,Aonla,Uttar Pradesh
243727,Anupshahar,Uttar Pradesh
243751,Babrala,Uttar Pradesh
244001,Moradabad,Uttar Pradesh
244004,Moradabad,Uttar Pradesh
244102,Amroha,Uttar Pradesh
244103,Moradabad,Uttar Pradesh
244104,Moradabad,Uttar Pradesh
244105,Moradabad,Uttar Pradesh
244221,Amroha,Uttar Pradesh
244222,Amroha,Uttar Pradesh
244223,Gajraula,Uttar Pradesh
244225,Amroha,Uttar Pradesh
244231,Gajraula,Uttar Pradesh
244235,Gajraula,Uttar Pradesh
244236,Amroha,Uttar Pradesh
244241,Gajraula,Uttar Pradesh
244242,Sambhal,Uttar Pradesh
244245,Amroha,Uttar Pradesh
244251,Amroha,Uttar Pradesh
244255,Anupshahar,Uttar Pradesh
244304,Sambhal,Uttar Pradesh
244401,Thakurdwara,Uttar Pradesh
244402,Moradabad,Uttar Pradesh
244410,Chandausi,Uttar Pradesh
244411,Chandausi,Uttar Pradesh
244412,Chandausi,Uttar Pradesh
244413,Chandausi,Uttar Pradesh
244414,Chandausi,Uttar Pradesh
244415,Chandausi,Uttar Pradesh
244501,Kanth,Uttar Pradesh
244502,Kanth,Uttar Pradesh
244504,Moradabad,Uttar Pradesh
244601,Thakurdwara,Uttar Pradesh
244602,Thakurdwara,Uttar Pradesh
244701,Rampur,Uttar Pradesh
244712,Kashipur,Uttar Pradesh
244713,Kashipur,Uttar Pradesh
244715,Ramnagar,Uttar Pradesh
244716,Kashipur,Uttar Pradesh
244717,Kashipur,Uttar Pradesh
244901,Rampur,Uttar Pradesh
244902,Moradabad,Uttar Pradesh
244921,Bilaspur-UP,Uttar Pradesh
244922,Shahabad,Uttar Pradesh
244923,Baheri,Uttar Pradesh
244924,Rampur,Uttar Pradesh
244925,Rampur,Uttar Pradesh
244926,Shahabad,Uttar Pradesh
244927,Rampur,Uttar Pradesh
244928,Rampur,Uttar Pradesh
245101,Hapur,Uttar Pradesh
245201,Hapur,Uttar Pradesh
245205,Gajraula,Uttar Pradesh
245206,Hapur,Uttar Pradesh
245207,Hapur,Uttar Pradesh
245208,Siyana,Uttar Pradesh
245301,Pilkhuwa,Uttar Pradesh
245304,Pilkhuwa,Uttar Pradesh
245402,Siyana,Uttar Pradesh
245403,Siyana,Uttar Pradesh
245405,Siyana,Uttar Pradesh
245406,Sikandrabad,Uttar Pradesh
245407,Siyana,Uttar Pradesh
245412,Siyana,Uttar Pradesh
246001,Pauri,Uttarakhand
246123,Paithani,Uttarakhand
246125,Pauri,Uttarakhand
246127,Kotdwara,Uttarakhand
246128,Gumkhal,Uttarakhand
246130,Paithani,Uttarakhand
246147,Pauri,Uttarakhand
246148,Srinagar-UK,Uttarakhand
246149,Kotdwara,Uttarakhand
246155,Gumkhal,Uttarakhand
246162,Gumkhal,Uttarakhand
246164,Pauri,Uttarakhand
246165,Pauri,Uttarakhand
246166,Pauri,Uttarakhand
246167,Gumkhal,Uttarakhand
246171,Rudraprayag,Uttarakhand
246172,Satpuli,Uttarakhand
246174,Srinagar-UK,Uttarakhand
246178,Srinagar-UK,Uttarakhand
246193,Gumkhal,Uttarakhand
246194,Pauri,Uttarakhand
246401,Chamoli,Uttarakhand
246421,Rudraprayag,Uttarakhand
246424,Chamoli,Uttarakhand
246425,Rudraprayag,Uttarakhand
246426,Chamoli,Uttarakhand
246428,Gairsain,Uttarakhand
246429,Karnaprayag,Uttarakhand
246440,Gairsain,Uttarakhand
246441,Tharali,Uttarakhand
246443,Joshimath,Uttarakhand
246444,Karnaprayag,Uttarakhand
246446,Karnaprayag,Uttarakhand
246448,Rudraprayag,Uttarakhand
246449,Chamoli,Uttarakhand
246455,Karnaprayag,Uttarakhand
246472,Chamoli,Uttarakhand
246473,Chamoli,Uttarakhand
246474,Chamoli,Uttarakhand
246481,Tharali,Uttarakhand
246482,Tharali,Uttarakhand
246483,Joshimath,Uttarakhand
246487,Chamoli,Uttarakhand
246488,Chamoli,Uttarakhand
246495,Rudraprayag,Uttarakhand
246701,Bijnor,Uttarakhand
246721,Bijnor,Uttarakhand
246722,Afjalgarh,Uttarakhand
246723,Bijnor,Uttarakhand
246724,Nagina,Uttarakhand
246725,Chandpur,Uttarakhand
246726,Bijnor,Uttarakhand
246727,Kanth,Uttarakhand
246728,Bijnor,Uttarakhand
246729,Chandpur,Uttarakhand
246731,Najibabad,Uttarakhand
246732,Najibabad,Uttarakhand
246733,Dhampur,Uttarakhand
246734,Chandpur,Uttarakhand
246735,Chandpur,Uttarakhand
246736,Chandpur,Uttarakhand
246737,Chandpur,Uttarakhand
246745,Kanth,Uttarakhand
246746,Kanth,Uttarakhand
246747,Dhampur,Uttarakhand
246749,Najibabad,Uttarakhand
246761,Dhampur,Uttarakhand
246762,Nagina,Uttarakhand
246763,Najibabad,Uttarakhand
246764,Bijnor,Uttarakhand
247001,Saharanpur,Uttar Pradesh
247002,Saharanpur,Uttar Pradesh
247120,Saharanpur,Uttar Pradesh
247121,Behat,Uttar Pradesh
247122,Saharanpur,Uttar Pradesh
247129,Behat,Uttar Pradesh
247231,Behat,Uttar Pradesh
247232,Saharanpur,Uttar Pradesh
247323,Saharanpur,Uttar Pradesh
247340,Rampur Maniharan,Uttar Pradesh
247341,Rampur Maniharan,Uttar Pradesh
247342,Rampur Maniharan,Uttar Pradesh
247343,Rampur Maniharan,Uttar Pradesh
247451,Rampur Maniharan,Uttar Pradesh
247452,Rampur Maniharan,Uttar Pradesh
247453,Rampur Maniharan,Uttar Pradesh
247470,Roorkee,Uttar Pradesh
247551,Saharanpur,Uttar Pradesh
247554,Deoband,Uttar Pradesh
247656,Roorkee,Uttar Pradesh
247661,Roorkee,Uttar Pradesh
247662,Chhutmalpur,Uttar Pradesh
247663,Laksar,Uttar Pradesh
247664,Roorkee,Uttar Pradesh
247665,Roorkee,Uttar Pradesh
247666,Roorkee,Uttar Pradesh
247667,Roorkee,Uttar Pradesh
247668,Roorkee,Uttar Pradesh
247669,Saharanpur,Uttar Pradesh
247670,Roorkee,Uttar Pradesh
247671,Laksar,Uttar Pradesh
247672,Saharanpur,Uttar Pradesh
247771,Shamli,Uttar Pradesh
247772,Thanabhawan,Uttar Pradesh
247773,Shamli,Uttar Pradesh
247774,Shamli,Uttar Pradesh
247775,Shamli,Uttar Pradesh
247776,Shamli,Uttar Pradesh
247777,Thanabhawan,Uttar Pradesh
247778,Shamli,Uttar Pradesh
248001,Dehradun,Uttarakhand
248002,Dehradun,Uttarakhand
248003,Dehradun,Uttarakhand
248004,Dehradun,Uttarakhand
248005,Dehradun,Uttarakhand
248006,Dehradun,Uttarakhand
248007,Dehradun,Uttarakhand
248008,Dehradun,Uttarakhand
248009,Dehradun,Uttarakhand
248010,Dehradun,Uttarakhand
248011,Dehradun,Uttarakhand
248012,Dehradun,Uttarakhand
248013,Dehradun,Uttarakhand
248014,Dehradun,Uttarakhand
248015,Dehradun,Uttarakhand
248018,Dehradun,Uttarakhand
248102,Dehradun,Uttarakhand
248110,Dehradun,Uttarakhand
248115,Dehradun,Uttarakhand
248121,Dehradun,Uttarakhand
248122,Mussoorie,Uttarakhand
248123,Chakrata,Uttarakhand
248125,Herbertpur,Uttarakhand
248126,Dehradun,Uttarakhand
248140,Doiwala,Uttarakhand
248141,Dehradun,Uttarakhand
248142,Herbertpur,Uttarakhand
248143,Doiwala,Uttarakhand
248145,Rishikesh,Uttarakhand
248146,Dehradun,Uttarakhand
248147,Dehradun,Uttarakhand
248159,Herbertpur,Uttarakhand
248160,Dehradun,Uttarakhand
248161,Dehradun,Uttarakhand
248171,Dehradun,Uttarakhand
248179,Mussoorie,Uttarakhand
248195,Dehradun,Uttarakhand
248196,Chakrata,Uttarakhand
248197,Dehradun,Uttarakhand
248198,Dehradun,Uttarakhand
248201,Dehradun,Uttarakhand
249001,Tehri,Uttarakhand
249122,Pauri,Uttarakhand
249124,Tehri,Uttarakhand
249126,Srinagar-UK,Uttarakhand
249137,Rishikesh,Uttarakhand
249145,Tehri,Uttarakhand
249151,Uttarkashi,Uttarakhand
249155,Ghansali,Uttarakhand
249161,Srinagar-UK,Uttarakhand
249175,Rishikesh,Uttarakhand
249193,Uttarkashi,Uttarakhand
249194,Uttarkashi,Uttarakhand
249196,Uttarkashi,Uttarakhand
249201,Rishikesh,Uttarakhand
249202,Rishikesh,Uttarakhand
249203,Rishikesh,Uttarakhand
249204,Rishikesh,Uttarakhand
249205,Rishikesh,Uttarakhand
249301,Pauri,Uttarakhand
249302,Rishikesh,Uttarakhand
249304,Rishikesh,Uttarakhand
249306,Rishikesh,Uttarakhand
249401,Haridwar,Uttarakhand
249402,Haridwar,Uttarakhand
249403,Haridwar,Uttarakhand
249404,Haridwar,Uttarakhand
249405,Roorkee,Uttarakhand
249407,Haridwar,Uttarakhand
249408,Haridwar,Uttarakhand
249409,Haridwar,Uttarakhand
249410,Haridwar,Uttarakhand
249411,Haridwar,Uttarakhand
250001,Meerut,Uttar Pradesh
250002,Meerut,Uttar Pradesh
250003,Meerut,Uttar Pradesh
250004,Meerut,Uttar Pradesh
250005,Meerut,Uttar Pradesh
250007,Meerut,Uttar Pradesh
250010,Meerut,Uttar Pradesh
250013,Meerut,Uttar Pradesh
250101,Baghpat,Uttar Pradesh
250102,Meerut,Uttar Pradesh
250103,Meerut,Uttar Pradesh
250104,Meerut,Uttar Pradesh
250105,Meerut,Uttar Pradesh
250106,Meerut,Uttar Pradesh
250110,Daurala,Uttar Pradesh
250205,Modinagar,Uttar Pradesh
250221,Daurala,Uttar Pradesh
250222,Daurala,Uttar Pradesh
250223,Daurala,Uttar Pradesh
250341,Meerut,Uttar Pradesh
250342,Daurala,Uttar Pradesh
250344,Meerut,Uttar Pradesh
250345,Baraut,Uttar Pradesh
250401,Mawana,Uttar Pradesh
250402,Meerut,Uttar Pradesh
250403,Meerut,Uttar Pradesh
250404,Mawana,Uttar Pradesh
250406,Meerut,Uttar Pradesh
250501,Meerut,Uttar Pradesh
250502,Meerut,Uttar Pradesh
250601,Baghpat,Uttar Pradesh
250606,Baghpat,Uttar Pradesh
250609,Baghpat,Uttar Pradesh
250611,Baraut,Uttar Pradesh
250612,Baraut,Uttar Pradesh
250615,Baghpat,Uttar Pradesh
250617,Baraut,Uttar Pradesh
250619,Baraut,Uttar Pradesh
250620,Baraut,Uttar Pradesh
250621,Baraut,Uttar Pradesh
250622,Baraut,Uttar Pradesh
250623,Baraut,Uttar Pradesh
250625,Baraut,Uttar Pradesh
250626,Modinagar,Uttar Pradesh
251001,Muzaffarnagar,Uttar Pradesh
251002,Muzaffarnagar,Uttar Pradesh
251003,Muzaffarnagar,Uttar Pradesh
251201,Khatauli,Uttar Pradesh
251202,Muzaffarnagar,Uttar Pradesh
251203,Khatauli,Uttar Pradesh
251301,Thanabhawan,Uttar Pradesh
251305,Budhana,Uttar Pradesh
251306,Muzaffarnagar,Uttar Pradesh
251307,Muzaffarnagar,Uttar Pradesh
251308,Muzaffarnagar,Uttar Pradesh
251309,Budhana,Uttar Pradesh
251310,Muzaffarnagar,Uttar Pradesh
251311,Muzaffarnagar,Uttar Pradesh
251314,Khatauli,Uttar Pradesh
251315,Khatauli,Uttar Pradesh
251316,Muzaffarnagar,Uttar Pradesh
251318,Budhana,Uttar Pradesh
251319,Budhana,Uttar Pradesh
251320,Khatauli,Uttar Pradesh
251327,Muzaffarnagar,Uttar Pradesh
261001,Sitapur,Uttar Pradesh
261121,Maholi,Uttar Pradesh
261125,Sitapur,Uttar Pradesh
261131,Sitapur,Uttar Pradesh
261135,Biswan,Uttar Pradesh
261136,Biswan,Uttar Pradesh
261141,Maholi,Uttar Pradesh
261145,Biswan,Uttar Pradesh
261151,Maholi,Uttar Pradesh
261201,Biswan,Uttar Pradesh
261202,Biswan,Uttar Pradesh
261203,Fatehpur-UP,Uttar Pradesh
261204,Fatehpur-UP,Uttar Pradesh
261205,Biswan,Uttar Pradesh
261206,Biswan,Uttar Pradesh
261207,Biswan,Uttar Pradesh
261208,Laharpur,Uttar Pradesh
261301,Sidhauli,Uttar Pradesh
261302,Sidhauli,Uttar Pradesh
261303,Sidhauli,Uttar Pradesh
261401,Mishrikh,Uttar Pradesh
261402,Mishrikh,Uttar Pradesh
261403,Mishrikh,Uttar Pradesh
261404,Sitapur,Uttar Pradesh
261405,Sitapur,Uttar Pradesh
261501,Lakhimpur,Uttar Pradesh
261502,Dhaurahara,Uttar Pradesh
261505,Mohammadi,Uttar Pradesh
261506,Lakhimpur,Uttar Pradesh
262001,Pilibhit,Uttar Pradesh
262121,Sitarganj,Uttar Pradesh
262122,Puranpur,Uttar Pradesh
262124,Puranpur,Uttar Pradesh
262201,Bisalpur,Uttar Pradesh
262202,Bisalpur,Uttar Pradesh
262203,Pilibhit,Uttar Pradesh
262302,Pilibhit,Uttar Pradesh
262305,Pilibhit,Uttar Pradesh
262308,Khatima,Uttar Pradesh
262309,Tanakpur,Uttar Pradesh
262310,Tanakpur,Uttar Pradesh
262311,Sitarganj,Uttar Pradesh
262401,Kashipur,Uttar Pradesh
262402,Haldwani,Uttar Pradesh
262405,Sitarganj,Uttar Pradesh
262406,Nawabganj-UP,Uttar Pradesh
262407,Nawabganj-UP,Uttar Pradesh
262501,Pithoragarh,Uttar Pradesh
262502,Pithoragarh,Uttar Pradesh
262520,Pithoragarh,Uttar Pradesh
262521,Pithoragarh,Uttar Pradesh
262522,Pithoragarh,Uttar Pradesh
262523,Lohaghat,Uttar Pradesh
262524,Lohaghat,Uttar Pradesh
262525,Lohaghat,Uttar Pradesh
262527,Lohaghat,Uttar Pradesh
262528,Lohaghat,Uttar Pradesh
262530,Pithoragarh,Uttar Pradesh
262531,Berinag,Uttar Pradesh
262532,Berinag,Uttar Pradesh
262533,Berinag,Uttar Pradesh
262534,Berinag,Uttar Pradesh
262540,Pithoragarh,Uttar Pradesh
262545,Dharchula,Uttar Pradesh
262550,Didihat,Uttar Pradesh
262551,Didihat,Uttar Pradesh
262552,Didihat,Uttar Pradesh
262554,Munsyari,Uttar Pradesh
262580,Lohaghat,Uttar Pradesh
262701,Lakhimpur,Uttar Pradesh
262702,Lakhimpur,Uttar Pradesh
262721,Lakhimpur,Uttar Pradesh
262722,Dhaurahara,Uttar Pradesh
262723,Dhaurahara,Uttar Pradesh
262724,Dhaurahara,Uttar Pradesh
262725,Lakhimpur,Uttar Pradesh
262726,Lakhimpur,Uttar Pradesh
262727,Maholi,Uttar Pradesh
262728,Lakhimpur,Uttar Pradesh
262801,Gola,Uttar Pradesh
262802,Gola,Uttar Pradesh
262803,Khutar,Uttar Pradesh
262804,Gola,Uttar Pradesh
262805,Gola,Uttar Pradesh
262901,Bailaha,Uttar Pradesh
262902,Bailaha,Uttar Pradesh
262903,Nighasan,Uttar Pradesh
262904,Bailaha,Uttar Pradesh
262905,Nighasan,Uttar Pradesh
262906,Nighasan,Uttar Pradesh
262907,Nighasan,Uttar Pradesh
262908,Nighasan,Uttar Pradesh
263001,Nainital,Uttarakhand
263002,Nainital,Uttarakhand
263126,Haldwani,Uttarakhand
263127,Nainital,Uttarakhand
263128,Nainital,Uttarakhand
263135,Nainital,Uttarakhand
263136,Nainital,Uttarakhand
263139,Haldwani,Uttarakhand
263140,Haldwani,Uttarakhand
263142,Rudrapur,Uttarakhand
263143,Rudrapur,Uttarakhand
263145,Rudrapur,Uttarakhand
263146,Rudrapur,Uttarakhand
263148,Rudrapur,Uttarakhand
263149,Rudrapur,Uttarakhand
263150,Rudrapur,Uttarakhand
263151,Sitarganj,Uttarakhand
263152,Rudrapur,Uttarakhand
263153,Rudrapur,Uttarakhand
263154,Rudrapur,Uttarakhand
263156,Nainital,Uttarakhand
263159,Ramnagar,Uttarakhand
263160,Rudrapur,Uttarakhand
263401,Kashipur,Uttarakhand
263601,Almora,Uttarakhand
263620,Almora,Uttarakhand
263621,Dwarahat,Uttarakhand
263624,Almora,Uttarakhand
263630,Bageshwar,Uttarakhand
263632,Bageshwar,Uttarakhand
263634,Bageshwar,Uttarakhand
263636,Almora,Uttarakhand
263637,Someshwar,Uttarakhand
263638,Someshwar,Uttarakhand
263639,Someshwar,Uttarakhand
263641,Baijnath-UK,Uttarakhand
263642,Bageshwar,Uttarakhand
263643,Almora,Uttarakhand
263645,Ranikhet,Uttarakhand
263646,Ranikhet,Uttarakhand
263651,Ranikhet,Uttarakhand
263652,Ranikhet,Uttarakhand
263653,Ranikhet,Uttarakhand
263655,Ranikhet,Uttarakhand
263656,Dwarahat,Uttarakhand
263663,Ranikhet,Uttarakhand
271001,Gonda,Uttar Pradesh
271002,Gonda,Uttar Pradesh
271003,Gonda,Uttar Pradesh
271006,Gonda,Uttar Pradesh
271122,Gonda,Uttar Pradesh
271123,Gonda,Uttar Pradesh
271124,Gonda,Uttar Pradesh
271125,Gonda,Uttar Pradesh
271126,Gonda,Uttar Pradesh
271129,Gonda,Uttar Pradesh
271201,Balrampur,Uttar Pradesh
271202,Gonda,Uttar Pradesh
271203,Balrampur,Uttar Pradesh
271204,Ikauna,Uttar Pradesh
271205,Balrampur,Uttar Pradesh
271206,Tulsipur,Uttar Pradesh
271207,Balrampur,Uttar Pradesh
271208,Tulsipur,Uttar Pradesh
271209,Itia Thok,Uttar Pradesh
271210,Tulsipur,Uttar Pradesh
271215,Balrampur,Uttar Pradesh
271301,Gonda,Uttar Pradesh
271302,Nawabganj,Uttar Pradesh
271303,Nawabganj,Uttar Pradesh
271304,Nawabganj,Uttar Pradesh
271305,Itava,Uttar Pradesh
271306,Utraula,Uttar Pradesh
271307,Domariyaganj,Uttar Pradesh
271308,Gonda,Uttar Pradesh
271309,Nawabganj,Uttar Pradesh
271310,Gonda,Uttar Pradesh
271311,Colonejganj,Uttar Pradesh
271312,Domariyaganj,Uttar Pradesh
271313,Itava,Uttar Pradesh
271319,Nawabganj,Uttar Pradesh
271401,Gonda,Uttar Pradesh
271402,Gonda,Uttar Pradesh
271403,Nawabganj,Uttar Pradesh
271502,Colonejganj,Uttar Pradesh
271503,Gonda,Uttar Pradesh
271504,Colonejganj,Uttar Pradesh
271601,Gonda,Uttar Pradesh
271602,Gonda,Uttar Pradesh
271603,Gonda,Uttar Pradesh
271604,Utraula,Uttar Pradesh
271605,Utraula,Uttar Pradesh
271607,Utraula,Uttar Pradesh
271609,Utraula,Uttar Pradesh
271801,Bahraich,Uttar Pradesh
271802,Bahraich,Uttar Pradesh
271803,Bhinga,Uttar Pradesh
271804,Bhinga,Uttar Pradesh
271805,Ikauna,Uttar Pradesh
271806,Bahraich,Uttar Pradesh
271821,Ikauna,Uttar Pradesh
271824,Bahraich,Uttar Pradesh
271825,Bahraich,Uttar Pradesh
271830,Nanpara,Uttar Pradesh
271831,Bhinga,Uttar Pradesh
271835,Ikauna,Uttar Pradesh
271840,Bhinga,Uttar Pradesh
271841,Colonejganj,Uttar Pradesh
271845,Ikauna,Uttar Pradesh
271851,Bahraich,Uttar Pradesh
271855,Nanpara,Uttar Pradesh
271861,Balrampur,Uttar Pradesh
271865,Nanpara,Uttar Pradesh
271870,Bahraich,Uttar Pradesh
271871,Bahraich,Uttar Pradesh
271872,Bahraich,Uttar Pradesh
271875,Bahraich,Uttar Pradesh
271881,Nanpara,Uttar Pradesh
271882,Nanpara,Uttar Pradesh
271901,Colonejganj,Uttar Pradesh
271902,Bahraich,Uttar Pradesh
271903,Colonejganj,Uttar Pradesh
271904,Colonejganj,Uttar Pradesh
272001,Basti,Uttar Pradesh
272002,Basti,Uttar Pradesh
272105,Basti,Uttar Pradesh
272123,Basti,Uttar Pradesh
272124,Basti,Uttar Pradesh
272125,Basti,Uttar Pradesh
272126,Basti,Uttar Pradesh
272127,Itava,Uttar Pradesh
272128,Harraiya,Uttar Pradesh
272129,Nawabganj,Uttar Pradesh
272130,Itava,Uttar Pradesh
272131,Harraiya,Uttar Pradesh
272148,Rudhauli,Uttar Pradesh
272150,Basti,Uttar Pradesh
272151,Basti,Uttar Pradesh
272152,Bansi,Uttar Pradesh
272153,Bansi,Uttar Pradesh
272154,Menhdawal,Uttar Pradesh
272155,Harraiya,Uttar Pradesh
272161,Harraiya,Uttar Pradesh
272163,Itava,Uttar Pradesh
272164,Khalilabad,Uttar Pradesh
272165,Sikriganj,Uttar Pradesh
272170,Khalilabad,Uttar Pradesh
272173,Khalilabad,Uttar Pradesh
272175,Khalilabad,Uttar Pradesh
272178,Khalilabad,Uttar Pradesh
272181,Itava,Uttar Pradesh
272182,Basti,Uttar Pradesh
272189,Domariyaganj,Uttar Pradesh
272190,Basti,Uttar Pradesh
272191,Domariyaganj,Uttar Pradesh
272192,Domariyaganj,Uttar Pradesh
272193,Utraula,Uttar Pradesh
272194,Rudhauli,Uttar Pradesh
272195,Domariyaganj,Uttar Pradesh
272199,Menhdawal,Uttar Pradesh
272201,Shohratgarh,Uttar Pradesh
272202,Naugarh,Uttar Pradesh
272203,Naugarh,Uttar Pradesh
272204,Naugarh,Uttar Pradesh
272205,Shohratgarh,Uttar Pradesh
272206,Naugarh,Uttar Pradesh
272207,Naugarh,Uttar Pradesh
272208,Naugarh,Uttar Pradesh
272270,Menhdawal,Uttar Pradesh
272271,Menhdawal,Uttar Pradesh
272301,Tanda,Uttar Pradesh
272302,Basti,Uttar Pradesh
273001,Gorakhpur,Uttar Pradesh
273002,Gorakhpur,Uttar Pradesh
273003,Gorakhpur,Uttar Pradesh
273004,Gorakhpur,Uttar Pradesh
273005,Gorakhpur,Uttar Pradesh
273006,Gorakhpur,Uttar Pradesh
273007,Gorakhpur,Uttar Pradesh
273008,Gorakhpur,Uttar Pradesh
273009,Gorakhpur,Uttar Pradesh
273010,Gorakhpur,Uttar Pradesh
273011,Gorakhpur,Uttar Pradesh
273012,Gorakhpur,Uttar Pradesh
273013,Gorakhpur,Uttar Pradesh
273014,Gorakhpur,Uttar Pradesh
273015,Gorakhpur,Uttar Pradesh
273016,Gorakhpur,Uttar Pradesh
273017,Gorakhpur,Uttar Pradesh
273151,Kaptanganj,Uttar Pradesh
273152,Bhathat,Uttar Pradesh
273155,Anandnagar,Uttar Pradesh
273157,Parsoni,Uttar Pradesh
273158,Anandnagar,Uttar Pradesh
273161,Anandnagar,Uttar Pradesh
273162,Parsoni,Uttar Pradesh
273163,Nichlaul,Uttar Pradesh
273164,Nautanwa,Uttar Pradesh
273165,Anandnagar,Uttar Pradesh
273201,Gauri Bazar,Uttar Pradesh
273202,Gorakhpur,Uttar Pradesh
273203,Gauri Bazar,Uttar Pradesh
273207,Nichlaul,Uttar Pradesh
273209,Gorakhpur,Uttar Pradesh
273211,Sikriganj,Uttar Pradesh
273212,Gorakhpur,Uttar Pradesh
273213,Sikriganj,Uttar Pradesh
273301,Kaptanganj,Uttar Pradesh
273302,Maharajganj,Uttar Pradesh
273303,Maharajganj,Uttar Pradesh
273304,Nichlaul,Uttar Pradesh
273305,Nichlaul,Uttar Pradesh
273306,Bhathat,Uttar Pradesh
273308,Nautanwa,Uttar Pradesh
273309,Parsoni,Uttar Pradesh
273310,Bhathat,Uttar Pradesh
273311,Nichlaul,Uttar Pradesh
273401,Gorakhpur,Uttar Pradesh
273402,Dohrighat,Uttar Pradesh
273403,Kauriram,Uttar Pradesh
273404,Sikriganj,Uttar Pradesh
273405,Kauriram,Uttar Pradesh
273406,Sikriganj,Uttar Pradesh
273407,Sikriganj,Uttar Pradesh
273408,Barhalganj,Uttar Pradesh
273409,Sikriganj,Uttar Pradesh
273411,Kauriram,Uttar Pradesh
273412,Barhalganj,Uttar Pradesh
273413,Kauriram,Uttar Pradesh
274001,Deoria,Uttar Pradesh
274003,Deoria,Uttar Pradesh
274149,Kaptanganj,Uttar Pradesh
274182,Barhaj,Uttar Pradesh
274201,Deoria,Uttar Pradesh
274202,Gauri Bazar,Uttar Pradesh
274203,Kushinagar,Uttar Pradesh
274204,Gauri Bazar,Uttar Pradesh
274205,Barhaj,Uttar Pradesh
274206,Kaptanganj,Uttar Pradesh
274207,Kushinagar,Uttar Pradesh
274208,Barhalganj,Uttar Pradesh
274301,Kaptanganj,Uttar Pradesh
274302,Sewarhi,Uttar Pradesh
274303,Padrauna,Uttar Pradesh
274304,Padrauna,Uttar Pradesh
274305,Kaptanganj,Uttar Pradesh
274306,Kaptanganj,Uttar Pradesh
274307,Padrauna,Uttar Pradesh
274308,Padrauna,Uttar Pradesh
274309,Padrauna,Uttar Pradesh
274401,Kushinagar,Uttar Pradesh
274402,Kushinagar,Uttar Pradesh
274403,Kushinagar,Uttar Pradesh
274404,Kushinagar,Uttar Pradesh
274405,Deoria,Uttar Pradesh
274406,Sewarhi,Uttar Pradesh
274407,Sewarhi,Uttar Pradesh
274408,Kushinagar,Uttar Pradesh
274409,Sewarhi,Uttar Pradesh
274501,Salempur,Uttar Pradesh
274502,Salempur,Uttar Pradesh
274505,Salempur,Uttar Pradesh
274506,Salempur,Uttar Pradesh
274508,Salempur,Uttar Pradesh
274509,Salempur,Uttar Pradesh
274601,Barhaj,Uttar Pradesh
274602,Salempur,Uttar Pradesh
274603,Barhaj,Uttar Pradesh
274604,Barhaj,Uttar Pradesh
274701,Salempur,Uttar Pradesh
274702,Salempur,Uttar Pradesh
274703,Salempur,Uttar Pradesh
274704,Salempur,Uttar Pradesh
274705,Salempur,Uttar Pradesh
274801,Khadda,Uttar Pradesh
274802,Khadda,Uttar Pradesh
274806,Deoria,Uttar Pradesh
274807,Deoria,Uttar Pradesh
274808,Salempur,Uttar Pradesh
275101,Mau,Uttar Pradesh
275102,Mau,Uttar Pradesh
275103,Mau,Uttar Pradesh
275105,Ghosi,Uttar Pradesh
275201,Mau,Uttar Pradesh
275202,Chiraiyakot,Uttar Pradesh
275203,Chiraiyakot,Uttar Pradesh
275204,Dullahpur,Uttar Pradesh
275205,Dullahpur,Uttar Pradesh
275301,Ghosi,Uttar Pradesh
275302,Ghosi,Uttar Pradesh
275303,Dohrighat,Uttar Pradesh
275304,Ghosi,Uttar Pradesh
275305,Mau,Uttar Pradesh
275306,Ghosi,Uttar Pradesh
275307,Ghosi,Uttar Pradesh
276001,Azamgarh,Uttar Pradesh
276121,Jiyanpur,Uttar Pradesh
276122,Jiyanpur,Uttar Pradesh
276123,Aunrihar,Uttar Pradesh
276124,Jiyanpur,Uttar Pradesh
276125,Jiyanpur,Uttar Pradesh
276126,Chiraiyakot,Uttar Pradesh
276127,Jiyanpur,Uttar Pradesh
276128,Azamgarh,Uttar Pradesh
276129,Chiraiyakot,Uttar Pradesh
276131,Chiraiyakot,Uttar Pradesh
276135,Nizamabad-UP,Uttar Pradesh
276136,Jiyanpur,Uttar Pradesh
276137,Rajesultanpur,Uttar Pradesh
276138,Jiyanpur,Uttar Pradesh
276139,Rajesultanpur,Uttar Pradesh
276140,Jiyanpur,Uttar Pradesh
276141,Rajesultanpur,Uttar Pradesh
276142,Rajesultanpur,Uttar Pradesh
276143,Jalalpur,Uttar Pradesh
276201,Kerakat,Uttar Pradesh
276202,Azamgarh,Uttar Pradesh
276203,Aunrihar,Uttar Pradesh
276204,Azamgarh,Uttar Pradesh
276205,Azamgarh,Uttar Pradesh
276206,Nizamabad-UP,Uttar Pradesh
276207,Azamgarh,Uttar Pradesh
276208,Nizamabad-UP,Uttar Pradesh
276288,Shahganj,Uttar Pradesh
276301,Azamgarh,Uttar Pradesh
276302,Azamgarh,Uttar Pradesh
276303,Azamgarh,Uttar Pradesh
276304,Sarai Meer,Uttar Pradesh
276305,Sarai Meer,Uttar Pradesh
276306,Ghosi,Uttar Pradesh
276402,Chiraiyakot,Uttar Pradesh
276403,Chiraiyakot,Uttar Pradesh
276404,Azamgarh,Uttar Pradesh
276405,Ghosi,Uttar Pradesh
276406,Azamgarh,Uttar Pradesh
277001,Ballia,Uttar Pradesh
277121,Ballia,Uttar Pradesh
277123,Ballia,Uttar Pradesh
277124,Sikandarpur,Uttar Pradesh
277201,Bariya,Uttar Pradesh
277202,Ballia,Uttar Pradesh
277203,Ballia,Uttar Pradesh
277205,Sahatwar,Uttar Pradesh
277207,Sikandarpur,Uttar Pradesh
277208,Bariya,Uttar Pradesh
277209,Sahatwar,Uttar Pradesh
277210,Ballia,Uttar Pradesh
277211,Sahatwar,Uttar Pradesh
277213,Bariya,Uttar Pradesh
277219,Ballia,Uttar Pradesh
277301,Ballia,Uttar Pradesh
277302,Sikandarpur,Uttar Pradesh
277303,Sikandarpur,Uttar Pradesh
277304,Ballia,Uttar Pradesh
277401,Ballia,Uttar Pradesh
277402,Ballia,Uttar Pradesh
277403,Sahatwar,Uttar Pradesh
277501,Phephna,Uttar Pradesh
277502,Ballia,Uttar Pradesh
277503,Ballia,Uttar Pradesh
277504,Phephna,Uttar Pradesh
277506,Ballia,Uttar Pradesh
281001,Mathura,Uttar Pradesh
281002,Mathura,Uttar Pradesh
281003,Mathura,Uttar Pradesh
281004,Mathura,Uttar Pradesh
281005,Mathura,Uttar Pradesh
281006,Mathura,Uttar Pradesh
281104,Hathras,Uttar Pradesh
281121,Vrindavan,Uttar Pradesh
281122,Mathura,Uttar Pradesh
281123,Mathura,Uttar Pradesh
281201,Chhata,Uttar Pradesh
281203,Chhata,Uttar Pradesh
281204,Vrindavan,Uttar Pradesh
281206,Hathras,Uttar Pradesh
281301,Mathura,Uttar Pradesh
281302,Mathura,Uttar Pradesh
281303,Mathura,Uttar Pradesh
281305,Mathura,Uttar Pradesh
281306,Hathras,Uttar Pradesh
281307,Hathras,Uttar Pradesh
281308,Mathura,Uttar Pradesh
281401,Chhata,Uttar Pradesh
281403,Chhata,Uttar Pradesh
281404,Chhata,Uttar Pradesh
281405,Chhata,Uttar Pradesh
281406,Vrindavan,Uttar Pradesh
281501,Mathura,Uttar Pradesh
281502,Mathura,Uttar Pradesh
281504,Chhata,Uttar Pradesh
282001,Agra,Uttar Pradesh
282002,Agra,Uttar Pradesh
282003,Agra,Uttar Pradesh
282004,Agra,Uttar Pradesh
282005,Agra,Uttar Pradesh
282006,Agra,Uttar Pradesh
282007,Agra,Uttar Pradesh
282008,Agra,Uttar Pradesh
282009,Agra,Uttar Pradesh
282010,Agra,Uttar Pradesh
283101,Kirauli,Uttar Pradesh
283102,Kirauli,Uttar Pradesh
283103,Firozabad,Uttar Pradesh
283104,Fatehabad-UP,Uttar Pradesh
283105,Agra,Uttar Pradesh
283110,Kirauli,Uttar Pradesh
283111,Fatehabad-UP,Uttar Pradesh
283112,Kheragarh,Uttar Pradesh
283113,Fatehabad-UP,Uttar Pradesh
283114,Fatehabad-UP,Uttar Pradesh
283115,Kheragarh,Uttar Pradesh
283119,Kheragarh,Uttar Pradesh
283121,Kheragarh,Uttar Pradesh
283122,Kirauli,Uttar Pradesh
283123,Fatehabad-UP,Uttar Pradesh
283124,Kheragarh,Uttar Pradesh
283125,Fatehabad-UP,Uttar Pradesh
283126,Agra,Uttar Pradesh
283130,Etah,Uttar Pradesh
283135,Shikohabad,Uttar Pradesh
283136,Shikohabad,Uttar Pradesh
283141,Shikohabad,Uttar Pradesh
283142,Shikohabad,Uttar Pradesh
283145,Shikohabad,Uttar Pradesh
283151,Shikohabad,Uttar Pradesh
283152,Etah,Uttar Pradesh
283201,Tundla,Uttar Pradesh
283202,Agra,Uttar Pradesh
283203,Firozabad,Uttar Pradesh
283204,Firozabad,Uttar Pradesh
283205,Firozabad,Uttar Pradesh
283206,Firozabad,Uttar Pradesh
283207,Firozabad,Uttar Pradesh
284001,Jhansi,Uttar Pradesh
284002,Jhansi,Uttar Pradesh
284003,Jhansi,Uttar Pradesh
284120,Jhansi,Uttar Pradesh
284121,Jhansi,Uttar Pradesh
284122,Lalitpur,Uttar Pradesh
284123,Lalitpur,Uttar Pradesh
284124,Lalitpur,Uttar Pradesh
284125,Talbahat,Uttar Pradesh
284126,Talbahat,Uttar Pradesh
284127,Jhansi,Uttar Pradesh
284128,Jhansi,Uttar Pradesh
284129,Jhansi,Uttar Pradesh
284135,Jhansi,Uttar Pradesh
284136,Talbahat,Uttar Pradesh
284201,Prithvipur,Uttar Pradesh
284202,Chirgaon,Uttar Pradesh
284203,Chirgaon,Uttar Pradesh
284204,Mauranipur,Uttar Pradesh
284205,Mauranipur,Uttar Pradesh
284206,Chirgaon,Uttar Pradesh
284301,Chirgaon,Uttar Pradesh
284302,Poonchh,Uttar Pradesh
284303,Chirgaon,Uttar Pradesh
284304,Chirgaon,Uttar Pradesh
284305,Chirgaon,Uttar Pradesh
284306,Chirgaon,Uttar Pradesh
284401,Jhansi,Uttar Pradesh
284402,Mahrauni,Uttar Pradesh
284403,Lalitpur,Uttar Pradesh
284404,Mahrauni,Uttar Pradesh
284405,Mahrauni,Uttar Pradesh
284406,Mahrauni,Uttar Pradesh
284419,Jhansi,Uttar Pradesh
284501,Lalitpur,Uttar Pradesh
285001,Orai,Uttar Pradesh
285121,Konch,Uttar Pradesh
285122,Orai,Uttar Pradesh
285123,Orai,Uttar Pradesh
285124,Jalaun,Uttar Pradesh
285125,Auraiya,Uttar Pradesh
285126,Jalaun,Uttar Pradesh
285127,Jalaun,Uttar Pradesh
285128,Jalaun,Uttar Pradesh
285129,Jalaun,Uttar Pradesh
285130,Jalaun,Uttar Pradesh
285201,Konch,Uttar Pradesh
285202,Orai,Uttar Pradesh
285203,Pukhrayan,Uttar Pradesh
285204,Pukhrayan,Uttar Pradesh
285205,Konch,Uttar Pradesh
285206,Konch,Uttar Pradesh
285223,Konch,Uttar Pradesh
301001,Alwar,Rajasthan
301002,Alwar,Rajasthan
301017,Bhiwadi,Rajasthan
301018,Bhiwadi,Rajasthan
301019,Bhiwadi,Rajasthan
301020,Neemrana,Rajasthan
301021,Laxmangarh,Rajasthan
301022,Viratnagar,Rajasthan
301023,Alwar,Rajasthan
301024,Bansur,Rajasthan
301025,Alwar,Rajasthan
301026,Alwar,Rajasthan
301027,Viratnagar,Rajasthan
301028,Alwar,Rajasthan
301030,Alwar,Rajasthan
301031,Alwar,Rajasthan
301032,Alwar,Rajasthan
301035,Laxmangarh,Rajasthan
301036,Tijara,Rajasthan
301101,Bhilwara,Rajasthan
301401,Rewari,Rajasthan
301402,Bansur,Rajasthan
301403,Khairthal,Rajasthan
301404,Khairthal,Rajasthan
301405,Khairthal,Rajasthan
301406,Rajgarh-RJ,Rajasthan
301407,Khairthal,Rajasthan
301408,Rajgarh-RJ,Rajasthan
301409,Rajgarh-RJ,Rajasthan
301410,Rajgarh-RJ,Rajasthan
301411,Tijara,Rajasthan
301412,Bansur,Rajasthan
301413,Rajgarh-RJ,Rajasthan
301414,Rajgarh-RJ,Rajasthan
301415,Laxmangarh,Rajasthan
301416,Bansur,Rajasthan
301417,Bhiwadi,Rajasthan
301418,Bhiwadi,Rajasthan
301420,Bhiwadi,Rajasthan
301423,Bhiwadi,Rajasthan
301424,Bhiwadi,Rajasthan
301427,Neemrana,Rajasthan
301604,Laxmangarh,Rajasthan
301701,Neemrana,Rajasthan
301702,Tijara,Rajasthan
301703,Neemrana,Rajasthan
301705,Neemrana,Rajasthan
301706,Neemrana,Rajasthan
301707,Bhiwadi,Rajasthan
301708,Neemrana,Rajasthan
301709,Neemrana,Rajasthan
301713,Narnaul,Rajasthan
301714,Neemrana,Rajasthan
302001,Jaipur,Rajasthan
302002,Jaipur,Rajasthan
302003,Jaipur,Rajasthan
302004,Jaipur,Rajasthan
302005,Jaipur,Rajasthan
302006,Jaipur,Rajasthan
302007,Jaipur,Rajasthan
302008,Jaipur,Rajasthan
302009,Jaipur,Rajasthan
302010,Jaipur,Rajasthan
302011,Jaipur,Rajasthan
302012,Jaipur,Rajasthan
302013,Jaipur,Rajasthan
302014,Jaipur,Rajasthan
302015,Jaipur,Rajasthan
302016,Jaipur,Rajasthan
302017,Jaipur,Rajasthan
302018,Jaipur,Rajasthan
302019,Jaipur,Rajasthan
302020,Jaipur,Rajasthan
302021,Jaipur,Rajasthan
302022,Jaipur,Rajasthan
302023,Jaipur,Rajasthan
302024,Jaipur,Rajasthan
302025,Jaipur,Rajasthan
302026,Jaipur,Rajasthan
302027,Jaipur,Rajasthan
302028,Jaipur,Rajasthan
302029,Jaipur,Rajasthan
302030,Jaipur,Rajasthan
302031,Jaipur,Rajasthan
302032,Jaipur,Rajasthan
302033,Jaipur,Rajasthan
302034,Jaipur,Rajasthan
302036,Jaipur,Rajasthan
302037,Jaipur,Rajasthan
302038,Jaipur,Rajasthan
302039,Jaipur,Rajasthan
302040,Jaipur,Rajasthan
302041,Jaipur,Rajasthan
302042,Jaipur,Rajasthan
302043,Jaipur,Rajasthan
302044,Kalwar,Rajasthan
302055,Jaipur,Rajasthan
303001,Dausa,Rajasthan
303002,Achrol,Rajasthan
303003,Viratnagar,Rajasthan
303004,Dausa,Rajasthan
303005,Dudu,Rajasthan
303006,Dudu,Rajasthan
303007,Jaipur,Rajasthan
303008,Dudu,Rajasthan
303009,Dudu,Rajasthan
303010,Phulera,Rajasthan
303011,Jaipur,Rajasthan
303101,Jaipur,Rajasthan
303102,Viratnagar,Rajasthan
303103,Paota,Rajasthan
303104,Achrol,Rajasthan
303105,Kotputli,Rajasthan
303106,Paota,Rajasthan
303107,Paota,Rajasthan
303108,Kotputli,Rajasthan
303109,Dausa,Rajasthan
303110,Viratnagar,Rajasthan
303119,Paota,Rajasthan
303120,Achrol,Rajasthan
303121,Achrol,Rajasthan
303122,Dudu,Rajasthan
303123,Renwal,Rajasthan
303301,Bassi,Rajasthan
303302,Bassi,Rajasthan
303303,Dausa,Rajasthan
303304,Bandikui,Rajasthan
303313,Bandikui,Rajasthan
303315,Bandikui,Rajasthan
303323,Bandikui,Rajasthan
303325,Bandikui,Rajasthan
303326,Bandikui,Rajasthan
303327,Rajgarh-RJ,Rajasthan
303328,Phulera,Rajasthan
303329,Phulera,Rajasthan
303330,Phulera,Rajasthan
303338,Phulera,Rajasthan
303339,Phulera,Rajasthan
303340,Phulera,Rajasthan
303348,Phulera,Rajasthan
303501,Bandikui,Rajasthan
303502,Bandikui,Rajasthan
303503,Lalsot,Rajasthan
303504,Lalsot,Rajasthan
303505,Lalsot,Rajasthan
303506,Dausa,Rajasthan
303507,Dausa,Rajasthan
303508,Bandikui,Rajasthan
303509,Mahwa,Rajasthan
303510,Lalsot,Rajasthan
303511,Lalsot,Rajasthan
303601,Shrimadhopur,Rajasthan
303602,Renwal,Rajasthan
303603,Renwal,Rajasthan
303604,Phulera,Rajasthan
303701,Kalwar,Rajasthan
303702,Chomu,Rajasthan
303704,Jaipur,Rajasthan
303706,Kalwar,Rajasthan
303712,Chomu,Rajasthan
303801,Chomu,Rajasthan
303803,Chomu,Rajasthan
303804,Chomu,Rajasthan
303805,Chomu,Rajasthan
303806,Chomu,Rajasthan
303807,Chomu,Rajasthan
303901,Chaksu,Rajasthan
303902,Jaipur,Rajasthan
303903,Chaksu,Rajasthan
303905,Jaipur,Rajasthan
304001,Tonk,Rajasthan
304005,Tonk,Rajasthan
304020,Tonk,Rajasthan
304021,Tonk,Rajasthan
304022,Tonk,Rajasthan
304023,Nainwa,Rajasthan
304024,Tonk,Rajasthan
304026,Tonk,Rajasthan
304505,Malpura,Rajasthan
304801,Tonk,Rajasthan
304802,Nainwa,Rajasthan
304804,Deoli-RJ,Rajasthan
305001,Ajmer,Rajasthan
305002,Ajmer,Rajasthan
305003,Ajmer,Rajasthan
305004,Ajmer,Rajasthan
305005,Ajmer,Rajasthan
305006,Ajmer,Rajasthan
305007,Ajmer,Rajasthan
305008,Ajmer,Rajasthan
305009,Ajmer,Rajasthan
305011,Ajmer,Rajasthan
305012,Ajmer,Rajasthan
305021,Ajmer,Rajasthan
305022,Ajmer,Rajasthan
305023,Ajmer,Rajasthan
305024,Ajmer,Rajasthan
305025,Ajmer,Rajasthan
305201,Ajmer,Rajasthan
305202,Beawar,Rajasthan
305203,Ajmer,Rajasthan
305204,Ajmer,Rajasthan
305205,Nasirabad,Rajasthan
305206,Ajmer,Rajasthan
305207,Ajmer,Rajasthan
305401,Nasirabad,Rajasthan
305402,Nasirabad,Rajasthan
305403,Kekri,Rajasthan
305404,Kekri,Rajasthan
305405,Kekri,Rajasthan
305406,Kekri,Rajasthan
305408,Kekri,Rajasthan
305415,Kekri,Rajasthan
305601,Nasirabad,Rajasthan
305621,Nasirabad,Rajasthan
305622,Bijainagar,Rajasthan
305623,Bijainagar,Rajasthan
305624,Bijainagar,Rajasthan
305625,Bijainagar,Rajasthan
305628,Bijainagar,Rajasthan
305629,Bijainagar,Rajasthan
305801,Kishangarh,Rajasthan
305802,Kishangarh,Rajasthan
305811,Kishangarh,Rajasthan
305812,Kishangarh,Rajasthan
305814,Parbatsar,Rajasthan
305815,Kishangarh,Rajasthan
305816,Kishangarh,Rajasthan
305817,Kishangarh,Rajasthan
305819,Parbatsar,Rajasthan
305901,Beawar,Rajasthan
305921,Badnaur,Rajasthan
305922,Beawar,Rajasthan
305925,Beawar,Rajasthan
305927,Beawar,Rajasthan
305929,Beawar,Rajasthan
306001,Marwar Junction,Rajasthan
306021,Marwar Junction,Rajasthan
306022,Khinwara,Rajasthan
306023,Marwar Junction,Rajasthan
306101,Ras,Rajasthan
306102,Beawar,Rajasthan
306103,Sojat,Rajasthan
306104,Sojat,Rajasthan
306105,Raipur-RJ,Rajasthan
306107,Beawar,Rajasthan
306114,Sojat,Rajasthan
306115,Falna,Rajasthan
306116,Falna,Rajasthan
306119,Khinwara,Rajasthan
306301,Bilara,Rajasthan
306302,Bilara,Rajasthan
306303,Raipur-RJ,Rajasthan
306304,Raipur-RJ,Rajasthan
306305,Raipur-RJ,Rajasthan
306306,Sojat,Rajasthan
306307,Raipur-RJ,Rajasthan
306308,Bilara,Rajasthan
306401,Pali,Rajasthan
306422,Pali,Rajasthan
306501,Pali,Rajasthan
306502,Khinwara,Rajasthan
306503,Khinwara,Rajasthan
306504,Pindwara,Rajasthan
306601,Khinwara,Rajasthan
306603,Khinwara,Rajasthan
306701,Falna,Rajasthan
306703,Khinwara,Rajasthan
306704,Khinwara,Rajasthan
306705,Falna,Rajasthan
306706,Falna,Rajasthan
306708,Sumerpur,Rajasthan
306709,Ras,Rajasthan
306902,Sumerpur,Rajasthan
306912,Sumerpur,Rajasthan
307001,Sirohi,Rajasthan
307019,Pindwara,Rajasthan
307020,Sirohi,Rajasthan
307021,Sirohi,Rajasthan
307022,Pindwara,Rajasthan
307023,Pindwara,Rajasthan
307026,Abu Road,Rajasthan
307027,Sumerpur,Rajasthan
307029,Jalore,Rajasthan
307031,Pindwara,Rajasthan
307032,Abu Road,Rajasthan
307043,Sirohi,Rajasthan
307501,Abu Road,Rajasthan
307510,Abu Road,Rajasthan
307511,Reodar,Rajasthan
307513,Reodar,Rajasthan
307514,Reodar,Rajasthan
307515,Bhinmal,Rajasthan
307801,Sirohi,Rajasthan
307802,Sirohi,Rajasthan
307803,Bhinmal,Rajasthan
311001,Bhilwara,Rajasthan
311011,Bhilwara,Rajasthan
311012,Bhilwara,Rajasthan
311013,Bhilwara,Rajasthan
311021,Bijainagar,Rajasthan
311022,Bijainagar,Rajasthan
311023,Bijainagar,Rajasthan
311024,Raila,Rajasthan
311026,Asind,Rajasthan
311028,Bhilwara,Rajasthan
311030,Raila,Rajasthan
311201,Deoli-RJ,Rajasthan
311204,Badnaur,Rajasthan
311301,Asind,Rajasthan
311302,Badnaur,Rajasthan
311401,Raila,Rajasthan
311403,Bhilwara,Rajasthan
311404,Shahpura,Rajasthan
311405,Bhilwara,Rajasthan
311407,Shahpura,Rajasthan
311408,Shahpura,Rajasthan
311601,Mandalgarh,Rajasthan
311602,Mandalgarh,Rajasthan
311603,Shahpura,Rajasthan
311604,Mandalgarh,Rajasthan
311605,Mandalgarh,Rajasthan
311802,Bhilwara,Rajasthan
311803,RaipurRJ,Rajasthan
311804,RaipurRJ,Rajasthan
312000,Chittaurgarh,Rajasthan
312001,Chittaurgarh,Rajasthan
312002,Chittaurgarh,Rajasthan
312021,Chittaurgarh,Rajasthan
312022,BassiRJ,Rajasthan
312023,Mandalgarh,Rajasthan
312024,Bhadsora,Rajasthan
312025,Chittaurgarh,Rajasthan
312027,Bhadsora,Rajasthan
312201,Chittaurgarh,Rajasthan
312202,Kapasan,Rajasthan
312203,Kapasan,Rajasthan
312204,Kapasan,Rajasthan
312205,Fatehnagar,Rajasthan
312401,Mandphiya,Rajasthan
312402,Bhadsora,Rajasthan
312403,Bari Sadri,Rajasthan
312404,Bari Sadri,Rajasthan
312601,Nimbahera,Rajasthan
312602,Bhadsora,Rajasthan
312603,Bhadsora,Rajasthan
312604,Chhoti Sadri,Rajasthan
312605,Pratapgarh-RJ,Rajasthan
312606,Jawad,Rajasthan
312612,Chittaurgarh,Rajasthan
312613,Chittaurgarh,Rajasthan
312614,Nimbahera,Rajasthan
312616,Pratapgarh-RJ,Rajasthan
312617,Nimbahera,Rajasthan
312618,Pratapgarh-RJ,Rajasthan
312620,Nimbahera,Rajasthan
312621,Pratapgarh-RJ,Rajasthan
312622,Chittaurgarh,Rajasthan
312623,Pratapgarh-RJ,Rajasthan
312901,Chittaurgarh,Rajasthan
312902,Chittaurgarh,Rajasthan
313001,Udaipur,Rajasthan
313002,Udaipur,Rajasthan
313003,Udaipur,Rajasthan
313004,Udaipur,Rajasthan
313011,Udaipur,Rajasthan
313013,Udaipur,Rajasthan
313014,Udaipur,Rajasthan
313016,Udaipur,Rajasthan
313021,Chittaurgarh,Rajasthan
313022,Udaipur,Rajasthan
313024,Udaipur,Rajasthan
313031,Jhadol,Rajasthan
313201,Udaipur,Rajasthan
313202,Rajsamand,Rajasthan
313203,Fatehnagar,Rajasthan
313204,Udaipur,Rajasthan
313205,Fatehnagar,Rajasthan
313206,Fatehnagar,Rajasthan
313207,Kapasan,Rajasthan
313211,Fatehnagar,Rajasthan
313301,Rajsamand,Rajasthan
313321,Kumbhalgarh,Rajasthan
313322,Rajsamand,Rajasthan
313323,Rajsamand,Rajasthan
313324,Rajsamand,Rajasthan
313327,Fatehnagar,Rajasthan
313328,Fatehnagar,Rajasthan
313329,Fatehnagar,Rajasthan
313330,Rajsamand,Rajasthan
313331,DeogarhRJ,Rajasthan
313332,DeogarhRJ,Rajasthan
313334,Rajsamand,Rajasthan
313341,DeogarhRJ,Rajasthan
313342,Rajsamand,Rajasthan
313601,Bhatewar,Rajasthan
313602,Bhatewar,Rajasthan
313603,Bhatewar,Rajasthan
313604,Mandphiya,Rajasthan
313701,Jhadol,Rajasthan
313702,Jhadol,Rajasthan
313704,Gogunda,Rajasthan
313705,Gogunda,Rajasthan
313801,Udaipur,Rajasthan
313803,Kherwara,Rajasthan
313804,Kherwara,Rajasthan
313901,Udaipur,Rajasthan
313902,Sarada,Rajasthan
313903,Sarada,Rajasthan
313904,Sarada,Rajasthan
313905,Sarada,Rajasthan
313906,Jhadol,Rajasthan
314001,Dungarpur,Rajasthan
314011,Dungarpur,Rajasthan
314021,Salumbar,Rajasthan
314022,Salumbar,Rajasthan
314023,Salumbar,Rajasthan
314024,Sagwara,Rajasthan
314025,Sagwara,Rajasthan
314026,Sagwara,Rajasthan
314027,Sagwara,Rajasthan
314029,Sagwara,Rajasthan
314031,Sagwara,Rajasthan
314032,Sagwara,Rajasthan
314034,Salumbar,Rajasthan
314038,Salumbar,Rajasthan
314401,Sagwara,Rajasthan
314402,Dungarpur,Rajasthan
314403,Simalwara,Rajasthan
314404,Dungarpur,Rajasthan
314406,Simalwara,Rajasthan
320006,Jaipur,Rajasthan
321001,Bharatpur,Rajasthan
321006,Kherli,Rajasthan
321021,Bharatpur,Rajasthan
321022,Kaman,Rajasthan
321023,Kaman,Rajasthan
321024,Nagar,Rajasthan
321025,Bharatpur,Rajasthan
321026,Bharatpur,Rajasthan
321028,Bayana,Rajasthan
321201,Bharatpur,Rajasthan
321202,Deeg,Rajasthan
321203,Bharatpur,Rajasthan
321205,Kherli,Rajasthan
321206,Nagar,Rajasthan
321301,Bharatpur,Rajasthan
321302,Bayana,Rajasthan
321303,Bharatpur,Rajasthan
321305,Bharatpur,Rajasthan
321401,Bayana,Rajasthan
321402,Bayana,Rajasthan
321403,Rupbas,Rajasthan
321404,Rupbas,Rajasthan
321405,Bayana,Rajasthan
321406,Weir,Rajasthan
321407,Weir,Rajasthan
321408,Weir,Rajasthan
321409,Weir,Rajasthan
321410,Bayana,Rajasthan
321411,Bayana,Rajasthan
321416,Bayana,Rajasthan
321601,Weir,Rajasthan
321602,Kherli,Rajasthan
321603,Bharatpur,Rajasthan
321605,Kherli,Rajasthan
321606,Kherli,Rajasthan
321607,Laxmangarh,Rajasthan
321608,Mahwa,Rajasthan
321609,Mahwa,Rajasthan
321610,Mahwa,Rajasthan
321611,Mahwa,Rajasthan
321612,Mahwa,Rajasthan
321613,Mahwa,Rajasthan
321614,Kherli,Rajasthan
321615,Mahwa,Rajasthan
321633,Laxmangarh,Rajasthan
321642,Kherli,Rajasthan
322001,Sawai Madhopur,Rajasthan
322021,Sawai Madhopur,Rajasthan
322022,Sawai Madhopur,Rajasthan
322024,Bonli,Rajasthan
322025,Khandar,Rajasthan
322026,Sawai Madhopur,Rajasthan
322027,Sawai Madhopur,Rajasthan
322028,Bonli,Rajasthan
322029,Sawai Madhopur,Rajasthan
322030,Bonli,Rajasthan
322033,Sawai Madhopur,Rajasthan
322034,Sawai Madhopur,Rajasthan
322201,Gangapur,Rajasthan
322202,Gangapur,Rajasthan
322203,Karauli,Rajasthan
322204,Nadoti,Rajasthan
322205,Karauli,Rajasthan
322212,Nadoti,Rajasthan
322213,Nadoti,Rajasthan
322214,Lalsot,Rajasthan
322215,Nadoti,Rajasthan
322216,Nadoti,Rajasthan
322218,Karauli,Rajasthan
322219,Gangapur,Rajasthan
322220,Karauli,Rajasthan
322230,Hindaun,Rajasthan
322232,Hindaun,Rajasthan
322234,Hindaun,Rajasthan
322236,Hindaun,Rajasthan
322238,Karauli,Rajasthan
322240,Mahwa,Rajasthan
322241,Karauli,Rajasthan
322242,Karauli,Rajasthan
322245,Karauli,Rajasthan
322249,Karauli,Rajasthan
322252,Hindaun,Rajasthan
322254,Hindaun,Rajasthan
322255,Karauli,Rajasthan
322701,Sawai Madhopur,Rajasthan
322702,Sawai Madhopur,Rajasthan
322703,Tonk,Rajasthan
322704,Tonk,Rajasthan
323001,Bundi,Rajasthan
323021,Bundi,Rajasthan
323022,Bundi,Rajasthan
323023,Bundi,Rajasthan
323024,Bundi,Rajasthan
323025,Bundi,Rajasthan
323026,Bundi,Rajasthan
323301,Keshoraipatan,Rajasthan
323303,Rawatbhata,Rajasthan
323304,Rawatbhata,Rajasthan
323305,Rawatbhata,Rajasthan
323306,Rawatbhata,Rajasthan
323307,Rawatbhata,Rajasthan
323601,Keshoraipatan,Rajasthan
323602,Keshoraipatan,Rajasthan
323603,Lakheri,Rajasthan
323613,Lakheri,Rajasthan
323614,Lakheri,Rajasthan
323615,Lakheri,Rajasthan
323616,Nainwa,Rajasthan
323801,Nainwa,Rajasthan
323802,Nainwa,Rajasthan
324001,Kota,Rajasthan
324002,Kota,Rajasthan
324003,Kota,Rajasthan
324004,Kota,Rajasthan
324005,Kota,Rajasthan
324006,Kota,Rajasthan
324007,Kota,Rajasthan
324008,Kota,Rajasthan
324009,Kota,Rajasthan
324010,Kota,Rajasthan
325001,Kota,Rajasthan
325003,Kota,Rajasthan
325004,Itawa,Rajasthan
325007,Kota,Rajasthan
325009,Itawa,Rajasthan
325201,Kota,Rajasthan
325202,Baran,Rajasthan
325203,Kota,Rajasthan
325204,Kota,Rajasthan
325205,Baran,Rajasthan
325207,Baran,Rajasthan
325208,Kota,Rajasthan
325209,Baran,Rajasthan
325214,Itawa,Rajasthan
325215,Baran,Rajasthan
325216,Kelwara,Rajasthan
325219,Kawai,Rajasthan
325220,Chhabra,Rajasthan
325222,Baran,Rajasthan
325223,Khanpur,Rajasthan
325224,Kelwara,Rajasthan
325601,Baran,Rajasthan
325602,Baran,Rajasthan
326001,Jhalawar,Rajasthan
326021,Jhalawar,Rajasthan
326023,Jhalawar,Rajasthan
326033,Aklera,Rajasthan
326034,Bhawani Mandi,Rajasthan
326035,Khanpur,Rajasthan
326037,Aklera,Rajasthan
326038,Khanpur,Rajasthan
326039,Aklera,Rajasthan
326501,Bhawani Mandi,Rajasthan
326502,Bhawani Mandi,Rajasthan
326510,Ramganj Mandi,Rajasthan
326512,Bhawani Mandi,Rajasthan
326513,Bhawani Mandi,Rajasthan
326515,Chaumahla,Rajasthan
326516,Chaumahla,Rajasthan
326517,Ramganj Mandi,Rajasthan
326518,Ramganj Mandi,Rajasthan
326519,Ramganj Mandi,Rajasthan
326520,Ramganj Mandi,Rajasthan
326529,Ramganj Mandi,Rajasthan
326530,Ramganj Mandi,Rajasthan
327001,Banswara,Rajasthan
327002,Banswara,Rajasthan
327007,Banswara,Rajasthan
327021,Ghatol,Rajasthan
327022,Sagwara,Rajasthan
327023,Ghatol,Rajasthan
327024,Sagwara,Rajasthan
327025,Banswara,Rajasthan
327026,Banswara,Rajasthan
327027,Ghatol,Rajasthan
327031,Banswara,Rajasthan
327032,Banswara,Rajasthan
327034,Banswara,Rajasthan
327601,Banswara,Rajasthan
327602,Kushalgarh,Rajasthan
327603,Banswara,Rajasthan
327604,Banswara,Rajasthan
327605,Sagwara,Rajasthan
327606,Kushalgarh,Rajasthan
327801,Kushalgarh,Rajasthan
328001,Dholpur,Rajasthan
328021,Bari,Rajasthan
328022,Bari,Rajasthan
328023,Kheragarh,Rajasthan
328024,Dholpur,Rajasthan
328027,Dholpur,Rajasthan
328028,Dholpur,Rajasthan
328029,Dholpur,Rajasthan
328030,Dholpur,Rajasthan
328031,Bari,Rajasthan
328041,Dholpur,Rajasthan
329090,Kota,Rajasthan
331001,Churu,Rajasthan
331021,Sardarshahr,Rajasthan
331022,Ratangarh,Rajasthan
331023,Rajgarh,Rajasthan
331024,Fatehpur-RJ,Rajasthan
331027,Deenwa,Rajasthan
331028,Malsisar,Rajasthan
331029,Sardarshahr,Rajasthan
331301,Bahal,Rajasthan
331302,Taranagar,Rajasthan
331303,Rajgarh,Rajasthan
331304,Taranagar,Rajasthan
331305,Pilani,Rajasthan
331306,Pilani,Rajasthan
331402,Sardarshahr,Rajasthan
331403,Sardarshahr,Rajasthan
331411,Sardarshahr,Rajasthan
331501,Sujangarh,Rajasthan
331502,Sujangarh,Rajasthan
331503,Sujangarh,Rajasthan
331504,Ratangarh,Rajasthan
331505,Ratangarh,Rajasthan
331506,Sujangarh,Rajasthan
331507,Sujangarh,Rajasthan
331517,Sujangarh,Rajasthan
331518,Sujangarh,Rajasthan
331701,Sidhmukh,Rajasthan
331801,Shri Dungargarh,Rajasthan
331802,Ratangarh,Rajasthan
331803,Shri Dungargarh,Rajasthan
332001,Sikar,Rajasthan
332002,Sikar,Rajasthan
332021,Sikar,Rajasthan
332022,Sikar,Rajasthan
332023,Ramgarh-RJ,Rajasthan
332024,Sikar,Rajasthan
332025,Ramgarh-RJ,Rajasthan
332026,Sikar,Rajasthan
332027,Sikar,Rajasthan
332028,Sikar,Rajasthan
332029,Sujangarh,Rajasthan
332030,Ramgarh-RJ,Rajasthan
332031,Nawalgarh,Rajasthan
332032,Sikar,Rajasthan
332039,Sikar,Rajasthan
332041,Sikar,Rajasthan
332042,Sikar,Rajasthan
332043,Sikar,Rajasthan
332301,Fatehpur-RJ,Rajasthan
332302,Fatehpur-RJ,Rajasthan
332303,Deenwa,Rajasthan
332304,Ratangarh,Rajasthan
332305,Deenwa,Rajasthan
332307,Deenwa,Rajasthan
332311,Laxmangarh,Rajasthan
332312,Sikar,Rajasthan
332315,Laxmangarh-RJ,Rajasthan
332316,Balaran,Rajasthan
332317,Laxmangarh-RJ,Rajasthan
332401,Balaran,Rajasthan
332402,Khandela,Rajasthan
332403,Bajore,Rajasthan
332404,Reengus,Rajasthan
332405,Khandela,Rajasthan
332407,Sikar,Rajasthan
332411,Reengus,Rajasthan
332602,Reengus,Rajasthan
332603,Reengus,Rajasthan
332701,Shrimadhopur,Rajasthan
332702,Ramgarh-RJ,Rajasthan
332703,Ramgarh-RJ,Rajasthan
332705,Neem ka Thana,Rajasthan
332706,Khandela,Rajasthan
332707,Ajeetgarh,Rajasthan
332708,Khandela,Rajasthan
332709,Khandela,Rajasthan
332710,Renwal,Rajasthan
332711,Neem ka Thana,Rajasthan
332712,Shrimadhopur,Rajasthan
332713,Neem ka Thana,Rajasthan
332714,Neem ka Thana,Rajasthan
332715,Reengus,Rajasthan
332716,Neem ka Thana,Rajasthan
332718,Neem ka Thana,Rajasthan
332719,Reengus,Rajasthan
332721,Khandela,Rajasthan
332722,Khandela,Rajasthan
332742,Renwal,Rajasthan
332746,Buhana,Rajasthan
333001,Jhunjhunu,Rajasthan
333011,Jhunjhunu,Rajasthan
333012,Udaipurwati,Rajasthan
333020,Buhana,Rajasthan
333021,Udaipurwati,Rajasthan
333022,Udaipurwati,Rajasthan
333023,Jhunjhunu,Rajasthan
333024,Jhunjhunu,Rajasthan
333025,Malsisar,Rajasthan
333026,Pilani,Rajasthan
333027,Pilani,Rajasthan
333028,Sultana,Rajasthan
333029,Pilani,Rajasthan
333030,Pilani,Rajasthan
333031,Pilani,Rajasthan
333032,Udaipurwati,Rajasthan
333033,Buhana,Rajasthan
333034,Buhana,Rajasthan
333035,Pilani,Rajasthan
333036,Buhana,Rajasthan
333040,Pilani,Rajasthan
333041,Deenwa,Rajasthan
333042,Nawalgarh,Rajasthan
333043,Sikar,Rajasthan
333045,Sikar,Rajasthan
333053,Gudha Gorji,Rajasthan
333302,Udaipurwati,Rajasthan
333303,Udaipurwati,Rajasthan
333304,Udaipurwati,Rajasthan
333305,Udaipurwati,Rajasthan
333307,Udaipurwati,Rajasthan
333308,Udaipurwati,Rajasthan
333310,Neem ka Thana,Rajasthan
333501,Neem ka Thana,Rajasthan
333502,Buhana,Rajasthan
333503,Khetri Nagar,Rajasthan
333504,Khetri Nagar,Rajasthan
333514,Buhana,Rajasthan
333515,Buhana,Rajasthan
333516,Buhana,Rajasthan
333517,Buhana,Rajasthan
333701,Deenwa,Rajasthan
333702,Udaipurwati,Rajasthan
333704,Deenwa,Rajasthan
333705,Nawalgarh,Rajasthan
333707,Jhunjhunu,Rajasthan
333801,Neem ka Thana,Rajasthan
334001,Bikaner,Rajasthan
334002,Bikaner,Rajasthan
334003,Bikaner,Rajasthan
334004,Bikaner,Rajasthan
334005,Bikaner,Rajasthan
334006,Bikaner,Rajasthan
334022,Bikaner,Rajasthan
334023,Khajuwala,Rajasthan
334201,Bikaner,Rajasthan
334202,Bikaner,Rajasthan
334302,Kolayat,Rajasthan
334401,Bikaner,Rajasthan
334402,Bikaner,Rajasthan
334403,Bikaner,Rajasthan
334404,Bikaner,Rajasthan
334601,Lunkaransar,Rajasthan
334602,Lunkaransar,Rajasthan
334603,Lunkaransar,Rajasthan
334604,Lunkaransar,Rajasthan
334801,Bikaner,Rajasthan
334802,Nokha,Rajasthan
334803,Nokha,Rajasthan
334804,Kolayat,Rajasthan
335001,Ganga Nagar,Rajasthan
335002,Ganga Nagar,Rajasthan
335021,Raisinghnagar,Rajasthan
335022,Ganga Nagar,Rajasthan
335023,PadampurRJ,Rajasthan
335024,Raisinghnagar,Rajasthan
335025,Ganga Nagar,Rajasthan
335027,PadampurRJ,Rajasthan
335037,Ganga Nagar,Rajasthan
335038,Ganga Nagar,Rajasthan
335039,PadampurRJ,Rajasthan
335040,Padampur-RJ,Rajasthan
335041,Raisinghnagar,Rajasthan
335051,Raisinghnagar,Rajasthan
335061,PadampurRJ,Rajasthan
335062,Sangaria,Rajasthan
335063,Sangaria,Rajasthan
335064,Hanumangarh,Rajasthan
335065,Hanumangarh,Rajasthan
335073,PadampurRJ,Rajasthan
335501,Bhadra,Rajasthan
335502,Bhadra,Rajasthan
335503,Bhadra,Rajasthan
335504,Bhadra,Rajasthan
335511,Bhadra,Rajasthan
335512,Hanumangarh,Rajasthan
335513,Hanumangarh,Rajasthan
335523,Nohar,Rajasthan
335524,Rawatsar,Rajasthan
335525,Sangaria,Rajasthan
335526,Sangaria,Rajasthan
335701,Anupgarh,Rajasthan
335702,Srivijaynagar,Rajasthan
335703,Srivijaynagar,Rajasthan
335704,Srivijaynagar,Rajasthan
335705,Suratgarh,Rajasthan
335707,Gharsana,Rajasthan
335711,Gharsana,Rajasthan
335801,Pilibanga,Rajasthan
335802,Hanumangarh,Rajasthan
335803,Pilibanga,Rajasthan
335804,Suratgarh,Rajasthan
335805,Suratgarh,Rajasthan
335901,Ganga Nagar,Rajasthan
341001,Nagaur,Rajasthan
341012,Nagaur,Rajasthan
341013,Nagaur,Rajasthan
341021,Nagaur,Rajasthan
341022,Nagaur,Rajasthan
341023,Tarnau,Rajasthan
341024,Tarnau,Rajasthan
341025,Khimsar,Rajasthan
341026,Nagaur,Rajasthan
341027,Nagaur,Rajasthan
341028,Khimsar,Rajasthan
341029,Nokha,Rajasthan
341030,Tarnau,Rajasthan
341301,Khatu Khurd,Rajasthan
341302,Khatu Khurd,Rajasthan
341303,Didwana,Rajasthan
341304,Sujangarh,Rajasthan
341305,Didwana,Rajasthan
341306,Sujangarh,Rajasthan
341316,Sujangarh,Rajasthan
341318,Khatu Khurd,Rajasthan
341319,Khatu Khurd,Rajasthan
341501,Parbatsar,Rajasthan
341502,Parbatsar,Rajasthan
341503,Degana,Rajasthan
341504,Degana,Rajasthan
341505,Parbatsar,Rajasthan
341506,Didwana,Rajasthan
341507,Renwal,Rajasthan
341508,Kuchaman City,Rajasthan
341509,Kuchaman City,Rajasthan
341512,Parbatsar,Rajasthan
341514,Degana,Rajasthan
341515,Degana,Rajasthan
341516,Kuchaman,Rajasthan
341517,Kuchaman,Rajasthan
341520,Makrana,Rajasthan
341522,Phulera,Rajasthan
341528,Kuchaman City,Rajasthan
341533,Kuchaman City,Rajasthan
341542,Makrana,Rajasthan
341551,Didwana,Rajasthan
342001,Jodhpur,Rajasthan
342002,Jodhpur,Rajasthan
342003,Jodhpur,Rajasthan
342004,Jodhpur,Rajasthan
342005,Jodhpur,Rajasthan
342006,Jodhpur,Rajasthan
342007,Jodhpur,Rajasthan
342008,Jodhpur,Rajasthan
342009,Jodhpur,Rajasthan
342010,Jodhpur,Rajasthan
342011,Jodhpur,Rajasthan
342012,Jodhpur,Rajasthan
342013,Jodhpur,Rajasthan
342014,Jodhpur,Rajasthan
342015,Jodhpur,Rajasthan
342016,Jodhpur,Rajasthan
342018,Jodhpur,Rajasthan
342019,Jodhpur,Rajasthan
342020,Jodhpur,Rajasthan
342022,Phalsund,Rajasthan
342026,Jodhpur,Rajasthan
342027,Jodhpur,Rajasthan
342029,Khimsar,Rajasthan
342033,Jodhpur,Rajasthan
342037,Mathania,Rajasthan
342301,Phalodi,Rajasthan
342303,Mathania,Rajasthan
342304,Jodhpur,Rajasthan
342305,Mathania,Rajasthan
342306,Mathania,Rajasthan
342307,Ghator,Rajasthan
342601,Piparcity,Rajasthan
342602,Bilara,Rajasthan
342603,Gotan,Rajasthan
342604,Piparcity,Rajasthan
342902,Gotan,Rajasthan
343001,Jalore,Rajasthan
343002,Jalore,Rajasthan
343024,Sirohi,Rajasthan
343025,Jalore,Rajasthan
343026,Jalore,Rajasthan
343027,Sanchore,Rajasthan
343029,Bhinmal,Rajasthan
343030,Bhinmal,Rajasthan
343039,Bhinmal,Rajasthan
343040,Bhinmal,Rajasthan
343041,Sanchore,Rajasthan
343042,Jalore,Rajasthan
343043,Balotra,Rajasthan
343048,Bhinmal,Rajasthan
343049,Bhinmal,Rajasthan
344001,Barmer,Rajasthan
344021,Siwana,Rajasthan
344022,Balotra,Rajasthan
344023,Balotra,Rajasthan
344024,Balotra,Rajasthan
344027,Balotra,Rajasthan
344028,Balotra,Rajasthan
344032,Balotra,Rajasthan
344037,Phalsund,Rajasthan
344043,Siwana,Rajasthan
344044,Siwana,Rajasthan
344701,Sheo,Rajasthan
344705,Sheo,Rajasthan
345001,Jaisalmer,Rajasthan
345002,Jaisalmer,Rajasthan
345021,Pokhran,Rajasthan
345023,Pokhran,Rajasthan
345024,Phalsund,Rajasthan
345025,Phalsund,Rajasthan
345027,Sheo,Rajasthan
346002,Bhavnagar,Rajasthan
346003,Bhavnagar,Rajasthan
346004,Bhavnagar,Rajasthan
346005,Bhavnagar,Rajasthan
360001,Rajkot,Gujarat
360002,Rajkot,Gujarat
360003,Rajkot,Gujarat
360004,Rajkot,Gujarat
360005,Rajkot,Gujarat
360006,Rajkot,Gujarat
360007,Rajkot,Gujarat
360008,Rajkot,Gujarat
360011,Rajkot,Gujarat
360012,Rajkot,Gujarat
360013,Rajkot,Gujarat
360018,Rajkot,Gujarat
360020,Rajkot,Gujarat
360021,Rajkot,Gujarat
360022,Rajkot,Gujarat
360024,Rajkot,Gujarat
360026,Rajkot,Gujarat
360030,Gondal,Gujarat
360034,Rajkot,Gujarat
360035,Rajkot,Gujarat
360040,Jasdan,Gujarat
360045,Amreli,Gujarat
360050,Jasdan,Gujarat
360055,Jasdan,Gujarat
360060,Jasdan,Gujarat
360070,Gondal,Gujarat
360110,Dhrol,Gujarat
360150,Bhanvad,Gujarat
360311,Gondal,Gujarat
360320,Gondal,Gujarat
360325,Amreli,Gujarat
360330,Amreli,Gujarat
360360,Jetpur,Gujarat
360370,Jetpur,Gujarat
360375,Jetpur,Gujarat
360380,Jetpur,Gujarat
360405,Dhoraji,Gujarat
360410,Dhoraji,Gujarat
360421,Dhoraji,Gujarat
360430,Upleta,Gujarat
360440,Dhoraji,Gujarat
360450,Upleta,Gujarat
360460,Upleta,Gujarat
360470,Upleta,Gujarat
360480,Jamjodhpur,Gujarat
360490,Upleta,Gujarat
360510,Bhanvad,Gujarat
360515,Bhanvad,Gujarat
360520,Jamjodhpur,Gujarat
360530,Jamjodhpur,Gujarat
360531,Jamjodhpur,Gujarat
360545,Porbandar,Gujarat
360550,Porbandar,Gujarat
360560,Porbandar,Gujarat
360570,Kutiyana,Gujarat
360575,Porbandar,Gujarat
360576,Porbandar,Gujarat
360577,Porbandar,Gujarat
360578,Porbandar,Gujarat
360579,Porbandar,Gujarat
360585,Porbandar,Gujarat
360590,Bhanvad,Gujarat
361001,Jamnagar,Gujarat
361002,Jamnagar,Gujarat
361003,Jamnagar,Gujarat
361004,Jamnagar,Gujarat
361005,Jamnagar,Gujarat
361006,Jamnagar,Gujarat
361007,Jamnagar,Gujarat
361008,Jamnagar,Gujarat
361009,Jamnagar,Gujarat
361010,Khambhalia,Gujarat
361011,Dhrol,Gujarat
361013,Kalavad,Gujarat
361101,Jamnagar,Gujarat
361110,Jamnagar,Gujarat
361120,Jamnagar,Gujarat
361130,Dhrol,Gujarat
361140,Jamnagar,Gujarat
361141,Jamnagar,Gujarat
361142,Jamnagar,Gujarat
361150,Jamnagar,Gujarat
361160,Kalavad,Gujarat
361162,Kalavad,Gujarat
361170,Khambhalia,Gujarat
361210,Dhrol,Gujarat
361220,Dhrol,Gujarat
361230,Dhrol,Gujarat
361240,Dhrol,Gujarat
361250,Dhrol,Gujarat
361280,Khambhalia,Gujarat
361305,Khambhalia,Gujarat
361306,Khambhalia,Gujarat
361310,Khambhalia,Gujarat
361315,Bhatiya,Gujarat
361320,Bhatiya,Gujarat
361325,Bhatiya,Gujarat
361330,Dwarka,Gujarat
361335,Dwarka,Gujarat
361336,Dwarka,Gujarat
361345,Dwarka,Gujarat
361347,Dwarka,Gujarat
361350,Dwarka,Gujarat
362001,Junagadh,Gujarat
362002,Junagadh,Gujarat
362003,Junagadh,Gujarat
362004,Junagadh,Gujarat
362011,Dhoraji,Gujarat
362014,Junagadh,Gujarat
362015,Junagadh,Gujarat
362020,Bhesan,Gujarat
362030,Bhesan,Gujarat
362037,Junagadh,Gujarat
362110,Junagadh,Gujarat
362120,Visavadar,Gujarat
362130,Visavadar,Gujarat
362135,Talala,Gujarat
362140,Talala,Gujarat
362150,Talala,Gujarat
362205,Junagadh,Gujarat
362215,Mendarda,Gujarat
362220,Keshod,Gujarat
362221,Keshod,Gujarat
362222,Keshod,Gujarat
362225,Keshod,Gujarat
362226,Keshod,Gujarat
362227,Keshod,Gujarat
362229,Keshod,Gujarat
362230,Madhavpur,Gujarat
362231,Keshod,Gujarat
362235,Keshod,Gujarat
362240,Madhavpur,Gujarat
362245,Keshod,Gujarat
362250,Keshod,Gujarat
362255,Veraval,Gujarat
362256,Veraval,Gujarat
362258,Veraval,Gujarat
362260,Mendarda,Gujarat
362263,Mendarda,Gujarat
362265,Veraval,Gujarat
362266,Veraval,Gujarat
362267,Veraval,Gujarat
362268,Veraval,Gujarat
362269,Veraval,Gujarat
362275,Veraval,Gujarat
362276,Veraval,Gujarat
362310,Junagadh,Gujarat
362315,Jetpur,Gujarat
362510,UNA,Gujarat
362520,UNA,Gujarat
362530,Girgadhada,Gujarat
362540,UNA,Gujarat
362550,UNA,Gujarat
362560,UNA,Gujarat
362565,UNA,Gujarat
362570,UNA,Gujarat
362571,UNA,Gujarat
362610,Junagadh,Gujarat
362620,Manavadar,Gujarat
362625,Manavadar,Gujarat
362630,Manavadar,Gujarat
362640,Manavadar,Gujarat
362650,Kutiyana,Gujarat
362710,Kodinar,Gujarat
362715,Kodinar,Gujarat
362720,Kodinar,Gujarat
362725,Kodinar,Gujarat
363001,Surendranagar,Gujarat
363002,Surendranagar,Gujarat
363007,Surendranagar,Gujarat
363020,Surendranagar,Gujarat
363030,Surendranagar,Gujarat
363031,Surendranagar,Gujarat
363035,Surendranagar,Gujarat
363039,Surendranagar,Gujarat
363040,Surendranagar,Gujarat
363110,Surendranagar,Gujarat
363115,Patdi,Gujarat
363310,Dhrangadhra,Gujarat
363330,Halvad,Gujarat
363334,Halvad,Gujarat
363351,Halvad,Gujarat
363410,Limbdi,Gujarat
363415,Limbdi,Gujarat
363421,Limbdi,Gujarat
363423,Limbdi,Gujarat
363427,Limbdi,Gujarat
363430,Chotila,Gujarat
363435,Surendranagar,Gujarat
363440,Limbdi,Gujarat
363510,Limbdi,Gujarat
363520,Chotila,Gujarat
363530,Chotila,Gujarat
363621,Wankaner,Gujarat
363622,Wankaner,Gujarat
363623,Wankaner,Gujarat
363631,Veraval,Gujarat
363641,Morbi,Gujarat
363642,Morbi,Gujarat
363650,Morbi,Gujarat
363655,Dhrol,Gujarat
363745,Patdi,Gujarat
363750,Viramgam,Gujarat
363755,Viramgam,Gujarat
363760,Patdi,Gujarat
363765,Patdi,Gujarat
364001,Bhavnagar,Gujarat
364002,Bhavnagar,Gujarat
364003,Bhavnagar,Gujarat
364004,Bhavnagar,Gujarat
364005,Bhavnagar,Gujarat
364006,Bhavnagar,Gujarat
364055,Bhavnagar,Gujarat
364060,Bhavnagar,Gujarat
364061,Bhavnagar,Gujarat
364071,Bhavnagar,Gujarat
364081,Talaja,Gujarat
364110,Bhavnagar,Gujarat
364120,Rajaparatwo,Gujarat
364130,Mahuva,Gujarat
364140,Rajaparatwo,Gujarat
364145,Mahuva,Gujarat
364150,Rajaparatwo,Gujarat
364210,Sihor,Gujarat
364230,Dhasa,Gujarat
364240,Sihor,Gujarat
364241,Bhavnagar,Gujarat
364250,Sihor,Gujarat
364260,Sihor,Gujarat
364270,Palitana,Gujarat
364275,Palitana,Gujarat
364290,Mahuva,Gujarat
364295,Mahuva,Gujarat
364310,Sihor,Gujarat
364315,Botad,Gujarat
364320,Sihor,Gujarat
364330,Sihor,Gujarat
364505,Palitana,Gujarat
364515,Amreli,Gujarat
364522,Savarkundla,Gujarat
364530,Savarkundla,Gujarat
364540,Amreli,Gujarat
364560,Rajula,Gujarat
364565,Amreli,Gujarat
364710,Botad,Gujarat
364720,Botad,Gujarat
364730,Dhasa,Gujarat
364740,Dhasa,Gujarat
364750,Botad,Gujarat
365001,Rajkot,Gujarat
365220,Dhasa,Gujarat
365410,Amreli,Gujarat
365421,Dhasa,Gujarat
365430,Amreli,Gujarat
365435,Dhasa,Gujarat
365440,Amreli,Gujarat
365450,Amreli,Gujarat
365455,Amreli,Gujarat
365456,Amreli,Gujarat
365460,Amreli,Gujarat
365480,Bhesan,Gujarat
365535,Amreli,Gujarat
365540,Rajula,Gujarat
365541,Rajula,Gujarat
365555,Rajula,Gujarat
365560,Rajula,Gujarat
365601,Amreli,Gujarat
365610,Amreli,Gujarat
365620,Amreli,Gujarat
365630,Savarkundla,Gujarat
365635,Savarkundla,Gujarat
365640,Savarkundla,Gujarat
365645,Visavadar,Gujarat
365650,Visavadar,Gujarat
370001,Bhuj,Gujarat
370006,Bhuj,Gujarat
370007,Bhuj,Gujarat
370020,Bhuj,Gujarat
370030,Bhuj,Gujarat
370040,Bhuj,Gujarat
370105,Bhuj,Gujarat
370110,Anjar,Gujarat
370115,Bhachau,Gujarat
370130,Anjar,Gujarat
370135,Bhachau,Gujarat
370140,Bhachau,Gujarat
370150,Bhachau,Gujarat
370156,Rapar,Gujarat
370160,Rapar,Gujarat
370165,Rapar,Gujarat
370170,Botad,Gujarat
370202,Gandhidham,Gujarat
370203,Gandhidham,Gujarat
370204,Gandhinagar,Gujarat
370205,Anjar,Gujarat
370210,Gandhidham,Gujarat
370230,Gandhidham,Gujarat
370405,Mundra,Gujarat
370410,Mundra,Gujarat
370415,Mundra,Gujarat
370421,Mundra,Gujarat
370427,Bhuj,Gujarat
370435,Mandvi,Gujarat
370445,Mandvi,Gujarat
370455,Mandvi,Gujarat
370460,Mandvi,Gujarat
370465,Mandvi,Gujarat
370475,Mandvi,Gujarat
370485,Mandvi,Gujarat
370511,Naliya,Gujarat
370605,Nakhatrana,Gujarat
370610,Nakhatrana,Gujarat
370615,Nakhatrana,Gujarat
370620,Nakhatrana,Gujarat
370625,Dayapar,Gujarat
370627,Dayapar,Gujarat
370630,Dayapar,Gujarat
370640,Naliya,Gujarat
370645,Naliya,Gujarat
370650,Naliya,Gujarat
370655,Naliya,Gujarat
370660,Naliya,Gujarat
370665,Nakhatrana,Gujarat
370670,Nakhatrana,Gujarat
370675,Nakhatrana,Gujarat
380001,Ahmedabad,Gujarat
380002,Ahmedabad,Gujarat
380003,Ahmedabad,Gujarat
380004,Ahmedabad,Gujarat
380005,Ahmedabad,Gujarat
380006,Ahmedabad,Gujarat
380007,Ahmedabad,Gujarat
380008,Ahmedabad,Gujarat
380009,Ahmedabad,Gujarat
380010,Ahmedabad,Gujarat
380011,Ahmedabad,Gujarat
380012,Ahmedabad,Gujarat
380013,Ahmedabad,Gujarat
380014,Ahmedabad,Gujarat
380015,Ahmedabad,Gujarat
380016,Ahmedabad,Gujarat
380017,Ahmedabad,Gujarat
380018,Ahmedabad,Gujarat
380019,Ahmedabad,Gujarat
380020,Ahmedabad,Gujarat
380021,Ahmedabad,Gujarat
380022,Ahmedabad,Gujarat
380023,Ahmedabad,Gujarat
380024,Ahmedabad,Gujarat
380025,Ahmedabad,Gujarat
380026,Ahmedabad,Gujarat
380027,Ahmedabad,Gujarat
380028,Ahmedabad,Gujarat
380029,Ahmedabad,Gujarat
380030,Ahmedabad,Gujarat
380041,Ahmedabad,Gujarat
380045,Ahmedabad,Gujarat
380049,Ahmedabad,Gujarat
380050,Ahmedabad,Gujarat
380051,Ahmedabad,Gujarat
380052,Ahmedabad,Gujarat
380053,Ahmedabad,Gujarat
380054,Ahmedabad,Gujarat
380055,Ahmedabad,Gujarat
380057,Ahmedabad,Gujarat
380058,Ahmedabad,Gujarat
380059,Ahmedabad,Gujarat
380060,Ahmedabad,Gujarat
380061,Ahmedabad,Gujarat
380062,Ahmedabad,Gujarat
380063,Ahmedabad,Gujarat
380210,Ahmedabad,Gujarat
380330,Ahmedabad,Gujarat
382000,Gandhinagar,Gujarat
382001,Gandhinagar,Gujarat
382002,Gandhinagar,Gujarat
382003,Gandhinagar,Gujarat
382004,Gandhinagar,Gujarat
382005,Gandhinagar,Gujarat
382006,Gandhinagar,Gujarat
382007,Gandhinagar,Gujarat
382008,Gandhinagar,Gujarat
382009,Gandhinagar,Gujarat
382010,Gandhinagar,Gujarat
382011,Gandhinagar,Gujarat
382012,Gandhinagar,Gujarat
382013,Gandhinagar,Gujarat
382014,Gandhinagar,Gujarat
382015,Gandhinagar,Gujarat
382016,Gandhinagar,Gujarat
382017,Gandhinagar,Gujarat
382018,Gandhinagar,Gujarat
382019,Gandhinagar,Gujarat
382020,Gandhinagar,Gujarat
382021,Gandhinagar,Gujarat
382022,Gandhinagar,Gujarat
382023,Gandhinagar,Gujarat
382024,Gandhinagar,Gujarat
382025,Gandhinagar,Gujarat
382026,Gandhinagar,Gujarat
382027,Gandhinagar,Gujarat
382028,Gandhinagar,Gujarat
382029,Gandhinagar,Gujarat
382030,Gandhinagar,Gujarat
382041,Gandhinagar,Gujarat
382042,Gandhinagar,Gujarat
382043,Gandhinagar,Gujarat
382044,Gandhinagar,Gujarat
382045,Gandhinagar,Gujarat
382110,Sanand,Gujarat
382115,Ahmedabad,Gujarat
382120,Kadi,Gujarat
382130,Viramgam,Gujarat
382145,Kadi,Gujarat
382165,Kadi,Gujarat
382210,Bavla,Gujarat
382211,Ahmedabad,Gujarat
382213,Bavla,Gujarat
382220,Bavla,Gujarat
382225,Bavla,Gujarat
382230,Bavla,Gujarat
382240,Bavla,Gujarat
382245,Limbdi,Gujarat
382250,Limbdi,Gujarat
382255,Botad,Gujarat
382260,Bavla,Gujarat
382265,Dholka,Gujarat
382305,Ahmedabad,Gujarat
382308,Ahmedabad,Gujarat
382315,Ahmedabad,Gujarat
382320,Gandhinagar,Gujarat
382321,Gandhinagar,Gujarat
382324,Ahmedabad,Gujarat
382325,Ahmedabad,Gujarat
382327,Ahmedabad,Gujarat
382330,Ahmedabad,Gujarat
382333,Ahmedabad,Gujarat
382340,Ahmedabad,Gujarat
382345,Ahmedabad,Gujarat
382346,Ahmedabad,Gujarat
382350,Ahmedabad,Gujarat
382352,Ahmedabad,Gujarat
382355,Gandhinagar,Gujarat
382404,Ahmedabad,Gujarat
382405,Ahmedabad,Gujarat
382410,Ahmedabad,Gujarat
382415,Ahmedabad,Gujarat
382418,Ahmedabad,Gujarat
382421,Gandhinagar,Gujarat
382422,Kalol,Gujarat
382423,Gandhinagar,Gujarat
382424,Ahmedabad,Gujarat
382425,Ahmedabad,Gujarat
382426,Ahmedabad,Gujarat
382427,Ahmedabad,Gujarat
382428,Ahmedabad,Gujarat
382430,Ahmedabad,Gujarat
382433,Ahmedabad,Gujarat
382440,Ahmedabad,Gujarat
382442,Ahmedabad,Gujarat
382443,Ahmedabad,Gujarat
382445,Ahmedabad,Gujarat
382449,Ahmedabad,Gujarat
382450,Botad,Gujarat
382455,Dhandhuka,Gujarat
382460,Limbdi,Gujarat
382463,Dhandhuka,Gujarat
382465,Dhandhuka,Gujarat
382470,Ahmedabad,Gujarat
382475,Ahmedabad,Gujarat
382480,Ahmedabad,Gujarat
382481,Ahmedabad,Gujarat
382610,Gandhinagar,Gujarat
382620,Gandhinagar,Gujarat
382630,Kalol,Gujarat
382640,Kalol,Gujarat
382650,Kalol,Gujarat
382705,Kadi,Gujarat
382710,Mehsana,Gujarat
382712,Anand,Gujarat
382715,Kadi,Gujarat
382716,Gandhinagar,Gujarat
382721,Kalol,Gujarat
382725,Kalol,Gujarat
382728,Kadi,Gujarat
382729,Kalol,Gujarat
382730,Mehsana,Gujarat
382732,Mehsana,Gujarat
382735,Gandhinagar,Gujarat
382740,Kalol,Gujarat
382743,Kalol,Gujarat
382810,Vijapur,Gujarat
382825,Mehsana,Gujarat
382835,Kalol,Gujarat
382840,Vadnagar,Gujarat
382845,Kalol,Gujarat
382855,Gandhinagar,Gujarat
382860,Vadnagar,Gujarat
382865,Mehsana,Gujarat
382870,Himmatnagar,Gujarat
383001,Himmatnagar,Gujarat
383002,Himmatnagar,Gujarat
383006,Himmatnagar,Gujarat
383010,Himmatnagar,Gujarat
383030,Himmatnagar,Gujarat
383110,Idar,Gujarat
383120,Himmatnagar,Gujarat
383205,Prantij,Gujarat
383210,Himmatnagar,Gujarat
383215,Prantij,Gujarat
383220,Himmatnagar,Gujarat
383225,Idar,Gujarat
383230,Idar,Gujarat
383240,Bhiloda,Gujarat
383245,Bhiloda,Gujarat
383246,Bhiloda,Gujarat
383250,Modasa,Gujarat
383251,Bhiloda,Gujarat
383260,Bayad,Gujarat
383276,Modasa,Gujarat
383305,Himmatnagar,Gujarat
383307,Bayad,Gujarat
383310,Modasa,Gujarat
383315,Modasa,Gujarat
383316,Modasa,Gujarat
383317,Modasa,Gujarat
383320,Modasa,Gujarat
383325,Modasa,Gujarat
383330,Bayad,Gujarat
383335,Bayad,Gujarat
383340,Bayad,Gujarat
383341,Gandhinagar,Gujarat
383345,Modasa,Gujarat
383350,Modasa,Gujarat
383355,Bhiloda,Gujarat
383410,Idar,Gujarat
383421,Idar,Gujarat
383430,Himmatnagar,Gujarat
383434,Satlasana,Gujarat
383440,Idar,Gujarat
383450,Idar,Gujarat
383460,Satlasana,Gujarat
383462,Bhiloda,Gujarat
384001,Mehsana,Gujarat
384002,Mehsana,Gujarat
384003,Mehsana,Gujarat
384011,Mehsana,Gujarat
384012,Mehsana,Gujarat
384110,Patan,Gujarat
384120,Unjha,Gujarat
384121,Himmatnagar,Gujarat
384122,Unjha,Gujarat
384130,Unjha,Gujarat
384131,Unjha,Gujarat
384140,Unjha,Gujarat
384151,Unjha,Gujarat
384153,Unjha,Gujarat
384160,Unjha,Gujarat
384165,Unjha,Gujarat
384170,Unjha,Gujarat
384175,Unjha,Gujarat
384205,Mehsana,Gujarat
384206,Mehsana,Gujarat
384207,Mehsana,Gujarat
384212,Mehsana,Gujarat
384215,Unjha,Gujarat
384220,Patan,Gujarat
384221,Patan,Gujarat
384225,Mehsana,Gujarat
384229,Mehsana,Gujarat
384230,Patan,Gujarat
384240,Harij,Gujarat
384241,Harij,Gujarat
384255,Patan,Gujarat
384260,Unjha,Gujarat
384265,Patan,Gujarat
384270,Unjha,Gujarat
384271,Patan,Gujarat
384272,Patan,Gujarat
384275,Patan,Gujarat
384276,Unjha,Gujarat
384285,Patan,Gujarat
384290,Unjha,Gujarat
384292,Unjha,Gujarat
384305,Vadnagar,Gujarat
384310,Mehsana,Gujarat
384311,Unjha,Gujarat
384312,Unjha,Gujarat
384315,Vadnagar,Gujarat
384320,Vadnagar,Gujarat
384325,Vadnagar,Gujarat
384330,Satlasana,Gujarat
384335,Vadnagar,Gujarat
384340,Satlasana,Gujarat
384345,Vadnagar,Gujarat
384355,Vadnagar,Gujarat
384360,Satlasana,Gujarat
384410,Mehsana,Gujarat
384411,Mehsana,Gujarat
384415,Becharaji,Gujarat
384421,Mehsana,Gujarat
384430,Kadi,Gujarat
384435,Mehsana,Gujarat
384440,Kalol,Gujarat
384460,Vijapur,Gujarat
384465,Vijapur,Gujarat
384470,Vijapur,Gujarat
384550,Vijapur,Gujarat
384565,Vijapur,Gujarat
384570,Vijapur,Gujarat
385001,Palanpur,Gujarat
385007,Palanpur,Gujarat
385010,Palanpur,Gujarat
385011,Palanpur,Gujarat
385210,Palanpur,Gujarat
385310,Dhanera,Gujarat
385340,Radhanpur,Gujarat
385360,Radhanpur,Gujarat
385410,Ambaji,Gujarat
385421,Palanpur,Gujarat
385505,Deesa,Gujarat
385506,Deesa,Gujarat
385510,Deesa,Gujarat
385515,Palanpur,Gujarat
385520,Palanpur,Gujarat
385521,Palanpur,Gujarat
385526,Palanpur,Gujarat
385530,Deesa,Gujarat
385535,Deesa,Gujarat
385540,Deesa,Gujarat
385545,Dhanera,Gujarat
385565,Tharad,Gujarat
385566,Tharad,Gujarat
385570,Tharad,Gujarat
385575,Tharad,Gujarat
387001,Nadiad,Gujarat
387002,Nadiad,Gujarat
387100,Nadiad,Gujarat
387110,Mahemdavad,Gujarat
387115,Umreth,Gujarat
387120,Mahemdavad,Gujarat
387130,Nadiad,Gujarat
387210,Tarapur,Gujarat
387220,Anand,Gujarat
387230,Nadiad,Gujarat
387240,Anand,Gujarat
387305,Kapadvanj,Gujarat
387310,Anand,Gujarat
387315,Anand,Gujarat
387320,Nadiad,Gujarat
387325,Nadiad,Gujarat
387330,Nadiad,Gujarat
387335,Nadiad,Gujarat
387340,Kapadvanj,Gujarat
387345,Nadiad,Gujarat
387350,Nadiad,Gujarat
387355,Nadiad,Gujarat
387360,Nadiad,Gujarat
387365,Kapadvanj,Gujarat
387370,Nadiad,Gujarat
387375,Nadiad,Gujarat
387380,Nadiad,Gujarat
387411,Nadiad,Gujarat
387420,Nadiad,Gujarat
387421,Nadiad,Gujarat
387430,Nadiad,Gujarat
387435,Nadiad,Gujarat
387510,Nadiad,Gujarat
387515,Umreth,Gujarat
387520,Matar,Gujarat
387530,Matar,Gujarat
387540,Ahmedabad,Gujarat
387550,Matar,Gujarat
387560,Matar,Gujarat
387570,Nadiad,Gujarat
387610,Kapadvanj,Gujarat
387620,Kapadvanj,Gujarat
387630,Kapadvanj,Gujarat
387635,Kapadvanj,Gujarat
387640,Kapadvanj,Gujarat
387650,Kapadvanj,Gujarat
387710,Nadiad,Gujarat
387810,Bavla,Gujarat
388001,Anand,Gujarat
388051,Anand,Gujarat
388052,Anand,Gujarat
388105,Anand,Gujarat
388110,Anand,Gujarat
388120,Anand,Gujarat
388121,Anand,Gujarat
388122,Anand,Gujarat
388130,Anand,Gujarat
388131,Anand,Gujarat
388132,Anand,Gujarat
388140,Anand,Gujarat
388150,Tarapur,Gujarat
388160,Anand,Gujarat
388170,Khambhat,Gujarat
388180,Tarapur,Gujarat
388201,Anand,Gujarat
388205,Anand,Gujarat
388210,Umreth,Gujarat
388211,Umreth,Gujarat
388215,Umreth,Gujarat
388220,Umreth,Gujarat
388225,Umreth,Gujarat
388230,Umreth,Gujarat
388235,Balasinor,Gujarat
388239,Balasinor,Gujarat
388245,Umreth,Gujarat
388250,Umreth,Gujarat
388254,Anjar,Gujarat
388255,Balasinor,Gujarat
388260,Lunawada,Gujarat
388265,Balasinor,Gujarat
388270,Lunawada,Gujarat
388305,Anand,Gujarat
388306,Anand,Gujarat
388307,Anand,Gujarat
388308,Anand,Gujarat
388310,Anand,Gujarat
388315,Anand,Gujarat
388320,Anand,Gujarat
388325,Anand,Gujarat
388330,Anand,Gujarat
388335,Anand,Gujarat
388336,Anand,Gujarat
388340,Anand,Gujarat
388345,Anand,Gujarat
388350,Anand,Gujarat
388355,Anand,Gujarat
388360,Anand,Gujarat
388365,Anand,Gujarat
388370,Anand,Gujarat
388410,Umreth,Gujarat
388421,Nadiad,Gujarat
388430,Khambhat,Gujarat
388440,Anand,Gujarat
388450,Anand,Gujarat
388460,Anand,Gujarat
388465,Anand,Gujarat
388470,Anand,Gujarat
388480,Anand,Gujarat
388510,Anand,Gujarat
388515,Vadodara,Gujarat
388520,Anand,Gujarat
388530,Vatadara,Gujarat
388540,Anand,Gujarat
388543,Anand,Gujarat
388544,Anand,Gujarat
388545,Anand,Gujarat
388550,Khambhat,Gujarat
388560,Anand,Gujarat
388570,Khambhat,Gujarat
388580,Khambhat,Gujarat
388590,Vatadara,Gujarat
388610,Khambhat,Gujarat
388620,Khambhat,Gujarat
388625,Khambhat,Gujarat
388630,Khambhat,Gujarat
388640,Khambhat,Gujarat
388710,Balasinor,Gujarat
388713,Godhra,Gujarat
388715,Godhra,Gujarat
389001,Godhra,Gujarat
389002,Godhra,Gujarat
389120,Godhra,Gujarat
389130,Limkheda,Gujarat
389140,Limkheda,Gujarat
389146,Limkheda,Gujarat
389150,Dahod,Gujarat
389151,Dahod,Gujarat
389152,Dahod,Gujarat
389154,Dahod,Gujarat
389155,Dahod,Gujarat
389157,Dahod,Gujarat
389158,Dahod,Gujarat
389160,Dahod,Gujarat
389180,Dahod,Gujarat
389210,Lunawada,Gujarat
389220,Lunawada,Gujarat
389230,Lunawada,Gujarat
389235,Lunawada,Gujarat
389260,Santrampur,Gujarat
389265,Lunawada,Gujarat
389310,Halol,Gujarat
389320,Halol,Gujarat
389322,Halol,Gujarat
389325,Halol,Gujarat
389330,Halol,Gujarat
389340,Godhra,Gujarat
389350,Halol,Gujarat
389351,Halol,Gujarat
389352,Halol,Gujarat
389360,Halol,Gujarat
389365,Halol,Gujarat
389380,Limkheda,Gujarat
390001,Vadodara,Gujarat
390002,Vadodara,Gujarat
390003,Vadodara,Gujarat
390004,Vadodara,Gujarat
390005,Vadodara,Gujarat
390006,Vadodara,Gujarat
390007,Vadodara,Gujarat
390008,Vadodara,Gujarat
390009,Vadodara,Gujarat
390010,Vadodara,Gujarat
390011,Vadodara,Gujarat
390012,Vadodara,Gujarat
390013,Vadodara,Gujarat
390014,Vadodara,Gujarat
390015,Vadodara,Gujarat
390016,Vadodara,Gujarat
390017,Vadodara,Gujarat
390018,Vadodara,Gujarat
390019,Vadodara,Gujarat
390020,Vadodara,Gujarat
390021,Vadodara,Gujarat
390022,Vadodara,Gujarat
390023,Vadodara,Gujarat
390024,Vadodara,Gujarat
390025,Vadodara,Gujarat
391101,Vadodara,Gujarat
391105,Dabhoi,Gujarat
391107,Dabhoi,Gujarat
391110,Dabhoi,Gujarat
391115,Dabhoi,Gujarat
391120,Nasvadi,Gujarat
391121,Rajpipla,Gujarat
391150,Nasvadi,Gujarat
391152,Nasvadi,Gujarat
391156,Chhota Udaipur,Gujarat
391160,Chhota Udaipur,Gujarat
391165,Chhota Udaipur,Gujarat
391168,Chhota Udaipur,Gujarat
391210,Karjan,Gujarat
391220,Karjan,Gujarat
391230,Karjan,Gujarat
391240,Karjan,Gujarat
391241,Karjan,Gujarat
391243,Karjan,Gujarat
391244,Karjan,Gujarat
391245,Karjan,Gujarat
391250,Karjan,Gujarat
391310,Vadodara,Gujarat
391320,Vadodara,Gujarat
391330,Vadodara,Gujarat
391340,Karjan,Gujarat
391345,Vadodara,Gujarat
391346,Vadodara,Gujarat
391347,Vadodara,Gujarat
391350,Vadodara,Gujarat
391410,Vadodara,Gujarat
391421,Jambusar,Gujarat
391430,Vadodara,Gujarat
391440,Vadodara,Gujarat
391445,Vadodara,Gujarat
391450,Vadodara,Gujarat
391510,Halol,Gujarat
391520,Vadodara,Gujarat
391530,Vadodara,Gujarat
391740,Vadodara,Gujarat
391745,Vadodara,Gujarat
391750,Vadodara,Gujarat
391760,Vadodara,Gujarat
391770,Vadodara,Gujarat
391774,Vadodara,Gujarat
391775,Vadodara,Gujarat
391776,Vadodara,Gujarat
391780,Vadodara,Gujarat
391810,Jambusar,Gujarat
392001,Bharuch,Gujarat
392002,Bharuch,Gujarat
392003,Bharuch,Gujarat
392004,Bharuch,Gujarat
392005,Bharuch,Gujarat
392011,Bharuch,Gujarat
392012,Bharuch,Gujarat
392013,Bharuch,Gujarat
392014,Bharuch,Gujarat
392015,Bharuch,Gujarat
392020,Bharuch,Gujarat
392026,Vyara,Gujarat
392030,Bharuch,Gujarat
392035,Jambusar,Gujarat
392040,Jambusar,Gujarat
392105,Bharuch,Gujarat
392110,Jambusar,Gujarat
392111,Bharuch,Gujarat
392115,Karjan,Gujarat
392130,Dahej,Gujarat
392135,Dahej,Gujarat
392150,Jambusar,Gujarat
392155,Jambusar,Gujarat
392160,Bharuch,Gujarat
392161,Ankleshwar,Gujarat
392162,Bharuch,Gujarat
392163,Bharuch,Gujarat
392165,Vagara,Gujarat
392170,Jambusar,Gujarat
392180,Jambusar,Gujarat
392210,Bharuch,Gujarat
392220,Karjan,Gujarat
392221,Bharuch,Gujarat
392230,Karjan,Gujarat
392240,Bharuch,Gujarat
392310,Karjan,Gujarat
393001,Ankleshwar,Gujarat
393002,Ankleshwar,Gujarat
393003,Ankleshwar,Gujarat
393004,Ankleshwar,Gujarat
393005,Ankleshwar,Gujarat
393010,Ankleshwar,Gujarat
393016,Ankleshwar,Gujarat
393017,Jhagadia,Gujarat
393020,Ankleshwar,Gujarat
393021,Ankleshwar,Gujarat
393025,Dediapada,Gujarat
393030,Hansot,Gujarat
393040,Dediapada,Gujarat
393041,Dediapada,Gujarat
393050,Dediapada,Gujarat
393110,Jhagadia,Gujarat
393115,Jhagadia,Gujarat
393120,Jhagadia,Gujarat
393133,Ankleshwar,Gujarat
393135,Ankleshwar,Gujarat
393140,Rajpipla,Gujarat
393145,Rajpipla,Gujarat
393150,Rajpipla,Gujarat
393151,Rajpipla,Gujarat
393155,Rajpipla,Gujarat
393236,Vapi,Gujarat
394010,Surat,Gujarat
394101,Surat,Gujarat
394105,Surat,Gujarat
394107,Surat,Gujarat
394110,Kosamba,Gujarat
394111,Kosamba,Gujarat
394114,Vyara,Gujarat
394115,Ankleshwar,Gujarat
394116,Ankleshwar,Gujarat
394120,Kosamba,Gujarat
394125,Kosamba,Gujarat
394130,Surat,Gujarat
394140,Bardoli,Gujarat
394150,Surat,Gujarat
394155,Kosamba,Gujarat
394160,Mandvi (Surat),Gujarat
394163,Mandvi (Surat),Gujarat
394170,Kosamba,Gujarat
394180,Surat,Gujarat
394185,Surat,Gujarat
394190,Surat,Gujarat
394210,Surat,Gujarat
394211,Surat,Gujarat
394212,Surat,Gujarat
394218,Surat,Gujarat
394220,Surat,Gujarat
394221,Surat,Gujarat
394230,Surat,Gujarat
394235,Surat,Gujarat
394240,Bardoli,Gujarat
394241,Bardoli,Gujarat
394245,Navsari,Gujarat
394246,Vansda,Gujarat
394248,Vansda,Gujarat
394250,Bardoli,Gujarat
394270,Surat,Gujarat
394305,Surat,Gujarat
394307,Valsad,Gujarat
394310,Bardoli,Gujarat
394315,Bardoli,Gujarat
394317,Bardoli,Gujarat
394320,Bardoli,Gujarat
394325,Surat,Gujarat
394326,Surat,Gujarat
394327,Surat,Gujarat
394330,Bardoli,Gujarat
394335,Bardoli,Gujarat
394340,Vyara,Gujarat
394345,Bardoli,Gujarat
394350,Bardoli,Gujarat
394352,Bardoli,Gujarat
394355,Bardoli,Gujarat
394360,Vyara,Gujarat
394365,Navapur,Gujarat
394375,Navapur,Gujarat
394405,Ankleshwar,Gujarat
394410,Kosamba,Gujarat
394421,Kosamba,Gujarat
394440,Mandvi (Surat),Gujarat
394510,Surat,Gujarat
394515,Surat,Gujarat
394516,Surat,Gujarat
394517,Surat,Gujarat
394518,Surat,Gujarat
394520,Surat,Gujarat
394530,Surat,Gujarat
394540,Surat,Gujarat
394541,Surat,Gujarat
394550,Surat,Gujarat
394601,Bardoli,Gujarat
394620,Bardoli,Gujarat
394630,Bardoli,Gujarat
394633,Vyara,Gujarat
394635,Vansda,Gujarat
394640,Bardoli,Gujarat
394641,Bardoli,Gujarat
394650,Vyara,Gujarat
394651,Vyara,Gujarat
394652,Vyara,Gujarat
394655,Vyara,Gujarat
394660,Vyara,Gujarat
394664,Vyara,Gujarat
394670,Vyara,Gujarat
394680,Songadh,Gujarat
394690,Vyara,Gujarat
394710,Ahwa,Gujarat
394716,Ahwa,Gujarat
394720,Ahwa,Gujarat
394730,Vansda,Gujarat
394810,Hansot,Gujarat
395001,Surat,Gujarat
395002,Surat,Gujarat
395003,Surat,Gujarat
395004,Surat,Gujarat
395005,Surat,Gujarat
395006,Surat,Gujarat
395007,Surat,Gujarat
395008,Surat,Gujarat
395009,Surat,Gujarat
395010,Surat,Gujarat
395011,Surat,Gujarat
395012,Surat,Gujarat
395013,Surat,Gujarat
395016,Surat,Gujarat
395017,Surat,Gujarat
395018,Surat,Gujarat
395021,Surat,Gujarat
395023,Surat,Gujarat
395210,Surat,Gujarat
395650,Vyara,Gujarat
396001,Valsad,Gujarat
396002,Valsad,Gujarat
396006,Valsad,Gujarat
396007,Valsad,Gujarat
396015,Valsad,Gujarat
396020,Valsad,Gujarat
396030,Valsad,Gujarat
396031,Valsad,Gujarat
396035,Valsad,Gujarat
396040,Bilimora,Gujarat
396045,Valsad,Gujarat
396050,Valsad,Gujarat
396051,Vansda,Gujarat
396055,Valsad,Gujarat
396060,Vansda,Gujarat
396065,Valsad,Gujarat
396067,Valsad,Gujarat
396101,Vapi,Gujarat
396105,Bhilad,Gujarat
396107,Vapi,Gujarat
396108,Bhilad,Gujarat
396110,Bilimora,Gujarat
396115,Daman,DNH & Daman & Diu (UT)
396120,Vapi,Gujarat
396125,Valsad,Gujarat
396126,Vapi,Gujarat
396130,Bhilad,Gujarat
396135,Bhilad,Gujarat
396140,Bhilad,Gujarat
396145,Valsad,Gujarat
396150,Bhilad,Gujarat
396155,Bhilad,Gujarat
396165,Bhilad,Gujarat
396170,Bhilad,Gujarat
396171,Bhilad,Gujarat
396180,Vapi,Gujarat
396185,Vapi,Gujarat
396191,Vapi,Gujarat
396192,Silvassa-DNH,DNH & Daman & Diu (UT)
396193,Vapi,Gujarat
396194,Vapi,Gujarat
396195,Vapi,Gujarat
396201,Vapi,Gujarat
396210,Daman,DNH & Daman & Diu (UT)
396211,Vapi,Gujarat
396215,Daman,DNH & Daman & Diu (UT)
396217,Daman,DNH & Daman & Diu (UT)
396220,Daman,DNH & Daman & Diu (UT)
396223,Daman,DNH & Daman & Diu (UT)
396230,Silvassa-DNH,DNH & Daman & Diu (UT)
396235,Silvassa-DNH,DNH & Daman & Diu (UT)
396236,Vapi,Gujarat
396238,Silvassa-DNH,DNH & Daman & Diu (UT)
396240,Silvassa-DNH,DNH & Daman & Diu (UT)
396301,Bilimora,Gujarat
396310,Bilimora,Gujarat
396321,Bilimora,Gujarat
396325,Bilimora,Gujarat
396330,Kadi,Gujarat
396350,Bilimora,Gujarat
396360,Bilimora,Gujarat
396370,Bilimora,Gujarat
396375,Valsad,Gujarat
396380,Bilimora,Gujarat
396385,Valsad,Gujarat
396403,Navsari,Gujarat
396406,Navsari,Gujarat
396409,Bilimora,Gujarat
396412,Navsari,Gujarat
396415,Navsari,Gujarat
396418,Navsari,Gujarat
396421,Navsari,Gujarat
396424,Navsari,Gujarat
396425,Navsari,Gujarat
396427,Navsari,Gujarat
396430,Bilimora,Gujarat
396433,Navsari,Gujarat
396436,Navsari,Gujarat
396439,Navsari,Gujarat
396440,Navsari,Gujarat
396445,Navsari,Gujarat
396450,Navsari,Gujarat
396460,Navsari,Gujarat
396463,Navsari,Gujarat
396466,Navsari,Gujarat
396469,Navsari,Gujarat
396472,Navsari,Gujarat
396475,Navsari,Gujarat
396510,Vansda,Gujarat
396521,Bilimora,Gujarat
396530,Bilimora,Gujarat
396540,Vansda,Gujarat
396560,Vansda,Gujarat
396570,Vansda,Gujarat
396580,Vansda,Gujarat
396590,Vansda,Gujarat
400001,Mumbai,Maharashtra
400002,Mumbai,Maharashtra
400003,Mumbai,Maharashtra
400004,Mumbai,Maharashtra
400005,Mumbai,Maharashtra
400006,Mumbai,Maharashtra
400007,Mumbai,Maharashtra
400008,Mumbai,Maharashtra
400009,Mumbai,Maharashtra
400010,Mumbai,Maharashtra
400011,Mumbai,Maharashtra
400012,Mumbai,Maharashtra
400013,Mumbai,Maharashtra
400014,Mumbai,Maharashtra
400015,Mumbai,Maharashtra
400016,Mumbai,Maharashtra
400017,Mumbai,Maharashtra
400018,Mumbai,Maharashtra
400019,Mumbai,Maharashtra
400020,Mumbai,Maharashtra
400021,Mumbai,Maharashtra
400022,Mumbai,Maharashtra
400023,Mumbai,Maharashtra
400024,Mumbai,Maharashtra
400025,Mumbai,Maharashtra
400026,Mumbai,Maharashtra
400027,Mumbai,Maharashtra
400028,Mumbai,Maharashtra
400029,Mumbai,Maharashtra
400030,Mumbai,Maharashtra
400031,Mumbai,Maharashtra
400032,Mumbai,Maharashtra
400033,Mumbai,Maharashtra
400034,Mumbai,Maharashtra
400035,Mumbai,Maharashtra
400036,Mumbai,Maharashtra
400037,Mumbai,Maharashtra
400038,Mumbai,Maharashtra
400039,Mumbai,Maharashtra
400041,Mumbai,Maharashtra
400042,Mumbai,Maharashtra
400043,Mumbai,Maharashtra
400046,Mumbai,Maharashtra
400047,Mumbai,Maharashtra
400048,Mumbai,Maharashtra
400049,Mumbai,Maharashtra
400050,Mumbai,Maharashtra
400051,Mumbai,Maharashtra
400052,Mumbai,Maharashtra
400053,Mumbai,Maharashtra
400054,Mumbai,Maharashtra
400055,Mumbai,Maharashtra
400056,Mumbai,Maharashtra
400057,Mumbai,Maharashtra
400058,Mumbai,Maharashtra
400059,Mumbai,Maharashtra
400060,Mumbai,Maharashtra
400061,Mumbai,Maharashtra
400062,Mumbai,Maharashtra
400063,Mumbai,Maharashtra
400064,Mumbai,Maharashtra
400065,Mumbai,Maharashtra
400066,Mumbai,Maharashtra
400067,Mumbai,Maharashtra
400068,Mumbai,Maharashtra
400069,Mumbai,Maharashtra
400070,Mumbai,Maharashtra
400071,Mumbai,Maharashtra
400072,Mumbai,Maharashtra
400073,Mumbai,Maharashtra
400074,Mumbai,Maharashtra
400075,Mumbai,Maharashtra
400076,Mumbai,Maharashtra
400077,Mumbai,Maharashtra
400078,Mumbai,Maharashtra
400079,Mumbai,Maharashtra
400080,Mumbai,Maharashtra
400081,Mumbai,Maharashtra
400082,Mumbai,Maharashtra
400083,Mumbai,Maharashtra
400084,Mumbai,Maharashtra
400085,Mumbai,Maharashtra
400086,Mumbai,Maharashtra
400087,Mumbai,Maharashtra
400088,Mumbai,Maharashtra
400089,Mumbai,Maharashtra
400090,Mumbai,Maharashtra
400091,Mumbai,Maharashtra
400092,Mumbai,Maharashtra
400093,Mumbai,Maharashtra
400094,Mumbai,Maharashtra
400095,Mumbai,Maharashtra
400096,Mumbai,Maharashtra
400097,Mumbai,Maharashtra
400098,Mumbai,Maharashtra
400099,Mumbai,Maharashtra
400101,Mumbai,Maharashtra
400102,Mumbai,Maharashtra
400103,Mumbai,Maharashtra
400104,Mumbai,Maharashtra
400105,Thane,Maharashtra
400106,Mumbai,Maharashtra
400108,Mumbai,Maharashtra
400109,Mumbai,Maharashtra
400110,Mumbai,Maharashtra
400111,Mumbai,Maharashtra
400112,Mumbai,Maharashtra
400113,Mumbai,Maharashtra
400114,Mumbai,Maharashtra
400162,Mumbai,Maharashtra
400167,Mumbai,Maharashtra
400202,Mumbai,Maharashtra
400206,Mumbai,Maharashtra
400207,Mumbai,Maharashtra
400208,Mumbai,Maharashtra
400210,Mumbai,Maharashtra
400218,Navi mumbai,Maharashtra
400401,Mumbai,Maharashtra
400410,Mumbai,Maharashtra
400601,Greater Thane,Maharashtra
400602,Greater Thane,Maharashtra
400603,Greater Thane,Maharashtra
400604,Greater Thane,Maharashtra
400605,Greater Thane,Maharashtra
400606,Thane,Maharashtra
400607,Thane,Maharashtra
400608,Thane,Maharashtra
400609,Greater Thane,Maharashtra
400610,Thane,Maharashtra
400611,Navi mumbai,Maharashtra
400612,Greater Thane,Maharashtra
400613,Navi mumbai,Maharashtra
400614,Navi mumbai,Maharashtra
400615,Thane,Maharashtra
400701,Navi mumbai,Maharashtra
400702,Jasai,Maharashtra
400703,Navi mumbai,Maharashtra
400704,Jasai,Maharashtra
400705,Navi mumbai,Maharashtra
400706,Navi mumbai,Maharashtra
400707,Jasai,Maharashtra
400708,Navi mumbai,Maharashtra
400709,Navi mumbai,Maharashtra
400710,Navi mumbai,Maharashtra
400901,Mumbai,Maharashtra
401016,Thane,Maharashtra
401100,Mumbai,Maharashtra
401101,Thane,Maharashtra
401102,Saphale,Maharashtra
401103,Boisar,Maharashtra
401104,Thane,Maharashtra
401105,Thane,Maharashtra
401106,Thane,Maharashtra
401107,Thane,Maharashtra
401200,Mumbai,Maharashtra
401201,Mumbai,Maharashtra
401202,Mumbai,Maharashtra
401203,Vasai,Maharashtra
401204,Kudus,Maharashtra
401205,Mumbai,Maharashtra
401206,Greater Thane,Maharashtra
401207,Mumbai,Maharashtra
401208,Mumbai,Maharashtra
401209,Vasai,Maharashtra
401210,Mumbai,Maharashtra
401301,Vasai,Maharashtra
401302,Vasai,Maharashtra
401303,Vasai,Maharashtra
401304,Vasai,Maharashtra
401305,Vasai,Maharashtra
401400,Palghar,Maharashtra
401401,Palghar,Maharashtra
401402,Palghar,Maharashtra
401403,Palghar,Maharashtra
401404,Palghar,Maharashtra
401405,Palghar,Maharashtra
401406,Palghar,Maharashtra
401501,Boisar,Maharashtra
401502,Boisar,Maharashtra
401503,Boisar,Maharashtra
401504,Boisar,Maharashtra
401505,Palghar,Maharashtra
401506,Boisar,Maharashtra
401601,Boisar,Maharashtra
401602,Dahanu,Maharashtra
401606,Talasari,Maharashtra
401607,Dahanu,Maharashtra
401608,Dahanu,Maharashtra
401609,Boisar,Maharashtra
401701,Dahanu,Maharashtra
401703,Dahanu,Maharashtra
402101,Mahad,Maharashtra
402102,Mahad,Maharashtra
402103,Mahad,Maharashtra
402104,Mahad,Maharashtra
402105,Shriwardhan,Maharashtra
402106,Roha,Maharashtra
402107,Pen,Maharashtra
402108,Pen,Maharashtra
402109,Roha,Maharashtra
402110,Shriwardhan,Maharashtra
402111,Mangaon,Maharashtra
402112,Mangaon,Maharashtra
402113,Shriwardhan,Maharashtra
402114,Shriwardhan,Maharashtra
402115,Mahad,Maharashtra
402116,Roha,Maharashtra
402117,Mangaon,Maharashtra
402120,Mangaon,Maharashtra
402122,Mangaon,Maharashtra
402125,Roha,Maharashtra
402126,Roha,Maharashtra
402201,Alibag,Maharashtra
402202,Murud,Maharashtra
402203,Alibag,Maharashtra
402204,Alibag,Maharashtra
402205,Mumbai,Maharashtra
402206,Alibag,Maharashtra
402207,Alibag,Maharashtra
402208,Alibag,Maharashtra
402209,Alibag,Maharashtra
402301,Mahad,Maharashtra
402302,Mahad,Maharashtra
402304,Roha,Maharashtra
402305,Mahad,Maharashtra
402307,Mahad,Maharashtra
402308,Mangaon,Maharashtra
402309,Mahad,Maharashtra
402401,Mukhed,Maharashtra
402402,Shriwardhan,Maharashtra
402403,Shriwardhan,Maharashtra
402404,Shriwardhan,Maharashtra
402601,Shrigonda,Maharashtra
403001,Goa,Goa
403002,Goa,Goa
403004,Goa,Goa
403005,Goa,Goa
403006,Goa,Goa
403101,Goa,Goa
403102,Goa,Goa
403103,Goa,Goa
403104,Goa,Goa
403105,Goa,Goa
403106,Goa,Goa
403107,Goa,Goa
403108,Goa,Goa
403109,Goa,Goa
403110,Goa,Goa
403114,Goa,Goa
403115,Goa,Goa
403202,Goa,Goa
403203,Goa,Goa
403204,Goa,Goa
403206,Goa,Goa
403401,Goa,Goa
403402,Goa,Goa
403403,Goa,Goa
403404,Goa,Goa
403405,Goa,Goa
403406,Goa,Goa
403407,Goa,Goa
403409,Goa,Goa
403501,Goa,Goa
403502,Goa,Goa
403503,Goa,Goa
403504,Goa,Goa
403505,Goa,Goa
403506,Goa,Goa
403507,Goa,Goa
403508,Goa,Goa
403509,Goa,Goa
403510,Goa,Goa
403511,Goa,Goa
403512,Goa,Goa
403513,Goa,Goa
403514,Goa,Goa
403515,Goa,Goa
403516,Goa,Goa
403517,Goa,Goa
403518,Goa,Goa
403519,Goa,Goa
403521,Goa,Goa
403523,Goa,Goa
403524,Goa,Goa
403527,Goa,Goa
403529,Goa,Goa
403530,Goa,Goa
403531,Goa,Goa
403601,Goa,Goa
403602,Goa,Goa
403603,Goa,Goa
403604,Goa,Goa
403701,Goa,Goa
403702,Canacona,Goa
403703,Goa,Goa
403704,Sanvordem,Goa
403705,Sanvordem,Goa
403706,Sanvordem,Goa
403707,Goa,Goa
403708,Goa,Goa
403709,Goa,Goa
403710,Goa,Goa
403711,Goa,Goa
403712,Goa,Goa
403713,Goa,Goa
403714,Sanvordem,Goa
403715,Goa,Goa
403716,Goa,Goa
403717,Goa,Goa
403718,Goa,Goa
403719,Goa,Goa
403720,Goa,Goa
403721,Goa,Goa
403722,Goa,Goa
403723,Goa,Goa
403724,Goa,Goa
403725,Goa,Goa
403726,Goa,Goa
403728,Canacona,Goa
403729,Goa,Goa
403730,Goa,Goa
403731,Goa,Goa
403801,Goa,Goa
403802,Goa,Goa
403803,Goa,Goa
403804,Goa,Goa
403806,Goa,Goa
404404,Shrigonda,Maharashtra
407001,Nagpur,Maharashtra
410005,Kolhapur,Maharashtra
410062,Kolhapur,Maharashtra
410101,Karjat,Maharashtra
410107,Mumbai,Maharashtra
410200,Navi mumbai,Maharashtra
410201,Karjat,Maharashtra
410202,Khopoli,Maharashtra
410203,Khopoli,Maharashtra
410204,Pen,Maharashtra
410205,Nagothane,Maharashtra
410206,Navi mumbai,Maharashtra
410207,Karjat,Maharashtra
410208,Navi mumbai,Maharashtra
410209,Navi mumbai,Maharashtra
410210,Navi mumbai,Maharashtra
410211,Navi mumbai,Maharashtra
410213,Navi mumbai,Maharashtra
410216,Navi mumbai,Maharashtra
410217,Navi mumbai,Maharashtra
410218,Navi mumbai,Maharashtra
410219,Navi mumbai,Maharashtra
410220,Karjat,Maharashtra
410221,Navi mumbai,Maharashtra
410222,Karjat,Maharashtra
410301,Lonavala,Maharashtra
410302,Khopoli,Maharashtra
410303,Vasai,Maharashtra
410401,Lonavala,Maharashtra
410402,Lonavala,Maharashtra
410403,Lonavala,Maharashtra
410405,Lonavala,Maharashtra
410406,Lonavala,Maharashtra
410501,Rajgurunagar,Maharashtra
410502,Junnar,Maharashtra
410503,Ambegaon,Maharashtra
410504,Ambegaon,Maharashtra
410505,Rajgurunagar,Maharashtra
410506,Talegaon Dabhade,Maharashtra
410507,Talegaon Dabhade,Maharashtra
410508,Ambegaon,Maharashtra
410510,Rajgurunagar,Maharashtra
410511,Junnar,Maharashtra
410512,Ambegaon,Maharashtra
410513,Rajgurunagar,Maharashtra
410515,Ambegaon,Maharashtra
410516,Ambegaon,Maharashtra
410520,Baramati,Maharashtra
410613,Pune,Maharashtra
411000,Pune,Maharashtra
411001,Pune,Maharashtra
411002,Pune,Maharashtra
411003,Pune,Maharashtra
411004,Pune,Maharashtra
411005,Pune,Maharashtra
411006,Pune,Maharashtra
411007,Pune,Maharashtra
411008,Pune,Maharashtra
411009,Pune,Maharashtra
411010,Pune,Maharashtra
411011,Pune,Maharashtra
411012,Pune,Maharashtra
411013,Pune,Maharashtra
411014,Pune,Maharashtra
411015,Pune,Maharashtra
411016,Pune,Maharashtra
411017,Pune,Maharashtra
411018,Pune,Maharashtra
411019,Pune,Maharashtra
411020,Pune,Maharashtra
411021,Pune,Maharashtra
411022,Pune,Maharashtra
411023,Pune,Maharashtra
411024,Pune,Maharashtra
411025,Pune,Maharashtra
411026,Pune,Maharashtra
411027,Pune,Maharashtra
411028,Pune,Maharashtra
411029,Pune,Maharashtra
411030,Pune,Maharashtra
411031,Pune,Maharashtra
411032,Pune,Maharashtra
411033,Pune,Maharashtra
411034,Pune,Maharashtra
411035,Pune,Maharashtra
411036,Pune,Maharashtra
411037,Pune,Maharashtra
411038,Pune,Maharashtra
411039,Pune,Maharashtra
411040,Pune,Maharashtra
411041,Pune,Maharashtra
411042,Pune,Maharashtra
411043,Pune,Maharashtra
411044,Pune,Maharashtra
411045,Pune,Maharashtra
411046,Pune,Maharashtra
411047,Pune,Maharashtra
411048,Pune,Maharashtra
411049,Pune,Maharashtra
411050,Pune,Maharashtra
411051,Pune,Maharashtra
411052,Pune,Maharashtra
411053,Pune,Maharashtra
411054,Pune,Maharashtra
411055,Pune,Maharashtra
411056,Pune,Maharashtra
411057,Pune,Maharashtra
411058,Pune,Maharashtra
411060,Pune,Maharashtra
411061,Pune,Maharashtra
411062,Pune,Maharashtra
411067,Pune,Maharashtra
411068,Pune,Maharashtra
411100,Pune,Maharashtra
411107,Pune,Maharashtra
411220,Pune,Maharashtra
411230,Pune,Maharashtra
411406,Pune,Maharashtra
411501,Pune,Maharashtra
412001,Pune,Maharashtra
412101,Pune,Maharashtra
412102,Nira,Maharashtra
412103,Baramati,Maharashtra
412104,Saswad,Maharashtra
412105,Pune,Maharashtra
412106,Telegaon,Maharashtra
412108,Pirangut,Maharashtra
412109,Pune,Maharashtra
412110,UrliKanchan,Maharashtra
412111,Pune,Maharashtra
412112,Pirangut,Maharashtra
412114,Pune,Maharashtra
412115,Pirangut,Maharashtra
412201,Pune,Maharashtra
412202,UrliKanchan,Maharashtra
412203,Supe,Maharashtra
412204,Supe,Maharashtra
412205,Khandala,Maharashtra
412206,Khandala,Maharashtra
412207,Wagholi,Maharashtra
412208,Wagholi,Maharashtra
412209,Shirur,Maharashtra
412210,Shirur,Maharashtra
412211,Shrigonda,Maharashtra
412212,Khandala,Maharashtra
412214,UrliKanchan,Maharashtra
412216,Wagholi,Maharashtra
412217,Wagholi,Maharashtra
412218,Shirur,Maharashtra
412219,Daund,Maharashtra
412220,Shirur,Maharashtra
412301,Saswad,Maharashtra
412302,Pune,Maharashtra
412303,Saswad,Maharashtra
412304,Baramati,Maharashtra
412305,Nira,Maharashtra
412306,Nira,Maharashtra
412307,Pune,Maharashtra
412308,Pune,Maharashtra
412309,Pune,Maharashtra
412311,Saswad,Maharashtra
412312,Nira,Maharashtra
412401,Ambegaon,Maharashtra
412402,Rajgurunagar,Maharashtra
412403,Rajgurunagar,Maharashtra
412404,Rajgurunagar,Maharashtra
412405,Ambegaon,Maharashtra
412406,Ambegaon,Maharashtra
412407,Ambegaon,Maharashtra
412408,Ambegaon,Maharashtra
412409,Junnar,Maharashtra
412410,Alephata,Maharashtra
412411,Alephata,Maharashtra
412412,Junnar,Maharashtra
412413,Junnar,Maharashtra
412415,Junnar,Maharashtra
412801,Khandala,Maharashtra
412802,Khandala,Maharashtra
412803,Wai,Maharashtra
412804,Wai,Maharashtra
412805,Wai,Maharashtra
412806,Mahabaleshwar,Maharashtra
413001,Solapur,Maharashtra
413002,Solapur,Maharashtra
413003,Solapur,Maharashtra
413004,Solapur,Maharashtra
413005,Solapur,Maharashtra
413006,Solapur,Maharashtra
413007,Solapur,Maharashtra
413008,Solapur,Maharashtra
413010,Solapur,Maharashtra
413101,Akluj,Maharashtra
413102,Baramati,Maharashtra
413103,Akluj,Maharashtra
413104,Baramati,Maharashtra
413105,Baramati,Maharashtra
413106,Indapur,Maharashtra
413107,Akluj,Maharashtra
413108,Akluj,Maharashtra
413109,Walchandnagar,Maharashtra
413110,Baramati,Maharashtra
413111,Mhaswad,Maharashtra
413112,Akluj,Maharashtra
413113,Akluj,Maharashtra
413114,Walchandnagar,Maharashtra
413115,Baramati,Maharashtra
413116,Baramati,Maharashtra
413117,Baramati,Maharashtra
413118,Akluj,Maharashtra
413120,Indapur,Maharashtra
413130,Baramati,Maharashtra
413132,Indapur,Maharashtra
413133,Baramati,Maharashtra
413201,Jamkhed,Maharashtra
413202,Karmala,Maharashtra
413203,Karmala,Maharashtra
413204,Jamkhed,Maharashtra
413205,Jamkhed,Maharashtra
413206,Karmala,Maharashtra
413208,Kurduwadi,Maharashtra
413209,Kurduwadi,Maharashtra
413210,Kurduwadi,Maharashtra
413213,Solapur,Maharashtra
413214,Pandharpur,Maharashtra
413215,Solapur,Maharashtra
413216,Akkalkot,Maharashtra
413217,Akkalkot,Maharashtra
413218,Akkalkot,Maharashtra
413219,Mandrup,Maharashtra
413220,Akkalkot,Maharashtra
413221,Mandrup,Maharashtra
413222,Vairag,Maharashtra
413223,Kurduwadi,Maharashtra
413224,Solapur,Maharashtra
413226,Akkalkot,Maharashtra
413227,Akkalkot,Maharashtra
413228,Solapur,Maharashtra
413248,Pandharpur,Maharashtra
413250,Barshi,Maharashtra
413251,Karmala,Maharashtra
413252,Kurduwadi,Maharashtra
413253,Solapur,Maharashtra
413255,Solapur,Maharashtra
413301,Pandharpur,Maharashtra
413302,Pandharpur,Maharashtra
413303,Pandharpur,Maharashtra
413304,Pandharpur,Maharashtra
413305,Pandharpur,Maharashtra
413306,Atapadi,Maharashtra
413307,Sangola,Maharashtra
413308,Atapadi,Maharashtra
413310,Mhaswad,Maharashtra
413314,Atapadi,Maharashtra
413315,Pandharpur,Maharashtra
413317,Pandharpur,Maharashtra
413319,Pandharpur,Maharashtra
413322,Pandharpur,Maharashtra
413324,Solapur,Maharashtra
413401,Barshi,Maharashtra
413402,Barshi,Maharashtra
413403,Barshi,Maharashtra
413404,Barshi,Maharashtra
413405,Osmanabad,Maharashtra
413406,Vairag,Maharashtra
413409,Barshi,Maharashtra
413410,Solapur,Maharashtra
413411,Barshi,Maharashtra
413412,Barshi,Maharashtra
413501,Osmanabad,Maharashtra
413502,Barshi,Maharashtra
413503,Bhoom,Maharashtra
413504,Bhoom,Maharashtra
413506,Osmanabad,Maharashtra
413507,Kaij,Maharashtra
413508,Osmanabad,Maharashtra
413509,Osmanabad,Maharashtra
413510,Osmanabad,Maharashtra
413511,Osmanabad,Maharashtra
413512,Latur,Maharashtra
413513,Ahmadpur,Maharashtra
413514,Ahmadpur,Maharashtra
413515,Ahmadpur,Maharashtra
413516,Nilanga,Maharashtra
413517,Udgir,Maharashtra
413518,Udgir,Maharashtra
413519,Udgir,Maharashtra
413520,Latur,Maharashtra
413521,Nilanga,Maharashtra
413522,Nilanga,Maharashtra
413523,Ahmadpur,Maharashtra
413524,Nilanga,Maharashtra
413525,Kaij,Maharashtra
413526,Bhoom,Maharashtra
413527,Latur,Maharashtra
413528,Kaij,Maharashtra
413530,Nilanga,Maharashtra
413531,Latur,Maharashtra
413532,Mukhed,Maharashtra
413534,Bhoom,Maharashtra
413544,Nilanga,Maharashtra
413569,Osmanabad,Maharashtra
413580,Osmanabad,Maharashtra
413581,Nilanga,Maharashtra
413582,Barshi,Maharashtra
413601,Osmanabad,Maharashtra
413602,Naldurg,Maharashtra
413603,Naldurg,Maharashtra
413604,Omerga,Maharashtra
413605,Naldurg,Maharashtra
413606,Omerga,Maharashtra
413607,Nilanga,Maharashtra
413608,Naldurg,Maharashtra
413623,Osmanabad,Maharashtra
413624,Osmanabad,Maharashtra
413701,Aurangabad,Maharashtra
413702,Shrigonda,Maharashtra
413703,Shrigonda,Maharashtra
413704,Ahmednagar,Maharashtra
413705,Rahuri,Maharashtra
413706,Rahuri,Maharashtra
413707,Shirdi,Maharashtra
413708,Kopargaon,Maharashtra
413709,Shrirampur,Maharashtra
413710,Loni,Maharashtra
413711,Loni,Maharashtra
413712,Loni,Maharashtra
413713,Loni,Maharashtra
413714,Sangamner,Maharashtra
413715,Shrirampur,Maharashtra
413716,Ahmednagar,Maharashtra
413717,Shrirampur,Maharashtra
413718,Shrirampur,Maharashtra
413719,Shirdi,Maharashtra
413720,Shrirampur,Maharashtra
413721,Shrirampur,Maharashtra
413722,Rahuri,Maharashtra
413723,Shrirampur,Maharashtra
413725,Shrirampur,Maharashtra
413726,Shrigonda,Maharashtra
413728,Aurangabad,Maharashtra
413736,Loni,Maharashtra
413737,Bhingar,Maharashtra
413738,Sangamner,Maharashtra
413739,Shrirampur,Maharashtra
413801,Daund,Maharashtra
413802,Daund,Maharashtra
414001,Ahmednagar,Maharashtra
414002,Ahmednagar,Maharashtra
414003,Ahmednagar,Maharashtra
414004,Ahmednagar,Maharashtra
414005,Ahmednagar,Maharashtra
414006,Ahmednagar,Maharashtra
414011,Shrigonda,Maharashtra
414102,Shevgaon,Maharashtra
414103,Parner,Maharashtra
414105,Newasa,Maharashtra
414106,Pathardi,Maharashtra
414107,Shrigonda,Maharashtra
414110,Ahmednagar,Maharashtra
414111,Ahmednagar,Maharashtra
414112,Ahmednagar,Maharashtra
414113,Ahmednagar,Maharashtra
414201,Ahmednagar,Maharashtra
414202,Ashti,Maharashtra
414203,Ashti,Maharashtra
414204,Jamkhed,Maharashtra
414208,Ashti,Maharashtra
414301,Parner,Maharashtra
414302,Parner,Maharashtra
414303,Parner,Maharashtra
414304,Parner,Maharashtra
414305,Alephata,Maharashtra
414306,Parner,Maharashtra
414401,Ashti,Maharashtra
414402,Karjat-MH,Maharashtra
414403,Karjat-MH,Maharashtra
414501,Shevgaon,Maharashtra
414503,Shevgaon,Maharashtra
414505,Pathardi,Maharashtra
414601,Ahmednagar,Maharashtra
414602,Newasa,Maharashtra
414603,Newasa,Maharashtra
414604,Newasa,Maharashtra
414605,Newasa,Maharashtra
414606,Newasa,Maharashtra
414607,Newasa,Maharashtra
414609,Newasa,Maharashtra
414701,Shrigonda,Maharashtra
414702,Daund,Maharashtra
414703,Daund,Maharashtra
414709,Daund,Maharashtra
415001,Satara,Maharashtra
415002,Satara,Maharashtra
415003,Satara,Maharashtra
415004,Satara,Maharashtra
415010,Satara,Maharashtra
415011,Satara,Maharashtra
415012,Wai,Maharashtra
415015,Satara,Maharashtra
415020,Satara,Maharashtra
415021,Koregaon,Maharashtra
415022,Satara,Maharashtra
415101,Bambavade,Maharashtra
415103,Karad,Maharashtra
415104,Karad,Maharashtra
415105,Karad,Maharashtra
415106,Karad,Maharashtra
415107,Rahimatpur,Maharashtra
415108,Karad,Maharashtra
415109,Karad,Maharashtra
415110,Karad,Maharashtra
415111,Karad,Maharashtra
415114,Karad,Maharashtra
415115,Karad,Maharashtra
415116,Rahimatpur,Maharashtra
415119,Karad,Maharashtra
415122,Karad,Maharashtra
415124,Karad,Maharashtra
415202,Mandangad,Maharashtra
415203,Mandangad,Maharashtra
415205,Karad,Maharashtra
415206,Patan-MH,Maharashtra
415208,Mandangad,Maharashtra
415209,Karad,Maharashtra
415211,Patan-MH,Maharashtra
415212,Patan-MH,Maharashtra
415213,Mahad,Maharashtra
415214,Mandangad,Maharashtra
415301,Atapadi,Maharashtra
415302,Islampur,Maharashtra
415303,Islampur,Maharashtra
415304,Karad,Maharashtra
415305,Karad,Maharashtra
415306,Atapadi,Maharashtra
415307,Vita,Maharashtra
415308,Atapadi,Maharashtra
415309,Vita,Maharashtra
415310,Vita,Maharashtra
415311,Tasgaon,Maharashtra
415313,Islampur,Maharashtra
415315,Atapadi,Maharashtra
415401,Shirala,Maharashtra
415402,Shirala,Maharashtra
415403,Islampur,Maharashtra
415404,Islampur,Maharashtra
415405,Shirala,Maharashtra
415406,Islampur,Maharashtra
415407,Islampur,Maharashtra
415408,Shirala,Maharashtra
415409,Islampur,Maharashtra
415410,Islampur,Maharashtra
415411,Islampur,Maharashtra
415412,Shirala,Maharashtra
415413,Islampur,Maharashtra
415414,Islampur,Maharashtra
415415,Shirala,Maharashtra
415501,Satara,Maharashtra
415502,Vaduj,Maharashtra
415503,Koregaon,Maharashtra
415504,Koregaon,Maharashtra
415505,Vaduj,Maharashtra
415506,Vaduj,Maharashtra
415508,Vaduj,Maharashtra
415509,Mhaswad,Maharashtra
415510,Vaduj,Maharashtra
415511,Satara,Maharashtra
415513,Wai,Maharashtra
415514,Wai,Maharashtra
415515,Wai,Maharashtra
415516,Wai,Maharashtra
415517,Khandala,Maharashtra
415518,Satara,Maharashtra
415519,Satara,Maharashtra
415520,Patan-MH,Maharashtra
415521,Khandala,Maharashtra
415522,Phaltan,Maharashtra
415523,Phaltan,Maharashtra
415524,Koregaon,Maharashtra
415525,Wai,Maharashtra
415526,Khandala,Maharashtra
415527,Vaduj,Maharashtra
415528,Phaltan,Maharashtra
415530,Wai,Maharashtra
415536,Khandala,Maharashtra
415537,Phaltan,Maharashtra
415539,Karad,Maharashtra
415540,Mhaswad,Maharashtra
415570,Aurangabad,Maharashtra
415601,Chiplun,Maharashtra
415602,Chiplun,Maharashtra
415603,Chiplun,Maharashtra
415604,Chiplun,Maharashtra
415605,Chiplun,Maharashtra
415606,Chiplun,Maharashtra
415609,Sangameshwar,Maharashtra
415610,Sangameshwar,Maharashtra
415611,Sangameshwar,Maharashtra
415612,Ratnagiri,Maharashtra
415615,Ratnagiri,Maharashtra
415616,Ratnagiri,Maharashtra
415617,Ratnagiri,Maharashtra
415618,Ratnagiri,Maharashtra
415619,Ratnagiri,Maharashtra
415620,Ganpatipule,Maharashtra
415621,Khed,Maharashtra
415622,Khed,Maharashtra
415626,Ratnagiri,Maharashtra
415628,Chiplun,Maharashtra
415629,Ratnagiri,Maharashtra
415634,Shringartali,Maharashtra
415637,Sangameshwar,Maharashtra
415639,Ratnagiri,Maharashtra
415640,Khed,Maharashtra
415643,Lanja,Maharashtra
415701,Chiplun,Maharashtra
415702,Shringartali,Maharashtra
415703,Shringartali,Maharashtra
415705,Shringartali,Maharashtra
415706,Dapoli,Maharashtra
415708,Khed,Maharashtra
415709,Khed,Maharashtra
415710,Khed,Maharashtra
415711,Khed,Maharashtra
415712,Khed,Maharashtra
415713,Dapoli,Maharashtra
415714,Dapoli,Maharashtra
415715,Khed,Maharashtra
415716,Khed,Maharashtra
415717,Dapoli,Maharashtra
415718,Chiplun,Maharashtra
415719,Shringartali,Maharashtra
415720,Dapoli,Maharashtra
415722,Khed,Maharashtra
415724,Shringartali,Maharashtra
415726,Shringartali,Maharashtra
415727,Khed,Maharashtra
415728,Shringartali,Maharashtra
415729,Shringartali,Maharashtra
415730,Khed,Maharashtra
415801,Lanja,Maharashtra
415802,Lanja,Maharashtra
415803,Lanja,Maharashtra
415804,Sangameshwar,Maharashtra
415805,Rajapur,Maharashtra
415806,Ratnagiri,Maharashtra
415807,Lanja,Maharashtra
416001,Kolhapur,Maharashtra
416002,Kolhapur,Maharashtra
416003,Kolhapur,Maharashtra
416004,Kolhapur,Maharashtra
416005,Kolhapur,Maharashtra
416006,Kolhapur,Maharashtra
416007,Kolhapur,Maharashtra
416008,Kolhapur,Maharashtra
416009,Kolhapur,Maharashtra
416010,Kolhapur,Maharashtra
416011,Kolhapur,Maharashtra
416012,Kolhapur,Maharashtra
416013,Kolhapur,Maharashtra
416014,Kolhapur,Maharashtra
416015,Kolhapur,Maharashtra
416019,Kolhapur,Maharashtra
416022,Kolhapur,Maharashtra
416101,Sangli,Maharashtra
416102,Sangli,Maharashtra
416103,Sangli,Maharashtra
416104,Ichalkaranji,Maharashtra
416105,Sangli,Maharashtra
416106,Ichalkaranji,Maharashtra
416107,Ichalkaranji,Maharashtra
416108,Jaysingpur,Maharashtra
416109,Ichalkaranji,Maharashtra
416110,Ichalkaranji,Maharashtra
416111,Sangli,Maharashtra
416112,Kolhapur,Maharashtra
416113,Shirala,Maharashtra
416114,Shirala,Maharashtra
416115,Ichalkaranji,Maharashtra
416116,Ichalkaranji,Maharashtra
416117,Ichalkaranji,Maharashtra
416118,Ichalkaranji,Maharashtra
416119,Kolhapur,Maharashtra
416120,Sangli,Maharashtra
416121,Ichalkaranji,Maharashtra
416122,Kolhapur,Maharashtra
416123,Kolhapur,Maharashtra
416125,Kolhapur,Maharashtra
416130,Ichalkaranji,Maharashtra
416137,Sangli,Maharashtra
416138,Ichalkaranji,Maharashtra
416143,Ichalkaranji,Maharashtra
416144,Ichalkaranji,Maharashtra
416145,Sangli,Maharashtra
416146,Ichalkaranji,Maharashtra
416201,Kolhapur,Maharashtra
416202,Kolhapur,Maharashtra
416203,Ichalkaranji,Maharashtra
416204,Kolhapur,Maharashtra
416205,Kale,Maharashtra
416207,Kolhapur,Maharashtra
416208,Rashiwade Bk,Maharashtra
416209,Rashiwade Bk,Maharashtra
416211,Rashiwade Bk,Maharashtra
416212,Rashiwade Bk,Maharashtra
416213,Bambavade,Maharashtra
416214,Bambavade,Maharashtra
416215,Bambavade,Maharashtra
416216,Kolhapur,Maharashtra
416218,Gadhinglaj,Maharashtra
416219,Mudal,Maharashtra
416220,Gadhinglaj,Maharashtra
416221,Rashiwade Bk,Maharashtra
416222,Nipani,Maharashtra
416223,Rashiwade Bk,Maharashtra
416229,Kolhapur,Maharashtra
416230,Kale,Maharashtra
416231,Mudal,Maharashtra
416232,Kolhapur,Maharashtra
416234,Kolhapur,Maharashtra
416235,Kolhapur,Maharashtra
416236,Kolhapur,Maharashtra
416301,Islampur,Maharashtra
416302,Islampur,Maharashtra
416303,Sangli,Maharashtra
416304,Sangli,Maharashtra
416305,Sangli,Maharashtra
416306,Sangli,Maharashtra
416307,Tasgaon,Maharashtra
416308,Tasgaon,Maharashtra
416309,Tasgaon,Maharashtra
416310,Tasgaon,Maharashtra
416311,Kavathe Mahankal,Maharashtra
416312,Tasgaon,Maharashtra
416313,Islampur,Maharashtra
416314,Tasgaon,Maharashtra
416315,Islampur,Maharashtra
416316,Islampur,Maharashtra
416322,Islampur,Maharashtra
416401,Sangli,Maharashtra
416402,Jath,Maharashtra
416403,Kavathe Mahankal,Maharashtra
416404,Jath,Maharashtra
416405,Kavathe Mahankal,Maharashtra
416406,Sangli,Maharashtra
416407,Sangli,Maharashtra
416408,Tasgaon,Maharashtra
416409,Sangli,Maharashtra
416410,Sangli,Maharashtra
416411,Kavathe Mahankal,Maharashtra
416412,Jath,Maharashtra
416413,Jath,Maharashtra
416414,Sangli,Maharashtra
416415,Sangli,Maharashtra
416416,Sangli,Maharashtra
416417,Sangli,Maharashtra
416418,Kavathe Mahankal,Maharashtra
416419,Kavathe Mahankal,Maharashtra
416420,Sangli,Maharashtra
416423,Sangli,Maharashtra
416425,Sangli,Maharashtra
416435,Sangli,Maharashtra
416436,Sangli,Maharashtra
416437,Sangli,Maharashtra
416501,Gadhinglaj,Maharashtra
416502,Gadhinglaj,Maharashtra
416503,Gadhinglaj,Maharashtra
416504,Gadhinglaj,Maharashtra
416505,Gadhinglaj,Maharashtra
416506,Gadhinglaj,Maharashtra
416507,Halkarni,Maharashtra
416508,Gadhinglaj,Maharashtra
416509,Halkarni,Maharashtra
416510,Sawantwadi,Maharashtra
416511,Sawantwadi,Maharashtra
416513,Sawantwadi,Maharashtra
416514,Sawantwadi,Maharashtra
416515,Sawantwadi,Maharashtra
416516,Sawantwadi,Maharashtra
416517,Sawantwadi,Maharashtra
416518,Sawantwadi,Maharashtra
416519,Sawantwadi,Maharashtra
416520,Sawantwadi,Maharashtra
416521,Oras,Maharashtra
416522,Malvan,Maharashtra
416523,Malvan,Maharashtra
416524,Malvan,Maharashtra
416525,Malvan,Maharashtra
416526,Gadhinglaj,Maharashtra
416528,Sawantwadi,Maharashtra
416529,Sawantwadi,Maharashtra
416531,Sawantwadi,Maharashtra
416534,Malvan,Maharashtra
416540,Sangli,Maharashtra
416550,Sawantwadi,Maharashtra
416551,Gadhinglaj,Maharashtra
416552,Halkarni,Maharashtra
416601,Kankavali,Maharashtra
416602,Kankavali,Maharashtra
416603,Malvan,Maharashtra
416604,Malvan,Maharashtra
416605,Malvan,Maharashtra
416606,Malvan,Maharashtra
416607,Malvan,Maharashtra
416608,Malvan,Maharashtra
416609,Kankavali,Maharashtra
416610,Kankavali,Maharashtra
416612,Malvan,Maharashtra
416613,Devgad,Maharashtra
416614,Malvan,Maharashtra
416616,Malvan,Maharashtra
416620,Oras,Maharashtra
416623,Devgad,Maharashtra
416626,Malvan,Maharashtra
416628,Malvan,Maharashtra
416632,Oras,Maharashtra
416701,Lanja,Maharashtra
416702,Rajapur,Maharashtra
416703,Talere,Maharashtra
416704,Rajapur,Maharashtra
416705,Rajapur,Maharashtra
416707,Ratnagiri,Maharashtra
416709,Rajapur,Maharashtra
416712,Lanja,Maharashtra
416713,Rajapur,Maharashtra
416801,Talere,Maharashtra
416810,Talere,Maharashtra
416811,Talere,Maharashtra
416812,Malvan,Maharashtra
420421,Mumbai,Maharashtra
421001,Greater Thane,Maharashtra
421002,Greater Thane,Maharashtra
421003,Greater Thane,Maharashtra
421004,Greater Thane,Maharashtra
421005,Greater Thane,Maharashtra
421006,Mumbai,Maharashtra
421032,Mumbai,Maharashtra
421101,Asangaon,Maharashtra
421102,Greater Thane,Maharashtra
421103,Greater Thane,Maharashtra
421201,Greater Thane,Maharashtra
421202,Greater Thane,Maharashtra
421203,Greater Thane,Maharashtra
421204,Greater Thane,Maharashtra
421300,Greater Thane,Maharashtra
421301,Greater Thane,Maharashtra
421302,Greater Thane,Maharashtra
421303,Kudus,Maharashtra
421304,Greater Thane,Maharashtra
421305,Greater Thane,Maharashtra
421306,Greater Thane,Maharashtra
421307,Mumbai,Maharashtra
421308,Greater Thane,Maharashtra
421312,Kudus,Maharashtra
421401,Murbad,Maharashtra
421402,Murbad,Maharashtra
421403,Murbad,Maharashtra
421501,Greater Thane,Maharashtra
421502,Greater Thane,Maharashtra
421503,Greater Thane,Maharashtra
421504,Greater Thane,Maharashtra
421505,Greater Thane,Maharashtra
421506,Greater Thane,Maharashtra
421507,Mumbai,Maharashtra
421601,Asangaon,Maharashtra
421602,Igatpuri,Maharashtra
421603,Asangaon,Maharashtra
421605,Greater Thane,Maharashtra
422001,Nashik,Maharashtra
422002,Nashik,Maharashtra
422003,Nashik,Maharashtra
422004,Dindori-MH,Maharashtra
422005,Nashik,Maharashtra
422006,Nashik,Maharashtra
422007,Nashik,Maharashtra
422008,Nashik,Maharashtra
422009,Nashik,Maharashtra
422010,Nashik,Maharashtra
422011,Nashik,Maharashtra
422012,Nashik,Maharashtra
422013,Nashik,Maharashtra
422101,Nashik,Maharashtra
422102,Sinnar,Maharashtra
422103,Sinnar,Maharashtra
422104,Sinnar,Maharashtra
422105,Sinnar,Maharashtra
422109,Sinnar,Maharashtra
422110,Satana,Maharashtra
422112,Sinnar,Maharashtra
422113,Sinnar,Maharashtra
422201,Saikheda,Maharashtra
422202,Dindori-MH,Maharashtra
422203,Nashik,Maharashtra
422204,Kudus,Maharashtra
422205,Nashik,Maharashtra
422206,Nashik,Maharashtra
422207,Nashik,Maharashtra
422209,Nashik,Maharashtra
422210,Sinnar,Maharashtra
422212,Nashik,Maharashtra
422213,Nashik,Maharashtra
422214,Sinnar,Maharashtra
422221,Nashik,Maharashtra
422222,Nashik,Maharashtra
422301,Saikheda,Maharashtra
422302,Nashik,Maharashtra
422303,Lasalgaon,Maharashtra
422304,Lasalgaon,Maharashtra
422305,Lasalgaon,Maharashtra
422306,Lasalgaon,Maharashtra
422308,Lasalgaon,Maharashtra
422401,Nashik,Maharashtra
422402,Igatpuri,Maharashtra
422403,Igatpuri,Maharashtra
422501,Nashik,Maharashtra
422502,Sinnar,Maharashtra
422601,Akole,Maharashtra
422602,Alephata,Maharashtra
422603,Sangamner,Maharashtra
422604,Akole,Maharashtra
422605,Sangamner,Maharashtra
422606,Sinnar,Maharashtra
422607,Sinnar,Maharashtra
422608,Sangamner,Maharashtra
422610,Akole,Maharashtra
422611,Sangamner,Maharashtra
422615,Sangamner,Maharashtra
423101,Chandwad,Maharashtra
423102,Satana,Maharashtra
423104,Manmad,Maharashtra
423105,Malegaon,Maharashtra
423106,Manmad,Maharashtra
423107,Shirdi,Maharashtra
423108,Malegaon,Maharashtra
423109,Shirdi,Maharashtra
423110,Chandwad,Maharashtra
423111,Nashik,Maharashtra
423117,Chandwad,Maharashtra
423201,Malegaon,Maharashtra
423202,Malegaon,Maharashtra
423203,Malegaon,Maharashtra
423204,Satana,Maharashtra
423205,Malegaon,Maharashtra
423206,Malegaon,Maharashtra
423207,Malegaon,Maharashtra
423208,Malegaon,Maharashtra
423210,Malegaon,Maharashtra
423211,Malegaon,Maharashtra
423212,Malegaon,Maharashtra
423213,Malegaon,Maharashtra
423301,Satana,Maharashtra
423302,Satana,Maharashtra
423303,Satana,Maharashtra
423305,Satana,Maharashtra
423401,Manmad,Maharashtra
423402,Vaijapur,Maharashtra
423403,Yeola,Maharashtra
423501,Satana,Maharashtra
423601,Kopargaon,Maharashtra
423602,Kopargaon,Maharashtra
423603,Kopargaon,Maharashtra
423604,Kopargaon,Maharashtra
423605,Kopargaon,Maharashtra
423607,Kopargaon,Maharashtra
423701,Vaijapur,Maharashtra
423702,Gangapur-MH,Maharashtra
423703,Vaijapur,Maharashtra
423704,Vaijapur,Maharashtra
424001,Dhule,Maharashtra
424002,Dhule,Maharashtra
424003,Kannad,Maharashtra
424004,Dhule,Maharashtra
424005,Dhule,Maharashtra
424006,Dhule,Maharashtra
424101,Chalisgaon,Maharashtra
424102,Chalisgaon,Maharashtra
424103,Chalisgaon,Maharashtra
424104,Chalisgaon,Maharashtra
424105,Pachora,Maharashtra
424106,Chalisgaon,Maharashtra
424107,Chalisgaon,Maharashtra
424108,Chalisgaon,Maharashtra
424109,Manmad,Maharashtra
424119,Chalisgaon,Maharashtra
424201,Pachora,Maharashtra
424202,Pachora,Maharashtra
424203,Pachora,Maharashtra
424204,Pachora,Maharashtra
424205,Jamner,Maharashtra
424206,Jamner,Maharashtra
424207,Jamner,Maharashtra
424208,Jamner,Maharashtra
424301,Dhule,Maharashtra
424302,Sakri,Maharashtra
424303,Sakri,Maharashtra
424304,Sakri,Maharashtra
424305,Shahada,Maharashtra
424306,Sakri,Maharashtra
424307,Dhule,Maharashtra
424308,Dhule,Maharashtra
424309,Shindkheda,Maharashtra
424310,Sakri,Maharashtra
424311,Dhule,Maharashtra
424312,Kannad,Maharashtra
424318,Dhule,Maharashtra
425001,Jalgaon,Maharashtra
425002,Jalgaon,Maharashtra
425003,Jalgaon,Maharashtra
425004,Jalgaon,Maharashtra
425101,Jalgaon,Maharashtra
425102,Jalgaon,Maharashtra
425103,Jalgaon,Maharashtra
425104,Erandol,Maharashtra
425105,Erandol,Maharashtra
425107,Chopda,Maharashtra
425108,Chopda,Maharashtra
425109,Erandol,Maharashtra
425110,Erandol,Maharashtra
425111,Erandol,Maharashtra
425113,Amalner,Maharashtra
425114,Jalgaon,Maharashtra
425115,Pachora,Maharashtra
425116,Jalgaon,Maharashtra
425117,Erandol,Maharashtra
425119,Erandol,Maharashtra
425126,Jalgaon,Maharashtra
425132,Jalgaon,Maharashtra
425201,Bhusawal,Maharashtra
425202,Bhusawal,Maharashtra
425203,Bhusawal,Maharashtra
425301,Bhusawal,Maharashtra
425303,Chopda,Maharashtra
425304,Bhusawal,Maharashtra
425305,Bhusawal,Maharashtra
425306,Raver,Maharashtra
425307,Bhusawal,Maharashtra
425308,Bhusawal,Maharashtra
425309,Bhusawal,Maharashtra
425310,Malkapur,Maharashtra
425311,Malkapur,Maharashtra
425327,Malkapur,Maharashtra
425401,Amalner,Maharashtra
425402,Amalner,Maharashtra
425403,Shindkheda,Maharashtra
425404,Shindkheda,Maharashtra
425405,Shirpur,Maharashtra
425406,Shindkheda,Maharashtra
425407,Shindkheda,Maharashtra
425408,Shindkheda,Maharashtra
425409,Shahada,Maharashtra
425410,Shahada,Maharashtra
425411,Nandurbar,Maharashtra
425412,Nandurbar,Maharashtra
425416,Nandurbar,Maharashtra
425417,Navapur,Maharashtra
425418,Navapur,Maharashtra
425420,Amalner,Maharashtra
425421,Shirpur,Maharashtra
425422,Nandurbar,Maharashtra
425423,Shahada,Maharashtra
425424,Shahada,Maharashtra
425426,Navapur,Maharashtra
425427,Shirpur,Maharashtra
425428,Shirpur,Maharashtra
425431,Shahada,Maharashtra
425444,Shahada,Maharashtra
425448,Shahada,Maharashtra
425501,Bhusawal,Maharashtra
425502,Raver,Maharashtra
425503,Bhusawal,Maharashtra
425504,Raver,Maharashtra
425505,Raver,Maharashtra
425506,Raver,Maharashtra
425507,Raver,Maharashtra
425508,Raver,Maharashtra
425513,Raver,Maharashtra
425516,Raver,Maharashtra
425519,Bhusawal,Maharashtra
425522,Bhusawal,Maharashtra
425524,Raver,Maharashtra
430005,Aurangabad,Maharashtra
430006,Aurangabad,Maharashtra
430007,Sillod,Maharashtra
430507,Goa,Maharashtra
431001,Aurangabad,Maharashtra
431002,Aurangabad,Maharashtra
431003,Aurangabad,Maharashtra
431004,Aurangabad,Maharashtra
431005,Aurangabad,Maharashtra
431006,Aurangabad,Maharashtra
431007,Aurangabad,Maharashtra
431008,Aurangabad,Maharashtra
431009,Aurangabad,Maharashtra
431010,Aurangabad,Maharashtra
431101,Aurangabad,Maharashtra
431102,Dhule,Maharashtra
431103,Dhule,Maharashtra
431105,Paithan,Maharashtra
431106,Paithan,Maharashtra
431107,Paithan,Maharashtra
431108,Paithan,Maharashtra
431109,Gangapur-MH,Maharashtra
431110,Gangapur-MH,Maharashtra
431112,Sillod,Maharashtra
431113,Sillod,Maharashtra
431114,Sillod,Maharashtra
431115,Dhule,Maharashtra
431116,Vaijapur,Maharashtra
431117,Soegaon,Maharashtra
431118,Soegaon,Maharashtra
431120,Soegaon,Maharashtra
431121,Paithan,Maharashtra
431122,Beed,Maharashtra
431123,Kaij,Maharashtra
431124,Ambajogai,Maharashtra
431125,Beed,Maharashtra
431126,Beed,Maharashtra
431127,Georai,Maharashtra
431128,Manjlegaon,Maharashtra
431129,Manjlegaon,Maharashtra
431130,Georai,Maharashtra
431131,Manjlegaon,Maharashtra
431132,Buldhana,Maharashtra
431133,Aurangabad,Maharashtra
431135,Sillod,Maharashtra
431136,Aurangabad,Maharashtra
431137,Paithan,Maharashtra
431138,Paithan,Maharashtra
431142,Manjlegaon,Maharashtra
431143,Georai,Maharashtra
431144,Manjlegaon,Maharashtra
431148,Paithan,Maharashtra
431152,Aurangabad,Maharashtra
431154,Aurangabad,Maharashtra
431200,Jalna,Maharashtra
431202,Jalna,Maharashtra
431203,Jalna,Maharashtra
431204,Jalna,Maharashtra
431205,Georai,Maharashtra
431206,Jafrabad,Maharashtra
431207,Jalna,Maharashtra
431208,Deaulgaon Raja,Maharashtra
431209,Jalna,Maharashtra
431210,Aurangabad,Maharashtra
431211,Manjlegaon,Maharashtra
431212,Georai,Maharashtra
431213,Jalna,Maharashtra
431214,Jalna,Maharashtra
431215,Jalna,Maharashtra
431302,Mumbai,Maharashtra
431401,Parbhani,Maharashtra
431402,Parbhani,Maharashtra
431501,Partur,Maharashtra
431502,Selu,Maharashtra
431503,Selu,Maharashtra
431504,Mantha,Maharashtra
431505,Selu,Maharashtra
431506,Selu,Maharashtra
431507,Manjlegaon,Maharashtra
431508,Mantha,Maharashtra
431509,Mantha,Maharashtra
431510,Mantha,Maharashtra
431511,Vasmat,Maharashtra
431512,Vasmat,Maharashtra
431513,Hingoli,Maharashtra
431514,Gangakher,Maharashtra
431515,Parli,Maharashtra
431516,Parli,Maharashtra
431517,Ambajogai,Maharashtra
431518,Kaij,Maharashtra
431519,Ambajogai,Maharashtra
431520,Parli,Maharashtra
431521,Parbhani,Maharashtra
431523,Ambajogai,Maharashtra
431526,Ambajogai,Maharashtra
431528,Parli,Maharashtra
431530,Parli,Maharashtra
431531,Gangakher,Maharashtra
431536,Gangakher,Maharashtra
431537,Parbhani,Maharashtra
431540,Parbhani,Maharashtra
431601,Nanded,Maharashtra
431602,Nanded,Maharashtra
431603,Nanded,Maharashtra
431604,Nanded,Maharashtra
431605,Nanded,Maharashtra
431606,Nanded,Maharashtra
431701,Waranga Phata,Maharashtra
431702,Hingoli,Maharashtra
431703,Hingoli,Maharashtra
431704,Nanded,Maharashtra
431705,Hingoli,Maharashtra
431707,Loha,Maharashtra
431708,Loha,Maharashtra
431709,Mukhed,Maharashtra
431710,Dharmabad,Maharashtra
431711,Dharmabad,Maharashtra
431712,Umarkhed,Maharashtra
431713,Umarkhed,Maharashtra
431714,Loha,Maharashtra
431715,Mukhed,Maharashtra
431716,Mukhed,Maharashtra
431717,Degloor,Maharashtra
431718,Degloor,Maharashtra
431719,Udgir,Maharashtra
431720,Gangakher,Maharashtra
431721,Mahagaon,Maharashtra
431722,Mukhed,Maharashtra
431723,Degloor,Maharashtra
431736,Mukhed,Maharashtra
431741,Aurad,Maharashtra
431742,Loha,Maharashtra
431743,Umarkhed,Maharashtra
431745,Nanded,Maharashtra
431746,Loha,Maharashtra
431750,Vasmat,Maharashtra
431801,Bhokar,Maharashtra
431802,Bhokar,Maharashtra
431804,Kinwat,Maharashtra
431805,Kinwat,Maharashtra
431806,Bhokar,Maharashtra
431807,Bhokar,Maharashtra
431808,Dharmabad,Maharashtra
431809,Dharmabad,Maharashtra
431810,Kinwat,Maharashtra
431811,Kinwat,Maharashtra
431812,Kinwat,Maharashtra
440001,Nagpur,Maharashtra
440002,Nagpur,Maharashtra
440003,Nagpur,Maharashtra
440004,Nagpur,Maharashtra
440005,Nagpur,Maharashtra
440006,Nagpur,Maharashtra
440007,Nagpur,Maharashtra
440008,Nagpur,Maharashtra
440009,Nagpur,Maharashtra
440010,Nagpur,Maharashtra
440011,Nagpur,Maharashtra
440012,Nagpur,Maharashtra
440013,Nagpur,Maharashtra
440014,Nagpur,Maharashtra
440015,Nagpur,Maharashtra
440016,Nagpur,Maharashtra
440017,Nagpur,Maharashtra
440018,Nagpur,Maharashtra
440019,Nagpur,Maharashtra
440020,Nagpur,Maharashtra
440021,Nagpur,Maharashtra
440022,Nagpur,Maharashtra
440023,Nagpur,Maharashtra
440024,Nagpur,Maharashtra
440025,Nagpur,Maharashtra
440026,Nagpur,Maharashtra
440027,Nagpur,Maharashtra
440028,Nagpur,Maharashtra
440029,Nagpur,Maharashtra
440030,Nagpur,Maharashtra
440031,Nagpur,Maharashtra
440032,Nagpur,Maharashtra
440033,Nagpur,Maharashtra
440034,Nagpur,Maharashtra
440035,Nagpur,Maharashtra
440036,Nagpur,Maharashtra
440037,Nagpur,Maharashtra
440104,Nagpur,Maharashtra
441001,Nagpur,Maharashtra
441002,Nagpur,Maharashtra
441101,Savner,Maharashtra
441102,Nagpur,Maharashtra
441103,Katol,Maharashtra
441104,Umred,Maharashtra
441105,Nagpur,Maharashtra
441106,Nagpur,Maharashtra
441107,Savner,Maharashtra
441108,Nagpur,Maharashtra
441109,Nagpur,Maharashtra
441110,Nagpur,Maharashtra
441111,Nagpur,Maharashtra
441112,Savner,Maharashtra
441113,Nagpur,Maharashtra
441118,Wardha,Maharashtra
441121,Wardha,Maharashtra
441122,Nagpur,Maharashtra
441123,Nagpur,Maharashtra
441201,Nagpur,Maharashtra
441202,Umred,Maharashtra
441203,Nagpur,Maharashtra
441204,Umred,Maharashtra
441205,Brahmapuri,Maharashtra
441206,Brahmapuri,Maharashtra
441207,Brahmapuri,Maharashtra
441208,Brahmapuri,Maharashtra
441209,Kurkheda,Maharashtra
441210,Umred,Maharashtra
441212,Mul,Maharashtra
441214,Umred,Maharashtra
441215,Saoli,Maharashtra
441217,Kurkheda,Maharashtra
441221,Sindewahi,Maharashtra
441222,Mul,Maharashtra
441223,Sindewahi,Maharashtra
441224,Mul,Maharashtra
441225,Mul,Maharashtra
441226,Saoli,Maharashtra
441301,Warud,Maharashtra
441302,Katol,Maharashtra
441303,Katol,Maharashtra
441304,Katol,Maharashtra
441305,Katol,Maharashtra
441306,Savner,Maharashtra
441401,Ramtek,Maharashtra
441404,Nagpur,Maharashtra
441501,Nagpur,Maharashtra
441502,Savner,Maharashtra
441601,Gondia,Maharashtra
441603,Gondia,Maharashtra
441605,Gondia,Maharashtra
441606,Gondia,Maharashtra
441609,Gondia,Maharashtra
441611,Gondia,Maharashtra
441613,Gondia,Maharashtra
441614,Gondia,Maharashtra
441701,Brahmapuri,Maharashtra
441702,Sadak Arjuni,Maharashtra
441801,Gondia,Maharashtra
441802,Sakoli,Maharashtra
441803,Brahmapuri,Maharashtra
441804,Bhandara,Maharashtra
441805,Sakoli,Maharashtra
441806,Sakoli,Maharashtra
441807,Sadak Arjuni,Maharashtra
441809,Sakoli,Maharashtra
441901,Sadak Arjuni,Maharashtra
441902,Gondia,Maharashtra
441903,Pauni,Maharashtra
441904,Bhandara,Maharashtra
441905,Bhandara,Maharashtra
441906,Bhandara,Maharashtra
441907,Tumsar,Maharashtra
441908,Pauni,Maharashtra
441909,Bhandara,Maharashtra
441910,Pauni,Maharashtra
441911,Gondia,Maharashtra
441912,Tumsar,Maharashtra
441913,Tumsar,Maharashtra
441914,Ramtek,Maharashtra
441915,Tumsar,Maharashtra
441924,Bhandara,Maharashtra
442001,Wardha,Maharashtra
442002,Wardha,Maharashtra
442003,Wardha,Maharashtra
442004,Wardha,Maharashtra
442005,Wardha,Maharashtra
442006,Wardha,Maharashtra
442101,Deoli,Maharashtra
442102,Wardha,Maharashtra
442104,Wardha,Maharashtra
442105,Nagpur,Maharashtra
442107,Wardha,Maharashtra
442109,Wardha,Maharashtra
442111,Wardha,Maharashtra
442201,Talegaon Sp,Maharashtra
442202,Talegaon Sp,Maharashtra
442203,Talegaon Sp,Maharashtra
442301,Hinganghat,Maharashtra
442302,Deoli,Maharashtra
442303,Deoli,Maharashtra
442304,Hinganghat,Maharashtra
442305,Hinganghat,Maharashtra
442306,Deoli,Maharashtra
442307,Hinganghat,Maharashtra
442401,Chandrapur,Maharashtra
442402,Chandrapur,Maharashtra
442403,Chandrapur,Maharashtra
442404,Chandrapur,Maharashtra
442406,Chandrapur,Maharashtra
442501,Bhadravati,Maharashtra
442502,Chandrapur,Maharashtra
442503,Wani,Maharashtra
442504,Sironcha,Maharashtra
442505,Ghugus,Maharashtra
442507,Chandrapur,Maharashtra
442603,Chamorshi,Maharashtra
442604,Chamorshi,Maharashtra
442605,Gadchiroli,Maharashtra
442701,Ballarpur,Maharashtra
442702,Gondpipri,Maharashtra
442703,Aheri,Maharashtra
442705,Aheri,Maharashtra
442707,Chamorshi,Maharashtra
442901,Ballarpur,Maharashtra
442902,Bhadravati,Maharashtra
442903,Chimur,Maharashtra
442904,Chimur,Maharashtra
442905,Rajura,Maharashtra
442907,Wani,Maharashtra
442908,Gadchandur,Maharashtra
442914,Bhadravati,Maharashtra
442916,Chandrapur,Maharashtra
442917,Chandrapur,Maharashtra
442918,Gondpipri,Maharashtra
443001,Buldhana,Maharashtra
443002,Buldhana,Maharashtra
443101,Malkapur,Maharashtra
443102,Malkapur,Maharashtra
443103,Malkapur,Maharashtra
443104,Jamner,Maharashtra
443106,Buldhana,Maharashtra
443112,Malkapur,Maharashtra
443201,Chikhli,Maharashtra
443202,Dusrabid,Maharashtra
443203,Deaulgaon Raja,Maharashtra
443204,Deaulgaon Raja,Maharashtra
443206,Deaulgaon Raja,Maharashtra
443301,Mehkar,Maharashtra
443302,Mehkar,Maharashtra
443303,Mehkar,Maharashtra
443308,Dusrabid,Maharashtra
443401,Nandura,Maharashtra
443402,Jalgaon Jamod,Maharashtra
443403,Nandura,Maharashtra
443404,Nandura,Maharashtra
444001,Akola,Maharashtra
444002,Akola,Maharashtra
444003,Akola,Maharashtra
444004,Akola,Maharashtra
444005,Akola,Maharashtra
444006,Akola,Maharashtra
444101,Akola,Maharashtra
444102,Akola,Maharashtra
444103,Akot,Maharashtra
444104,Akola,Maharashtra
444105,Karanja,Maharashtra
444106,Murtizapur,Maharashtra
444107,Daryapur,Maharashtra
444108,Akot,Maharashtra
444109,Akola,Maharashtra
444110,Murtizapur,Maharashtra
444111,Akola,Maharashtra
444117,Akot,Maharashtra
444126,Akot,Maharashtra
444201,Jalgaon Jamod,Maharashtra
444202,Akot,Maharashtra
444203,Shegaon,Maharashtra
444204,Jalgaon Jamod,Maharashtra
444301,Amdapur,Maharashtra
444302,Akola,Maharashtra
444303,Khamgaon,Maharashtra
444304,Nandura,Maharashtra
444306,Khamgaon,Maharashtra
444308,Akola,Maharashtra
444311,Akola,Maharashtra
444312,Khamgaon,Maharashtra
444401,Akola,Maharashtra
444402,Mangrulpir,Maharashtra
444403,Karanja,Maharashtra
444404,Digras,Maharashtra
444405,Akola,Maharashtra
444407,Akola,Maharashtra
444409,Mangrulpir,Maharashtra
444501,Akola,Maharashtra
444502,Akola,Maharashtra
444503,Washim,Maharashtra
444504,Washim,Maharashtra
444505,Washim,Maharashtra
444506,Risod,Maharashtra
444507,Washim,Maharashtra
444601,Amravati,Maharashtra
444602,Amravati,Maharashtra
444603,Amravati,Maharashtra
444604,Amravati,Maharashtra
444605,Amravati,Maharashtra
444606,Amravati,Maharashtra
444607,Amravati,Maharashtra
444608,Amravati,Maharashtra
444701,Amravati,Maharashtra
444702,Dharni,Maharashtra
444704,Amravati,Maharashtra
444705,Daryapur,Maharashtra
444706,Daryapur,Maharashtra
444707,Amravati,Maharashtra
444708,Yavatmal,Maharashtra
444709,Dhamangaon,Maharashtra
444710,Amravati,Maharashtra
444711,Dhamangaon,Maharashtra
444719,Dharni,Maharashtra
444720,Paratwada,Maharashtra
444723,Paratwada,Maharashtra
444801,Amravati,Maharashtra
444802,Amravati,Maharashtra
444803,Daryapur,Maharashtra
444804,Amravati,Maharashtra
444805,Paratwada,Maharashtra
444806,Paratwada,Maharashtra
444807,Paratwada,Maharashtra
444808,Paratwada,Maharashtra
444809,Paratwada,Maharashtra
444810,Paratwada,Maharashtra
444813,Dharni,Maharashtra
444901,Amravati,Maharashtra
444902,Amravati,Maharashtra
444903,Amravati,Maharashtra
444904,Amravati,Maharashtra
444905,Morshi,Maharashtra
444906,Warud,Maharashtra
444907,Warud,Maharashtra
444908,Warud,Maharashtra
444910,Paratwada,Maharashtra
445001,Yavatmal,Maharashtra
445002,Yavatmal,Maharashtra
445101,Yavatmal,Maharashtra
445102,Yavatmal,Maharashtra
445103,Arni,Maharashtra
445105,Arni,Maharashtra
445106,Arni,Maharashtra
445109,Ghatanji,Maharashtra
445110,Digras,Maharashtra
445201,Yavatmal,Maharashtra
445202,Digras,Maharashtra
445203,Digras,Maharashtra
445204,Pusad,Maharashtra
445205,Mahagaon,Maharashtra
445206,Umarkhed,Maharashtra
445207,Umarkhed,Maharashtra
445209,Pusad,Maharashtra
445210,Yavatmal,Maharashtra
445211,Umarkhed,Maharashtra
445215,Pusad,Maharashtra
445216,Pusad,Maharashtra
445301,Ghatanji,Maharashtra
445302,Pandharkawada,Maharashtra
445303,Pandharkawada,Maharashtra
445304,Wani,Maharashtra
445305,Wani,Maharashtra
445306,Ghatanji,Maharashtra
445307,Wani,Maharashtra
445401,Yavatmal,Maharashtra
450001,Khandwa,Madhya Pradesh
450003,Khandwa,Madhya Pradesh
450006,Khandwa,Madhya Pradesh
450017,Khandwa,Madhya Pradesh
450051,Khandwa,Madhya Pradesh
450110,Mundi,Madhya Pradesh
450112,Mundi,Madhya Pradesh
450114,Mundi,Madhya Pradesh
450116,Harda,Madhya Pradesh
450119,Mundi,Madhya Pradesh
450221,Nepanagar,Madhya Pradesh
450331,Burhanpur,Madhya Pradesh
450332,Nepanagar,Madhya Pradesh
450337,Khandwa,Madhya Pradesh
450445,Burhanpur,Madhya Pradesh
450551,Sanawad,Madhya Pradesh
450554,Sanawad,Madhya Pradesh
450661,Khandwa,Madhya Pradesh
450771,Khandwa,Madhya Pradesh
450881,Nepanagar,Madhya Pradesh
450991,Khandwa,Madhya Pradesh
451001,Khargone,Madhya Pradesh
451010,Khargone,Madhya Pradesh
451111,Sanawad,Madhya Pradesh
451113,Sanawad,Madhya Pradesh
451115,Sanawad,Madhya Pradesh
451220,Maheshwar,Madhya Pradesh
451221,Maheshwar,Madhya Pradesh
451224,Maheshwar,Madhya Pradesh
451225,Maheshwar,Madhya Pradesh
451228,Thikri,Madhya Pradesh
451331,Khargone,Madhya Pradesh
451335,Khargone,Madhya Pradesh
451337,Khargone,Madhya Pradesh
451411,Khargone,Madhya Pradesh
451440,Khargone,Madhya Pradesh
451442,Thikri,Madhya Pradesh
451447,Barwani,Madhya Pradesh
451448,Sendhwa,Madhya Pradesh
451449,Sendhwa,Madhya Pradesh
451550,Barwani,Madhya Pradesh
451551,Barwani,Madhya Pradesh
451555,Barwani,Madhya Pradesh
451556,Barwani,Madhya Pradesh
451660,Thikri,Madhya Pradesh
451661,Barwani,Madhya Pradesh
451665,Sendhwa,Madhya Pradesh
451666,Sendhwa,Madhya Pradesh
451669,Sendhwa,Madhya Pradesh
451770,Pansemal,Madhya Pradesh
451881,Pansemal,Madhya Pradesh
452001,Indore,Madhya Pradesh
452002,Indore,Madhya Pradesh
452003,Indore,Madhya Pradesh
452004,Indore,Madhya Pradesh
452005,Indore,Madhya Pradesh
452006,Indore,Madhya Pradesh
452007,Indore,Madhya Pradesh
452008,Indore,Madhya Pradesh
452009,Indore,Madhya Pradesh
452010,Indore,Madhya Pradesh
452011,Indore,Madhya Pradesh
452012,Indore,Madhya Pradesh
452013,Indore,Madhya Pradesh
452014,Indore,Madhya Pradesh
452015,Indore,Madhya Pradesh
452016,Indore,Madhya Pradesh
452017,Indore,Madhya Pradesh
452018,Indore,Madhya Pradesh
452019,Indore,Madhya Pradesh
452020,Indore,Madhya Pradesh
452023,Indore,Madhya Pradesh
452056,Indore,Madhya Pradesh
453001,Depalpur,Madhya Pradesh
453111,Indore,Madhya Pradesh
453112,Indore,Madhya Pradesh
453115,Depalpur,Madhya Pradesh
453220,Badnagar,Madhya Pradesh
453331,Indore,Madhya Pradesh
453332,Indore,Madhya Pradesh
453441,Indore,Madhya Pradesh
453446,Indore,Madhya Pradesh
453551,Ujjain,Madhya Pradesh
453555,Indore,Madhya Pradesh
453556,Indore,Madhya Pradesh
453661,Pithampur,Madhya Pradesh
453771,Indore,Madhya Pradesh
454001,Dhar,Madhya Pradesh
454010,Dhar,Madhya Pradesh
454111,Sardarpur,Madhya Pradesh
454116,Sardarpur,Madhya Pradesh
454221,Kukshi,Madhya Pradesh
454331,Kukshi,Madhya Pradesh
454334,Barwani,Madhya Pradesh
454335,Kukshi,Madhya Pradesh
454341,Barwani,Madhya Pradesh
454446,Manawar,Madhya Pradesh
454448,Manawar,Madhya Pradesh
454449,Manawar,Madhya Pradesh
454552,Dhamnod,Madhya Pradesh
454660,Badnagar,Madhya Pradesh
454773,Dhar,Madhya Pradesh
454774,Indore,Madhya Pradesh
454775,Indore,Madhya Pradesh
455001,Dewas,Madhya Pradesh
455002,Indore,Madhya Pradesh
455003,Dewas,Madhya Pradesh
455048,Dewas,Madhya Pradesh
455111,Dewas,Madhya Pradesh
455112,Dewas,Madhya Pradesh
455115,Dewas,Madhya Pradesh
455116,Dewas,Madhya Pradesh
455118,Dewas,Madhya Pradesh
455332,Ashta,Madhya Pradesh
455336,Khategaon,Madhya Pradesh
455339,Khategaon,Madhya Pradesh
455440,Khategaon,Madhya Pradesh
455459,Khategaon,Madhya Pradesh
456001,Ujjain,Madhya Pradesh
456002,Ujjain,Madhya Pradesh
456003,Ujjain,Madhya Pradesh
456004,Ujjain,Madhya Pradesh
456005,Ujjain,Madhya Pradesh
456006,Ujjain,Madhya Pradesh
456007,Ujjain,Madhya Pradesh
456008,Ujjain,Madhya Pradesh
456009,Ujjain,Madhya Pradesh
456010,Ujjain,Madhya Pradesh
456221,Nagda,Madhya Pradesh
456222,Badnagar,Madhya Pradesh
456224,Nagda,Madhya Pradesh
456313,Badnagar,Madhya Pradesh
456331,Nagda,Madhya Pradesh
456335,Nagda,Madhya Pradesh
456337,Nagda,Madhya Pradesh
456440,Nagda,Madhya Pradesh
456441,Alote,Madhya Pradesh
456443,Ghatiya,Madhya Pradesh
456550,Ghatiya,Madhya Pradesh
456661,Ujjain,Madhya Pradesh
456664,Ujjain,Madhya Pradesh
456665,Ghatiya,Madhya Pradesh
456668,Tarana,Madhya Pradesh
456770,Shajapur,Madhya Pradesh
456771,Badnagar,Madhya Pradesh
456776,Badnagar,Madhya Pradesh
457001,Ratlam,Madhya Pradesh
457002,Ratlam,Madhya Pradesh
457003,Ratlam,Madhya Pradesh
457112,Ratlam,Madhya Pradesh
457114,Alote,Madhya Pradesh
457118,Alote,Madhya Pradesh
457119,Alote,Madhya Pradesh
457222,Ratlam,Madhya Pradesh
457226,Jaora,Madhya Pradesh
457227,Jaora,Madhya Pradesh
457331,Jaora,Madhya Pradesh
457333,Jaora,Madhya Pradesh
457335,Jaora,Madhya Pradesh
457336,Jaora,Madhya Pradesh
457339,Jaora,Madhya Pradesh
457340,Jaora,Madhya Pradesh
457441,Ratlam,Madhya Pradesh
457550,Ratlam,Madhya Pradesh
457552,Ratlam,Madhya Pradesh
457661,Jhabua,Madhya Pradesh
457770,Petlawad,Madhya Pradesh
457772,Petlawad,Madhya Pradesh
457773,Petlawad,Madhya Pradesh
457775,Petlawad,Madhya Pradesh
457777,Petlawad,Madhya Pradesh
457778,Jhabua,Madhya Pradesh
457779,Jhabua,Madhya Pradesh
457887,Alirajpur,Madhya Pradesh
457888,Alirajpur,Madhya Pradesh
457990,Alirajpur,Madhya Pradesh
457993,Jhabua,Madhya Pradesh
458001,Mandsaur,Madhya Pradesh
458002,Mandsaur,Madhya Pradesh
458110,Manasa,Madhya Pradesh
458113,Manasa,Madhya Pradesh
458116,Manasa,Madhya Pradesh
458118,Manasa,Madhya Pradesh
458220,Jawad,Madhya Pradesh
458226,Ratangarh-MP,Madhya Pradesh
458228,Ratangarh-MP,Madhya Pradesh
458330,Jawad,Madhya Pradesh
458339,Neemuch,Madhya Pradesh
458389,Mandsaur,Madhya Pradesh
458441,Neemuch,Madhya Pradesh
458468,Jawad,Madhya Pradesh
458470,Neemuch,Madhya Pradesh
458553,Manasa,Madhya Pradesh
458556,Mandsaur,Madhya Pradesh
458558,Sitamau,Madhya Pradesh
458664,Neemuch,Madhya Pradesh
458667,Mandsaur,Madhya Pradesh
458669,Mandsaur,Madhya Pradesh
458771,Bhanpura,Madhya Pradesh
458775,Bhanpura,Madhya Pradesh
458778,Bhanpura,Madhya Pradesh
458880,Garoth,Madhya Pradesh
458883,Garoth,Madhya Pradesh
458888,Garoth,Madhya Pradesh
458895,Mandsaur,Madhya Pradesh
458990,Sitamau,Madhya Pradesh
460001,Betul,Madhya Pradesh
460002,Betul,Madhya Pradesh
460004,Betul,Madhya Pradesh
460110,Athner,Madhya Pradesh
460220,Athner,Madhya Pradesh
460225,Betul,Madhya Pradesh
460330,Betul,Madhya Pradesh
460440,Sarni,Madhya Pradesh
460443,Betul,Madhya Pradesh
460444,Betul,Madhya Pradesh
460447,Sarni,Madhya Pradesh
460449,Sarni,Madhya Pradesh
460551,Betul,Madhya Pradesh
460553,Betul,Madhya Pradesh
460554,Amla,Madhya Pradesh
460557,Athner,Madhya Pradesh
460661,Multai,Madhya Pradesh
460663,Multai,Madhya Pradesh
460665,Multai,Madhya Pradesh
460666,Multai,Madhya Pradesh
460668,Athner,Madhya Pradesh
461001,Hoshangabad,Madhya Pradesh
461005,Hoshangabad,Madhya Pradesh
461110,Itarsi,Madhya Pradesh
461111,Itarsi,Madhya Pradesh
461114,Itarsi,Madhya Pradesh
461115,Itarsi,Madhya Pradesh
461116,Hoshangabad,Madhya Pradesh
461122,Itarsi,Madhya Pradesh
461221,Seoni Malwa,Madhya Pradesh
461223,Seoni Malwa,Madhya Pradesh
461228,Harda,Madhya Pradesh
461331,Harda,Madhya Pradesh
461335,Harda,Madhya Pradesh
461441,Harda,Madhya Pradesh
461445,Itarsi,Madhya Pradesh
461446,Itarsi,Madhya Pradesh
461551,Itarsi,Madhya Pradesh
461661,Hoshangabad,Madhya Pradesh
461668,Pipariya,Madhya Pradesh
461771,Pipariya,Madhya Pradesh
461775,Pipariya,Madhya Pradesh
461990,Pipariya,Madhya Pradesh
462001,Bhopal,Madhya Pradesh
462002,Bhopal,Madhya Pradesh
462003,Bhopal,Madhya Pradesh
462004,Bhopal,Madhya Pradesh
462005,Bhopal,Madhya Pradesh
462006,Bhopal,Madhya Pradesh
462007,Bhopal,Madhya Pradesh
462008,Bhopal,Madhya Pradesh
462010,Bhopal,Madhya Pradesh
462011,Bhopal,Madhya Pradesh
462012,Bhopal,Madhya Pradesh
462013,Bhopal,Madhya Pradesh
462014,Bhopal,Madhya Pradesh
462015,Bhopal,Madhya Pradesh
462016,Bhopal,Madhya Pradesh
462017,Bhopal,Madhya Pradesh
462018,Bhopal,Madhya Pradesh
462019,Bhopal,Madhya Pradesh
462020,Bhopal,Madhya Pradesh
462021,Bhopal,Madhya Pradesh
462022,Bhopal,Madhya Pradesh
462023,Bhopal,Madhya Pradesh
462024,Bhopal,Madhya Pradesh
462025,Bhopal,Madhya Pradesh
462026,Bhopal,Madhya Pradesh
462027,Bhopal,Madhya Pradesh
462028,Bhopal,Madhya Pradesh
462029,Bhopal,Madhya Pradesh
462030,Bhopal,Madhya Pradesh
462031,Bhopal,Madhya Pradesh
462032,Bhopal,Madhya Pradesh
462033,Bhopal,Madhya Pradesh
462034,Bhopal,Madhya Pradesh
462036,Bhopal,Madhya Pradesh
462037,Bhopal,Madhya Pradesh
462038,Bhopal,Madhya Pradesh
462039,Bhopal,Madhya Pradesh
462040,Bhopal,Madhya Pradesh
462041,Bhopal,Madhya Pradesh
462042,Bhopal,Madhya Pradesh
462043,Bhopal,Madhya Pradesh
462044,Bhopal,Madhya Pradesh
462045,Bhopal,Madhya Pradesh
462046,Mandideep,Madhya Pradesh
462047,Bhopal,Madhya Pradesh
462066,Bhopal,Madhya Pradesh
462100,Bhopal,Madhya Pradesh
462101,Bhopal,Madhya Pradesh
462120,Berasia,Madhya Pradesh
463106,Berasia,Madhya Pradesh
463111,Bhopal,Madhya Pradesh
464001,Vidisha,Madhya Pradesh
464111,Berasia,Madhya Pradesh
464113,Berasia,Madhya Pradesh
464114,Maksudangarh,Madhya Pradesh
464220,Ganj Basoda,Madhya Pradesh
464221,Ganj Basoda,Madhya Pradesh
464224,Bina,Madhya Pradesh
464226,Vidisha,Madhya Pradesh
464228,Sironj,Madhya Pradesh
464258,Ganj Basoda,Madhya Pradesh
464331,Khurai,Madhya Pradesh
464334,Ganj Basoda,Madhya Pradesh
464337,Khurai,Madhya Pradesh
464551,Raisen,Madhya Pradesh
464573,Raisen,Madhya Pradesh
464661,Raisen,Madhya Pradesh
464665,Bareli,Madhya Pradesh
464668,Bareli,Madhya Pradesh
464671,Bareli,Madhya Pradesh
464672,Silwani,Madhya Pradesh
464770,Udaipura,Madhya Pradesh
464774,Gadarwara,Madhya Pradesh
464776,Udaipura,Madhya Pradesh
464881,Begumganj,Madhya Pradesh
464884,Begumganj,Madhya Pradesh
464886,Silwani,Madhya Pradesh
464986,Raisen,Madhya Pradesh
464990,Mandideep,Madhya Pradesh
464993,Mandideep,Madhya Pradesh
465001,Shajapur,Madhya Pradesh
465106,Shajapur,Madhya Pradesh
465110,Shajapur,Madhya Pradesh
465113,Polay Kalan,Madhya Pradesh
465116,Polay Kalan,Madhya Pradesh
465118,Polay Kalan,Madhya Pradesh
465220,Shajapur,Madhya Pradesh
465223,Shujalpur,Madhya Pradesh
465226,Nalkheda,Madhya Pradesh
465227,Shujalpur,Madhya Pradesh
465230,Nalkheda,Madhya Pradesh
465333,Shujalpur,Madhya Pradesh
465335,Shujalpur,Madhya Pradesh
465337,Shujalpur,Madhya Pradesh
465339,Narsinghgarh,Madhya Pradesh
465441,Agar,Madhya Pradesh
465445,Nalkheda,Madhya Pradesh
465447,Rajgarh-MP,Madhya Pradesh
465449,Rajgarh-MP,Madhya Pradesh
465550,Alote,Madhya Pradesh
465661,Rajgarh-MP,Madhya Pradesh
465667,Narsinghgarh,Madhya Pradesh
465669,Narsinghgarh,Madhya Pradesh
465674,Narsinghgarh,Madhya Pradesh
465677,Maksudangarh,Madhya Pradesh
465679,Rajgarh-MP,Madhya Pradesh
465680,Pachore,Madhya Pradesh
465683,Pachore,Madhya Pradesh
465685,Pachore,Madhya Pradesh
465687,Pachore,Madhya Pradesh
465689,Rajgarh-MP,Madhya Pradesh
465691,Rajgarh-MP,Madhya Pradesh
465693,Rajgarh-MP,Madhya Pradesh
465697,Shajapur,Madhya Pradesh
466001,Sehore,Madhya Pradesh
466002,Sehore,Madhya Pradesh
466111,Bhopal,Madhya Pradesh
466112,Sehore,Madhya Pradesh
466113,Ashta,Madhya Pradesh
466114,Ashta,Madhya Pradesh
466115,Sehore,Madhya Pradesh
466116,Ashta,Madhya Pradesh
466117,Ashta,Madhya Pradesh
466118,Ashta,Madhya Pradesh
466120,Ashta,Madhya Pradesh
466125,Ashta,Madhya Pradesh
466221,Ashta,Madhya Pradesh
466331,Nasrullaganj,Madhya Pradesh
466445,Hoshangabad,Madhya Pradesh
466446,Nasrullaganj,Madhya Pradesh
466448,Bareli,Madhya Pradesh
466554,Hoshangabad,Madhya Pradesh
466651,Sehore,Madhya Pradesh
466661,Sehore,Madhya Pradesh
466665,Narsinghgarh,Madhya Pradesh
466666,Narsinghgarh,Madhya Pradesh
470000,Khurai,Madhya Pradesh
470001,Sagar,Madhya Pradesh
470002,Sagar,Madhya Pradesh
470003,Sagar,Madhya Pradesh
470004,Sagar,Madhya Pradesh
470021,Sagar,Madhya Pradesh
470051,Sagar,Madhya Pradesh
470113,Bina,Madhya Pradesh
470115,Khurai,Madhya Pradesh
470117,Khurai,Madhya Pradesh
470118,Khurai,Madhya Pradesh
470119,Rahatgarh,Madhya Pradesh
470120,Rahatgarh,Madhya Pradesh
470124,Bina,Madhya Pradesh
470125,Sagar,Madhya Pradesh
470221,Sagar,Madhya Pradesh
470223,Jhunku,Madhya Pradesh
470226,Jhunku,Madhya Pradesh
470227,Rehli,Madhya Pradesh
470228,Rehli,Madhya Pradesh
470229,Rehli,Madhya Pradesh
470232,Rehli,Madhya Pradesh
470235,Kesali,Madhya Pradesh
470335,Banda-MP,Madhya Pradesh
470337,Sagar,Madhya Pradesh
470339,Shahgarh,Madhya Pradesh
470442,Barodia,Madhya Pradesh
470661,Damoh,Madhya Pradesh
470663,Damoh,Madhya Pradesh
470664,Hatta,Madhya Pradesh
470666,Damoh,Madhya Pradesh
470669,Banda-MP,Madhya Pradesh
470672,Damoh,Madhya Pradesh
470673,Hatta,Madhya Pradesh
470675,Damoh,Madhya Pradesh
470771,Damoh,Madhya Pradesh
470772,Hatta,Madhya Pradesh
470775,Hatta,Madhya Pradesh
470880,Tendukheda,Madhya Pradesh
471001,Chhatarpur,Madhya Pradesh
471101,Khajuraho,Madhya Pradesh
471105,Chhatarpur,Madhya Pradesh
471201,Chhatarpur,Madhya Pradesh
471301,Malhera,Madhya Pradesh
471311,Kanera,Madhya Pradesh
471313,Shahgarh,Madhya Pradesh
471315,Chhatarpur,Madhya Pradesh
471318,Shahgarh,Madhya Pradesh
471405,Chhatarpur,Madhya Pradesh
471408,Chhatarpur,Madhya Pradesh
471411,Chhatarpur,Madhya Pradesh
471501,Chhatarpur,Madhya Pradesh
471510,Lavkush Nagar,Madhya Pradesh
471515,Lavkush Nagar,Madhya Pradesh
471516,Lavkush Nagar,Madhya Pradesh
471525,Lavkush Nagar,Madhya Pradesh
471606,Khajuraho,Madhya Pradesh
471625,Khajuraho,Madhya Pradesh
472001,Tikamgarh,Madhya Pradesh
472005,Tikamgarh,Madhya Pradesh
472010,Tikamgarh,Madhya Pradesh
472101,Tikamgarh,Madhya Pradesh
472111,Tikamgarh,Madhya Pradesh
472115,Jatara,Madhya Pradesh
472118,Jatara,Madhya Pradesh
472221,Jatara,Madhya Pradesh
472246,Prithvipur,Madhya Pradesh
472331,Jatara,Madhya Pradesh
472336,Prithvipur,Madhya Pradesh
472337,Prithvipur,Madhya Pradesh
472339,Tikamgarh,Madhya Pradesh
472442,Prithvipur,Madhya Pradesh
472445,Prithvipur,Madhya Pradesh
472447,Prithvipur,Madhya Pradesh
473001,Guna,Madhya Pradesh
473002,Guna,Madhya Pradesh
473101,Guna,Madhya Pradesh
473105,Guna,Madhya Pradesh
473110,Raghogarh,Madhya Pradesh
473111,Guna,Madhya Pradesh
473112,Guna,Madhya Pradesh
473113,Guna,Madhya Pradesh
473115,Binaganj,Madhya Pradesh
473118,Binaganj,Madhya Pradesh
473222,Guna,Madhya Pradesh
473226,Raghogarh,Madhya Pradesh
473249,Guna,Madhya Pradesh
473287,Maksudangarh,Madhya Pradesh
473330,Ashok Nagar,Madhya Pradesh
473331,Ashok Nagar,Madhya Pradesh
473332,Ashok Nagar,Madhya Pradesh
473335,Ashok Nagar,Madhya Pradesh
473338,Ashok Nagar,Madhya Pradesh
473440,Mungaoli,Madhya Pradesh
473443,Mungaoli,Madhya Pradesh
473444,Mungaoli,Madhya Pradesh
473445,Mungaoli,Madhya Pradesh
473446,Chanderi,Madhya Pradesh
473551,Shivpuri,Madhya Pradesh
473554,Shivpuri,Madhya Pradesh
473585,Chanderi,Madhya Pradesh
473638,Shivpuri,Madhya Pradesh
473660,Karera-MP,Madhya Pradesh
473662,Karera-MP,Madhya Pradesh
473665,Karera-MP,Madhya Pradesh
473670,Karera-MP,Madhya Pradesh
473770,Shivpuri,Madhya Pradesh
473774,Shivpuri,Madhya Pradesh
473781,Shivpuri,Madhya Pradesh
473865,Dabra,Madhya Pradesh
473880,Dabra,Madhya Pradesh
473885,Shivpuri,Madhya Pradesh
473990,Pichhore,Madhya Pradesh
473995,Pichhore,Madhya Pradesh
474001,Gwalior,Madhya Pradesh
474002,Gwalior,Madhya Pradesh
474003,Gwalior,Madhya Pradesh
474004,Gwalior,Madhya Pradesh
474005,Gwalior,Madhya Pradesh
474006,Gwalior,Madhya Pradesh
474007,Gwalior,Madhya Pradesh
474008,Gwalior,Madhya Pradesh
474009,Gwalior,Madhya Pradesh
474010,Gwalior,Madhya Pradesh
474011,Gwalior,Madhya Pradesh
474012,Gwalior,Madhya Pradesh
474015,Gwalior,Madhya Pradesh
474020,Gwalior,Madhya Pradesh
474042,Gwalior,Madhya Pradesh
475001,Gwalior,Madhya Pradesh
475005,Dabra,Madhya Pradesh
475110,Dabra,Madhya Pradesh
475115,Dabra,Madhya Pradesh
475220,Dabra,Madhya Pradesh
475335,Datia,Madhya Pradesh
475336,Datia,Madhya Pradesh
475661,Datia,Madhya Pradesh
475671,Datia,Madhya Pradesh
475673,Datia,Madhya Pradesh
475675,Datia,Madhya Pradesh
475682,Lahar,Madhya Pradesh
475685,Datia,Madhya Pradesh
475686,Datia,Madhya Pradesh
476001,Morena,Madhya Pradesh
476111,Ambah,Madhya Pradesh
476115,Ambah,Madhya Pradesh
476134,Morena,Madhya Pradesh
476221,Morena,Madhya Pradesh
476224,Sabalgarh,Madhya Pradesh
476228,Sabalgarh,Madhya Pradesh
476229,Sabalgarh,Madhya Pradesh
476332,Sabalgarh,Madhya Pradesh
476337,Sheopur,Madhya Pradesh
476339,Sheopur,Madhya Pradesh
476355,Sheopur,Madhya Pradesh
476444,Morena,Madhya Pradesh
476554,Morena,Madhya Pradesh
477001,Bhind,Madhya Pradesh
477105,Bhind,Madhya Pradesh
477116,Bhind,Madhya Pradesh
477117,Gwalior,Madhya Pradesh
477222,Bhind,Madhya Pradesh
477227,Bhind,Madhya Pradesh
477331,Bhind,Madhya Pradesh
477333,Jalaun,Madhya Pradesh
477441,Lahar,Madhya Pradesh
477445,Lahar,Madhya Pradesh
477446,Lahar,Madhya Pradesh
477449,Lahar,Madhya Pradesh
477557,Bhind,Madhya Pradesh
477660,Bhind,Madhya Pradesh
480001,Chhindwara,Madhya Pradesh
480003,Chhindwara,Madhya Pradesh
480004,Chhindwara,Madhya Pradesh
480102,Chhindwara,Madhya Pradesh
480105,Sausar,Madhya Pradesh
480106,Sausar,Madhya Pradesh
480107,Chhindwara,Madhya Pradesh
480108,Sausar,Madhya Pradesh
480109,Sausar,Madhya Pradesh
480110,Chhindwara,Madhya Pradesh
480111,Chhindwara,Madhya Pradesh
480112,Chhindwara,Madhya Pradesh
480115,Chhindwara,Madhya Pradesh
480221,Amarwara,Madhya Pradesh
480223,Amarwara,Madhya Pradesh
480224,Amarwara,Madhya Pradesh
480331,Chhindwara,Madhya Pradesh
480334,Pandhurna,Madhya Pradesh
480337,Pandhurna,Madhya Pradesh
480338,Pandhurna,Madhya Pradesh
480441,Chhindwara,Madhya Pradesh
480447,Parasia,Madhya Pradesh
480449,Parasia,Madhya Pradesh
480551,Junnardeo,Madhya Pradesh
480553,Seoni,Madhya Pradesh
480555,Junnardeo,Madhya Pradesh
480557,Parasia,Madhya Pradesh
480559,Parasia,Madhya Pradesh
480661,Seoni,Madhya Pradesh
480667,Seoni,Madhya Pradesh
480771,Katangi,Madhya Pradesh
480880,Katangi,Madhya Pradesh
480882,Seoni,Madhya Pradesh
480884,Lakhnadon,Madhya Pradesh
480886,Lakhnadon,Madhya Pradesh
480887,Lakhnadon,Madhya Pradesh
480888,Lakhnadon,Madhya Pradesh
480990,Seoni,Madhya Pradesh
480991,Mandla,Madhya Pradesh
480994,Mandla,Madhya Pradesh
480997,Lakhnadon,Madhya Pradesh
480999,Lakhnadon,Madhya Pradesh
481001,Balaghat,Madhya Pradesh
481051,Malanjkhand,Madhya Pradesh
481101,Balaghat,Madhya Pradesh
481102,Balaghat,Madhya Pradesh
481105,Malanjkhand,Madhya Pradesh
481111,Malanjkhand,Madhya Pradesh
481115,Balaghat,Madhya Pradesh
481116,Malanjkhand,Madhya Pradesh
481222,Balaghat,Madhya Pradesh
481224,Balaghat,Madhya Pradesh
481226,Balaghat,Madhya Pradesh
481331,Balaghat,Madhya Pradesh
481332,Waraseoni,Madhya Pradesh
481335,Waraseoni,Madhya Pradesh
481337,Waraseoni,Madhya Pradesh
481441,Balaghat,Madhya Pradesh
481445,Katangi,Madhya Pradesh
481449,Katangi,Madhya Pradesh
481551,Linga,Madhya Pradesh
481556,Linga,Madhya Pradesh
481661,Mandla,Madhya Pradesh
481663,Ghugri,Madhya Pradesh
481664,Ghugri,Madhya Pradesh
481665,Mandla,Madhya Pradesh
481668,Mandla,Madhya Pradesh
481672,ShahpuraMP,Madhya Pradesh
481768,Mandla,Madhya Pradesh
481771,Mandla,Madhya Pradesh
481776,Mandla,Madhya Pradesh
481879,Dindori,Madhya Pradesh
481880,Dindori,Madhya Pradesh
481882,Bajag,Madhya Pradesh
481884,Bajag,Madhya Pradesh
481885,ShahpuraMP,Madhya Pradesh
481990,ShahpuraMP,Madhya Pradesh
481995,Bichhiya,Madhya Pradesh
481996,Bichhiya,Madhya Pradesh
481998,Bichhiya,Madhya Pradesh
482001,Jabalpur,Madhya Pradesh
482002,Jabalpur,Madhya Pradesh
482003,Jabalpur,Madhya Pradesh
482004,Jabalpur,Madhya Pradesh
482005,Jabalpur,Madhya Pradesh
482006,Jabalpur,Madhya Pradesh
482007,Jabalpur,Madhya Pradesh
482008,Jabalpur,Madhya Pradesh
482009,Jabalpur,Madhya Pradesh
482010,Jabalpur,Madhya Pradesh
482011,Jabalpur,Madhya Pradesh
482020,Jabalpur,Madhya Pradesh
482021,Jabalpur,Madhya Pradesh
482050,Jabalpur,Madhya Pradesh
482051,Bargi,Madhya Pradesh
482053,Jabalpur,Madhya Pradesh
482056,Bargi,Madhya Pradesh
483001,Jabalpur,Madhya Pradesh
483053,Jabalpur,Madhya Pradesh
483110,ShahpuraMP,Madhya Pradesh
483113,Tendukheda,Madhya Pradesh
483119,Tendukheda,Madhya Pradesh
483220,Jabalpur,Madhya Pradesh
483222,Sihora,Madhya Pradesh
483225,Sihora,Madhya Pradesh
483330,Katni,Madhya Pradesh
483331,Raipura,Madhya Pradesh
483332,Katni,Madhya Pradesh
483334,Sihora,Madhya Pradesh
483336,Sihora,Madhya Pradesh
483440,Katni,Madhya Pradesh
483442,Katni,Madhya Pradesh
483501,Katni,Madhya Pradesh
483503,Katni,Madhya Pradesh
483504,Katni,Madhya Pradesh
483770,Barhi,Madhya Pradesh
483773,Katni,Madhya Pradesh
483775,Vijayraghavgarh,Madhya Pradesh
483880,Vijayraghavgarh,Madhya Pradesh
483990,Raipura,Madhya Pradesh
484001,Shahdol,Madhya Pradesh
484002,Shahdol,Madhya Pradesh
484110,Shahdol,Madhya Pradesh
484113,Pendra,Madhya Pradesh
484114,Shahdol,Madhya Pradesh
484116,Anuppur,Madhya Pradesh
484117,Shahdol,Madhya Pradesh
484120,Shahdol,Madhya Pradesh
484220,Anuppur,Madhya Pradesh
484224,Anuppur,Madhya Pradesh
484330,Anuppur,Madhya Pradesh
484334,Dola,Madhya Pradesh
484336,Dola,Madhya Pradesh
484440,Dola,Madhya Pradesh
484444,Dola,Madhya Pradesh
484446,Dola,Madhya Pradesh
484447,Anuppur,Madhya Pradesh
484551,Pali Birsinghpur,Madhya Pradesh
484552,Pali Birsinghpur,Madhya Pradesh
484555,Pali Birsinghpur,Madhya Pradesh
484660,Umaria,Madhya Pradesh
484661,Umaria,Madhya Pradesh
484664,Ranchha,Madhya Pradesh
484665,Ranchha,Madhya Pradesh
484770,Jaisinghnagar,Madhya Pradesh
484771,Jaisinghnagar,Madhya Pradesh
484774,Beohari,Madhya Pradesh
484776,Beohari,Madhya Pradesh
484881,Anuppur,Madhya Pradesh
484886,Anuppur,Madhya Pradesh
484887,Anuppur,Madhya Pradesh
485001,Satna,Madhya Pradesh
485002,Satna,Madhya Pradesh
485003,Satna,Madhya Pradesh
485004,Satna,Madhya Pradesh
485005,Satna,Madhya Pradesh
485081,Rewa,Madhya Pradesh
485111,Satna,Madhya Pradesh
485112,Satna,Madhya Pradesh
485113,Satna,Madhya Pradesh
485114,Maihar,Madhya Pradesh
485115,Satna,Madhya Pradesh
485221,Jaitwara,Madhya Pradesh
485331,Majhgawa,Madhya Pradesh
485441,Satna,Madhya Pradesh
485446,Satna,Madhya Pradesh
485447,Nagod,Madhya Pradesh
485551,Nagod,Madhya Pradesh
485661,Maihar,Madhya Pradesh
485666,Jaitwara,Madhya Pradesh
485771,Maihar,Madhya Pradesh
485772,Maihar,Madhya Pradesh
485773,Maihar,Madhya Pradesh
485774,Maihar,Madhya Pradesh
485775,Amarpatan,Madhya Pradesh
485778,Amarpatan,Madhya Pradesh
485881,Amarpatan,Madhya Pradesh
486001,Rewa,Madhya Pradesh
486002,Rewa,Madhya Pradesh
486003,Rewa,Madhya Pradesh
486004,Rewa,Madhya Pradesh
486005,Rewa,Madhya Pradesh
486006,Rewa,Madhya Pradesh
486007,Rewa,Madhya Pradesh
486008,Rewa,Madhya Pradesh
486111,Raipur Karchulion,Madhya Pradesh
486114,Raipur Karchulion,Madhya Pradesh
486115,Sohagi,Madhya Pradesh
486117,Sohagi,Madhya Pradesh
486123,Raipur Karchulion,Madhya Pradesh
486220,Sohagi,Madhya Pradesh
486223,Sohagi,Madhya Pradesh
486226,Sohagi,Madhya Pradesh
486331,Deotalab,Madhya Pradesh
486333,Deotalab,Madhya Pradesh
486338,Deotalab,Madhya Pradesh
486340,Sohagi,Madhya Pradesh
486341,Deotalab,Madhya Pradesh
486440,Raipur Karchulion,Madhya Pradesh
486441,Raipur Karchulion,Madhya Pradesh
486446,Rewa,Madhya Pradesh
486450,Rewa,Madhya Pradesh
486550,Rewa,Madhya Pradesh
486553,Raipur Karchulion,Madhya Pradesh
486661,Sidhi,Madhya Pradesh
486666,Madwas,Madhya Pradesh
486669,Madwas,Madhya Pradesh
486670,Amiliya,Madhya Pradesh
486675,Amiliya,Madhya Pradesh
486771,Churhat,Madhya Pradesh
486775,Churhat,Madhya Pradesh
486776,Churhat,Madhya Pradesh
486881,Deosar,Madhya Pradesh
486882,Deosar,Madhya Pradesh
486884,Singrauli,Madhya Pradesh
486885,Singrauli,Madhya Pradesh
486886,Singrauli,Madhya Pradesh
486887,Singrauli,Madhya Pradesh
486888,Singrauli,Madhya Pradesh
486889,Singrauli,Madhya Pradesh
486890,Singrauli,Madhya Pradesh
486892,Singrauli,Madhya Pradesh
487001,Narsinghpur,Madhya Pradesh
487110,Narsinghpur,Madhya Pradesh
487114,Narsinghpur,Madhya Pradesh
487118,Tendukheda,Madhya Pradesh
487221,Narsinghpur,Madhya Pradesh
487225,Kareli,Madhya Pradesh
487330,Kareli,Madhya Pradesh
487334,Gadarwara,Madhya Pradesh
487337,Gadarwara,Madhya Pradesh
487551,Gadarwara,Madhya Pradesh
487555,Gadarwara,Madhya Pradesh
487661,Gadarwara,Madhya Pradesh
487770,Gadarwara,Madhya Pradesh
487771,Gadarwara,Madhya Pradesh
488001,Panna,Madhya Pradesh
488050,Pawai,Madhya Pradesh
488059,Pawai,Madhya Pradesh
488220,Panna,Madhya Pradesh
488333,Panna,Madhya Pradesh
488441,Amanganj,Madhya Pradesh
488443,Raipura,Madhya Pradesh
490001,Bhilai,Chhattisgarh
490002,Bhilai,Chhattisgarh
490003,Bhilai,Chhattisgarh
490004,Bhilai,Chhattisgarh
490005,Bhilai,Chhattisgarh
490006,Bhilai,Chhattisgarh
490007,Bhilai,Chhattisgarh
490009,Bhilai,Chhattisgarh
490010,Bhilai,Chhattisgarh
490011,Bhilai,Chhattisgarh
490012,Bhilai,Chhattisgarh
490013,Bhilai,Chhattisgarh
490020,Bhilai,Chhattisgarh
490021,Bhilai,Chhattisgarh
490022,Bhilai,Chhattisgarh
490023,Bhilai,Chhattisgarh
490024,Bhilai,Chhattisgarh
490025,Bhilai,Chhattisgarh
490026,Bhilai,Chhattisgarh
490027,Bhilai,Chhattisgarh
490036,Bhilai,Chhattisgarh
490042,Bhilai,Chhattisgarh
491001,Durg,Chhattisgarh
491002,Durg,Chhattisgarh
491003,Durg,Chhattisgarh
491004,Durg,Chhattisgarh
491009,Bhilai,Chhattisgarh
491107,Bhilai,Chhattisgarh
491111,Durg,Chhattisgarh
491221,Durg,Chhattisgarh
491222,Balod,Chhattisgarh
491223,Balod,Chhattisgarh
491225,Balod,Chhattisgarh
491226,Balod,Chhattisgarh
491227,Dhamtari,Chhattisgarh
491228,Balod,Chhattisgarh
491229,Manpur,Chhattisgarh
491230,Bhanupratappur,Chhattisgarh
491331,Berla,Chhattisgarh
491332,Berla,Chhattisgarh
491335,Bemetara,Chhattisgarh
491336,Kawardha,Chhattisgarh
491337,Mungeli,Chhattisgarh
491338,Bemetara,Chhattisgarh
491340,Bhatapara,Chhattisgarh
491441,Rajnandgaon,Chhattisgarh
491444,Khairagarh,Chhattisgarh
491445,Dongargarh,Chhattisgarh
491557,Dongargarh,Chhattisgarh
491558,AmbagarhChowki,Chhattisgarh
491559,Pandariya,Chhattisgarh
491661,Rajnandgaon,Chhattisgarh
491665,AmbagarhChowki,Chhattisgarh
491666,AmbagarhChowki,Chhattisgarh
491668,AmbagarhChowki,Chhattisgarh
491771,Balod,Chhattisgarh
491881,Khairagarh,Chhattisgarh
491885,Khairagarh,Chhattisgarh
491888,Berla,Chhattisgarh
491993,Berla,Chhattisgarh
491995,Kawardha,Chhattisgarh
491996,Kawardha,Chhattisgarh
492001,Raipur,Chhattisgarh
492002,Raipur,Chhattisgarh
492003,Raipur,Chhattisgarh
492004,Raipur,Chhattisgarh
492005,Raipur,Chhattisgarh
492006,Raipur,Chhattisgarh
492007,Raipur,Chhattisgarh
492008,Raipur,Chhattisgarh
492009,Raipur,Chhattisgarh
492010,Raipur,Chhattisgarh
492011,Raipur,Chhattisgarh
492012,Raipur,Chhattisgarh
492013,Raipur,Chhattisgarh
492014,Raipur,Chhattisgarh
492015,Raipur,Chhattisgarh
492016,Raipur,Chhattisgarh
492017,Raipur,Chhattisgarh
492018,Abhanpur,Chhattisgarh
492099,Raipur,Chhattisgarh
492101,Raipur,Chhattisgarh
492109,Gariyaband,Chhattisgarh
492112,Basna,Chhattisgarh
493101,Bhatapara,Chhattisgarh
493111,Raipur,Chhattisgarh
493113,Bhatapara,Chhattisgarh
493114,Tilda,Chhattisgarh
493116,Tilda,Chhattisgarh
493118,Bhatapara,Chhattisgarh
493195,Bhatapara,Chhattisgarh
493196,Bhatapara,Chhattisgarh
493221,Raipur,Chhattisgarh
493222,Jaijaipur,Chhattisgarh
493225,Tilda,Chhattisgarh
493228,Baloda Bazar,Chhattisgarh
493229,Tilda,Chhattisgarh
493331,Bhatapara,Chhattisgarh
493332,Baloda Bazar,Chhattisgarh
493335,Jaijaipur,Chhattisgarh
493338,Jaijaipur,Chhattisgarh
493344,Jaijaipur,Chhattisgarh
493441,Mahasamund,Chhattisgarh
493445,Mahasamund,Chhattisgarh
493448,Mahasamund,Chhattisgarh
493449,Mahasamund,Chhattisgarh
493526,Baloda Bazar,Chhattisgarh
493551,Pithora,Chhattisgarh
493554,Basna,Chhattisgarh
493555,Saraipalli,Chhattisgarh
493558,Saraipalli,Chhattisgarh
493559,Sarangarh,Chhattisgarh
493661,Abhanpur,Chhattisgarh
493662,Gariyaband,Chhattisgarh
493663,Abhanpur,Chhattisgarh
493770,Dhamtari,Chhattisgarh
493773,Dhamtari,Chhattisgarh
493776,Dhamtari,Chhattisgarh
493778,Nagri,Chhattisgarh
493881,Abhanpur,Chhattisgarh
493885,Abhanpur,Chhattisgarh
493887,Gariyaband,Chhattisgarh
493888,Gariyaband,Chhattisgarh
493889,Gariyaband,Chhattisgarh
493890,Raipur,Chhattisgarh
493891,Gohrapadar,Chhattisgarh
493992,Mahasamund,Chhattisgarh
493996,Gariyaband,Chhattisgarh
494001,Jagdalpur,Chhattisgarh
494004,Jagdalpur,Chhattisgarh
494010,Bastar,Chhattisgarh
494111,Sukma,Chhattisgarh
494114,Konta,Chhattisgarh
494122,Sukma,Chhattisgarh
494221,Jagdalpur,Chhattisgarh
494222,Bastar,Chhattisgarh
494223,Jagdalpur,Chhattisgarh
494224,Bastar,Chhattisgarh
494226,Kondagaon,Chhattisgarh
494228,Kondagaon,Chhattisgarh
494229,Kondagaon,Chhattisgarh
494230,keshkal,Chhattisgarh
494331,keshkal,Chhattisgarh
494332,Kanker,Chhattisgarh
494333,Kanker,Chhattisgarh
494334,Kanker,Chhattisgarh
494335,Kanker,Chhattisgarh
494336,Kanker,Chhattisgarh
494337,Charama,Chhattisgarh
494347,keshkal,Chhattisgarh
494441,Dantewada,Chhattisgarh
494442,Jagdalpur,Chhattisgarh
494444,BijapurCH,Chhattisgarh
494445,Bijapur,Chhattisgarh
494449,Dantewada,Chhattisgarh
494552,Dantewada,Chhattisgarh
494553,Dantewada,Chhattisgarh
494556,Dantewada,Chhattisgarh
494635,Bhanupratappur,Chhattisgarh
494661,Narayanpur-CH,Chhattisgarh
494665,Bhanupratappur,Chhattisgarh
494669,Bhanupratappur,Chhattisgarh
494670,Kanker,Chhattisgarh
494771,Pakhanjur,Chhattisgarh
494776,Pakhanjur,Chhattisgarh
494777,Pakhanjur,Chhattisgarh
495001,Bilaspur,Chhattisgarh
495002,Bilaspur,Chhattisgarh
495003,Bilaspur,Chhattisgarh
495004,Bilaspur,Chhattisgarh
495005,Bilaspur,Chhattisgarh
495006,Bilaspur,Chhattisgarh
495009,Bilaspur,Chhattisgarh
495112,Ratanpur,Chhattisgarh
495113,Ratanpur,Chhattisgarh
495115,Mungeli,Chhattisgarh
495116,Ratanpur,Chhattisgarh
495117,Pendra,Chhattisgarh
495118,Pendra,Chhattisgarh
495119,Pendra,Chhattisgarh
495220,Bilaspur,Chhattisgarh
495222,Bilaspur,Chhattisgarh
495223,Bilaspur,Chhattisgarh
495224,Bilaspur,Chhattisgarh
495330,Mungeli,Chhattisgarh
495334,Mungeli,Chhattisgarh
495335,Bilaspur,Chhattisgarh
495442,Ratanpur,Chhattisgarh
495444,Korba,Chhattisgarh
495445,Korba,Chhattisgarh
495446,Korba,Chhattisgarh
495447,Korba,Chhattisgarh
495448,Korba,Chhattisgarh
495449,Ratanpur,Chhattisgarh
495450,Korba,Chhattisgarh
495452,Korba,Chhattisgarh
495454,Korba,Chhattisgarh
495455,Korba,Chhattisgarh
495550,Bilaspur,Chhattisgarh
495551,Bilaspur,Chhattisgarh
495552,Akaltara,Chhattisgarh
495553,Akaltara,Chhattisgarh
495554,Akaltara,Chhattisgarh
495555,Bilaspur,Chhattisgarh
495556,Jaijaipur,Chhattisgarh
495557,Jaijaipur,Chhattisgarh
495559,Champa,Chhattisgarh
495660,Jaijaipur,Chhattisgarh
495661,Jaijaipur,Chhattisgarh
495663,Akaltara,Chhattisgarh
495668,Champa,Chhattisgarh
495669,Champa,Chhattisgarh
495671,Champa,Chhattisgarh
495674,Korba,Chhattisgarh
495677,Korba,Chhattisgarh
495678,Korba,Chhattisgarh
495682,Korba,Chhattisgarh
495683,Korba,Chhattisgarh
495684,Korba,Chhattisgarh
495686,Champa,Chhattisgarh
495687,Champa,Chhattisgarh
495688,Dabhra,Chhattisgarh
495689,Sakti,Chhattisgarh
495690,Jaijaipur,Chhattisgarh
495691,Dabhra,Chhattisgarh
495692,Dabhra,Chhattisgarh
495695,Sakti,Chhattisgarh
496001,Raigarh,Chhattisgarh
496004,Raigarh,Chhattisgarh
496005,Raigarh,Chhattisgarh
496100,Raigarh,Chhattisgarh
496107,Raigarh,Chhattisgarh
496109,Raigarh,Chhattisgarh
496111,Raigarh,Chhattisgarh
496113,Lailunga,Chhattisgarh
496115,Lailunga,Chhattisgarh
496116,Dharamjaigarh,Chhattisgarh
496118,Pathalgaon,Chhattisgarh
496220,Pathalgaon,Chhattisgarh
496223,Kunkuri,Chhattisgarh
496224,Bagicha,Chhattisgarh
496225,Kunkuri,Chhattisgarh
496227,Kunkuri,Chhattisgarh
496242,Kunkuri,Chhattisgarh
496245,Kunkuri,Chhattisgarh
496330,Jashpur Nagar,Chhattisgarh
496331,Jashpur Nagar,Chhattisgarh
496334,Kunkuri,Chhattisgarh
496336,Kusmi,Chhattisgarh
496338,Jashpur Nagar,Chhattisgarh
496440,Raigarh,Chhattisgarh
496445,Saraipalli,Chhattisgarh
496450,Sarangarh,Chhattisgarh
496551,Baramkela,Chhattisgarh
496554,Baramkela,Chhattisgarh
496661,Sakti,Chhattisgarh
496665,Kharsia,Chhattisgarh
497001,Ambikapur,Chhattisgarh
497101,Ambikapur,Chhattisgarh
497111,Pathalgaon,Chhattisgarh
497114,Pathalgaon,Chhattisgarh
497116,Ambikapur,Chhattisgarh
497117,Premnagar,Chhattisgarh
497118,Rajpur-CH,Chhattisgarh
497119,Ramanujganj,Chhattisgarh
497220,Ramanujganj,Chhattisgarh
497224,Kusmi,Chhattisgarh
497225,Wadrafnagar,Chhattisgarh
497226,Ambikapur,Chhattisgarh
497229,Surajapur,Chhattisgarh
497231,Bhatgaon,Chhattisgarh
497235,Bhatgaon,Chhattisgarh
497331,Patna-CH,Chhattisgarh
497333,Premnagar,Chhattisgarh
497335,Baikunthpur,Chhattisgarh
497339,Baikunthpur,Chhattisgarh
497442,Manendragarh,Chhattisgarh
497446,Manendragarh,Chhattisgarh
497447,Manendragarh,Chhattisgarh
497448,Manendragarh,Chhattisgarh
497449,Chirimiri,Chhattisgarh
497451,Manendragarh,Chhattisgarh
497553,Manendragarh,Chhattisgarh
497555,Manendragarh,Chhattisgarh
497557,Chirimiri,Chhattisgarh
497559,Chirimiri,Chhattisgarh
497773,Chirimiri,Chhattisgarh
497778,Janakpur,Chhattisgarh
500001,Hyderabad,Telangana
500002,Hyderabad,Telangana
500003,Hyderabad,Telangana
500004,Hyderabad,Telangana
500005,Hyderabad,Telangana
500006,Hyderabad,Telangana
500007,Hyderabad,Telangana
500008,Hyderabad,Telangana
500009,Hyderabad,Telangana
500010,Hyderabad,Telangana
500011,Hyderabad,Telangana
500012,Hyderabad,Telangana
500013,Hyderabad,Telangana
500014,Hyderabad,Telangana
500015,Hyderabad,Telangana
500016,Hyderabad,Telangana
500017,Hyderabad,Telangana
500018,Hyderabad,Telangana
500019,Hyderabad,Telangana
500020,Hyderabad,Telangana
500021,Hyderabad,Telangana
500022,Hyderabad,Telangana
500023,Hyderabad,Telangana
500024,Hyderabad,Telangana
500025,Hyderabad,Telangana
500026,Hyderabad,Telangana
500027,Hyderabad,Telangana
500028,Hyderabad,Telangana
500029,Hyderabad,Telangana
500030,Hyderabad,Telangana
500031,Hyderabad,Telangana
500032,Hyderabad,Telangana
500033,Hyderabad,Telangana
500034,Hyderabad,Telangana
500035,Hyderabad,Telangana
500036,Hyderabad,Telangana
500037,Hyderabad,Telangana
500038,Hyderabad,Telangana
500039,Hyderabad,Telangana
500040,Hyderabad,Telangana
500041,Hyderabad,Telangana
500042,Hyderabad,Telangana
500043,Medchal,Telangana
500044,Hyderabad,Telangana
500045,Hyderabad,Telangana
500046,Hyderabad,Telangana
500047,Hyderabad,Telangana
500048,Hyderabad,Telangana
500049,Hyderabad,Telangana
500050,Hyderabad,Telangana
500051,Hyderabad,Telangana
500052,Hyderabad,Telangana
500053,Hyderabad,Telangana
500054,Hyderabad,Telangana
500055,Hyderabad,Telangana
500056,Hyderabad,Telangana
500057,Hyderabad,Telangana
500058,Hyderabad,Telangana
500059,Hyderabad,Telangana
500060,Hyderabad,Telangana
500061,Hyderabad,Telangana
500062,Hyderabad,Telangana
500063,Hyderabad,Telangana
500064,Hyderabad,Telangana
500065,Hyderabad,Telangana
500066,Hyderabad,Telangana
500067,Hyderabad,Telangana
500068,Hyderabad,Telangana
500069,Hyderabad,Telangana
500070,Hyderabad,Telangana
500071,Hyderabad,Telangana
500072,Hyderabad,Telangana
500073,Hyderabad,Telangana
500074,Hyderabad,Telangana
500075,Hyderabad,Telangana
500076,Hyderabad,Telangana
500077,Shamshabad,Telangana
500078,Medchal,Telangana
500079,Hyderabad,Telangana
500080,Hyderabad,Telangana
500081,Hyderabad,Telangana
500082,Hyderabad,Telangana
500083,Hyderabad,Telangana
500084,Hyderabad,Telangana
500085,Hyderabad,Telangana
500086,Hyderabad,Telangana
500087,Hyderabad,Telangana
500088,Ghatkesar,Telangana
500089,Hyderabad,Telangana
500090,Hyderabad,Telangana
500091,Hyderabad,Telangana
500092,Hyderabad,Telangana
500093,Hyderabad,Telangana
500094,Hyderabad,Telangana
500095,Hyderabad,Telangana
500096,Hyderabad,Telangana
500097,Hyderabad,Telangana
500098,Hyderabad,Telangana
500100,Hyderabad,Telangana
500101,Hyderabad,Telangana
500103,Hyderabad,Telangana
500104,Hyderabad,Telangana
500105,Hyderabad,Telangana
500107,Hyderabad,Telangana
500108,Shamshabad,Telangana
500110,Hyderabad,Telangana
500111,Hyderabad,Telangana
500112,Hyderabad,Telangana
500123,Hyderabad,Telangana
500178,Hyderabad,Telangana
500195,Hyderabad,Telangana
500252,Hyderabad,Telangana
500253,Hyderabad,Telangana
500264,Hyderabad,Telangana
500265,Hyderabad,Telangana
500267,Hyderabad,Telangana
500361,Hyderabad,Telangana
500380,Hyderabad,Telangana
500409,Shamshabad,Telangana
500457,Hyderabad,Telangana
500482,Hyderabad,Telangana
500594,Hyderabad,Telangana
500605,Hyderabad,Telangana
500659,Hyderabad,Telangana
500660,Hyderabad,Telangana
500762,Hyderabad,Telangana
500873,Hyderabad,Telangana
500890,Hyderabad,Telangana
501101,Vikarabad,Telangana
501102,Vikarabad,Telangana
501111,Vikarabad,Telangana
501121,Vikarabad,Telangana
501141,Tandur,Telangana
501142,Tandur,Telangana
501143,Tandur,Telangana
501144,Tandur,Telangana
501158,Tandur,Telangana
501203,Chevella,Telangana
501218,Shamshabad,Telangana
501301,Ghatkesar,Telangana
501323,Shamshabad,Telangana
501359,Kadthal,Telangana
501401,Medchal,Telangana
501501,Vikarabad,Telangana
501502,Vikarabad,Telangana
501503,Vikarabad,Telangana
501504,Chevella,Telangana
501505,Hayathnagar,Telangana
501506,Ibrahimpatnam,Telangana
501507,Hyderabad,Telangana
501508,Ibrahimpatnam,Telangana
501509,Yacharam,Telangana
501510,Manneguda,Telangana
501511,Hayathnagar,Telangana
501512,Hayathnagar,Telangana
502001,Sangareddy,Telangana
502032,Hyderabad,Telangana
502101,Medak,Telangana
502102,Siddipet,Telangana
502103,Siddipet,Telangana
502107,Siddipet,Telangana
502108,Siddipet,Telangana
502109,Medak,Telangana
502110,Medak,Telangana
502113,Medak,Telangana
502114,Siddipet,Telangana
502115,Medak,Telangana
502117,Medak,Telangana
502125,Medak,Telangana
502130,Medak,Telangana
502205,Sangareddy,Telangana
502220,Zahirabad,Telangana
502221,Zahirabad,Telangana
502228,Zahirabad,Telangana
502246,Zahirabad,Telangana
502247,Medak,Telangana
502248,Medak,Telangana
502249,Zahirabad,Telangana
502251,Zahirabad,Telangana
502255,Medak,Telangana
502256,Narayankhed,Telangana
502257,Zahirabad,Telangana
502267,Siddipet,Telangana
502269,Narayankhed,Telangana
502270,Jogipet,Telangana
502271,Narayankhed,Telangana
502273,Jogipet,Telangana
502276,Siddipet,Telangana
502277,Siddipet,Telangana
502278,Pregnapur,Telangana
502279,Pregnapur,Telangana
502280,Cherial,Telangana
502281,Pregnapur,Telangana
502284,Sangareddy,Telangana
502285,Sangareddy,Telangana
502286,Narayankhed,Telangana
502287,Narayankhed,Telangana
502290,Narayankhed,Telangana
502291,Sadashivpet,Telangana
502293,Jogipet,Telangana
502294,Sangareddy,Telangana
502295,Sangareddy,Telangana
502296,Sangareddy,Telangana
502301,Pregnapur,Telangana
502302,Medak,Telangana
502303,Medak,Telangana
502305,Patancheru,Telangana
502306,Sangareddy,Telangana
502307,Patancheru,Telangana
502310,Siddipet,Telangana
502311,Pregnapur,Telangana
502312,Pregnapur,Telangana
502313,Narsapur-TS,Telangana
502314,Jogipet,Telangana
502316,Narsapur-TS,Telangana
502318,Zahirabad,Telangana
502319,Patancheru,Telangana
502321,Zahirabad,Telangana
502324,Hyderabad,Telangana
502325,Bachupally,Telangana
502329,Sangareddy,Telangana
502331,Medak,Telangana
502335,Medak,Telangana
502336,Medchal,Telangana
502345,Zahirabad,Telangana
502371,Narayankhed,Telangana
502372,Siddipet,Telangana
502375,Siddipet,Telangana
502381,Jogipet,Telangana
503001,Nizamabad,Telangana
503002,Nizamabad,Telangana
503003,Nizamabad,Telangana
503101,Kamareddy,Telangana
503102,Kamareddy,Telangana
503108,Yellareddy,Telangana
503110,Kamareddy,Telangana
503111,Kamareddy,Telangana
503112,Kamareddy,Telangana
503120,Kamareddy,Telangana
503122,Yellareddy,Telangana
503123,Kamareddy,Telangana
503124,Yellareddy,Telangana
503125,Siddipet,Telangana
503144,Kamareddy,Telangana
503145,Kamareddy,Telangana
503164,Padmajiwadi,Telangana
503165,Sirikonda,Telangana
503174,Nizamabad,Telangana
503175,Nizamabad,Telangana
503180,Bodhan,Telangana
503185,Bodhan,Telangana
503186,Nizamabad,Telangana
503187,Banswada,Telangana
503188,Bodhan,Telangana
503201,Bodhan,Telangana
503202,Bodhan,Telangana
503206,Bodhan,Telangana
503207,Bodhan,Telangana
503212,Armoor,Telangana
503213,Nizamabad,Telangana
503217,Armoor,Telangana
503218,Armoor,Telangana
503219,Nirmal,Telangana
503223,Armoor,Telangana
503224,Armoor,Telangana
503225,Armoor,Telangana
503230,Nizamabad,Telangana
503235,Bodhan,Telangana
503245,Navipet,Telangana
503246,Navipet,Telangana
503301,Banswada,Telangana
503302,Yellareddy,Telangana
503306,Banswada,Telangana
503307,Armoor,Telangana
503308,Metpally,Telangana
503309,Degloor,Telangana
503310,Yellareddy,Telangana
503311,Armoor,Telangana
503321,Banswada,Telangana
503322,Nizamabad,Telangana
504001,Adilabad,Telangana
504002,Adilabad,Telangana
504101,Bhainsa,Telangana
504102,Bhainsa,Telangana
504103,Bhainsa,Telangana
504104,Bhainsa,Telangana
504105,Nirmal,Telangana
504106,Nirmal,Telangana
504107,Navipet,Telangana
504109,Bhainsa,Telangana
504110,Nirmal,Telangana
504201,Chinnur,Telangana
504202,Khanapur-TS,Telangana
504203,Khanapur-TS,Telangana
504204,Chinnur,Telangana
504205,Jannaram,Telangana
504206,Luxettipet,Telangana
504207,Luxettipet,Telangana
504208,Mancherial,Telangana
504209,Mancherial,Telangana
504214,Chinnur,Telangana
504215,Luxettipet,Telangana
504216,Chinnur,Telangana
504218,Bellampalli,Telangana
504219,Tandur,Telangana
504220,Tandur,Telangana
504231,Bellampalli,Telangana
504251,Bellampalli,Telangana
504272,Kaghaznagar,Telangana
504292,Kaghaznagar,Telangana
504293,Asifabad,Telangana
504295,Asifabad,Telangana
504296,Kaghaznagar,Telangana
504297,Tiryani,Telangana
504299,Babasagar,Telangana
504301,Mancherial,Telangana
504302,Mancherial,Telangana
504303,Mancherial,Telangana
504304,Boath Buzurg,Telangana
504306,Nirmal,Telangana
504307,Ichoda,Telangana
504308,Adilabad,Telangana
504309,Jainad,Telangana
504310,Nirmal,Telangana
504311,Utnoor,Telangana
504312,Adilabad,Telangana
504313,Jainoor,Telangana
504323,Boath Buzurg,Telangana
504346,Utnoor,Telangana
505001,Karim Nagar,Telangana
505002,Karim Nagar,Telangana
505101,Huzurabad,Telangana
505102,Warangal,Telangana
505122,Jammikunta,Telangana
505129,Jammikunta,Telangana
505152,Peddapalli,Telangana
505153,Peddapalli,Telangana
505162,Peddapalli,Telangana
505172,Peddapalli,Telangana
505174,Peddapalli,Telangana
505184,Manthani,Telangana
505185,Peddapalli,Telangana
505186,Karim Nagar,Telangana
505187,Peddapalli,Telangana
505188,Ramagundam,Telangana
505208,Ramagundam,Telangana
505209,Ramagundam,Telangana
505210,Ramagundam,Telangana
505211,Ramagundam,Telangana
505212,Manthani,Telangana
505214,Ramagundam,Telangana
505215,Ramagundam,Telangana
505301,Sircilla,Telangana
505302,Sircilla,Telangana
505303,Sircilla,Telangana
505304,Sircilla,Telangana
505305,Yellareddipet,Telangana
505306,Koratla,Telangana
505307,Rudrangi,Telangana
505325,Metpally,Telangana
505326,Koratla,Telangana
505327,Jagtial,Telangana
505330,Koratla,Telangana
505331,Metpally,Telangana
505401,Karim Nagar,Telangana
505402,Bejjanki,Telangana
505403,Rudrangi,Telangana
505404,Siddipet,Telangana
505405,Sircilla,Telangana
505415,Karim Nagar,Telangana
505416,Peddapalli,Telangana
505425,Dharmapuri-TS,Telangana
505445,Choppadandi,Telangana
505450,Metpally,Telangana
505451,Karim Nagar,Telangana
505452,Jagtial,Telangana
505453,Koratla,Telangana
505454,Jagtial,Telangana
505455,Jagtial,Telangana
505460,Koratla,Telangana
505462,Koratla,Telangana
505466,Husnabad,Telangana
505467,Husnabad,Telangana
505468,Jammikunta,Telangana
505469,Karim Nagar,Telangana
505470,Huzurabad,Telangana
505471,Husnabad,Telangana
505472,Husnabad,Telangana
505473,Husnabad,Telangana
505474,Huzurabad,Telangana
505475,Jammikunta,Telangana
505476,Huzurabad,Telangana
505480,Husnabad,Telangana
505481,Karim Nagar,Telangana
505490,Huzurabad,Telangana
505497,Husnabad,Telangana
505498,Jammikunta,Telangana
505501,Choppadandi,Telangana
505502,Jammikunta,Telangana
505503,Mahadevpur,Telangana
505504,Mahadevpur,Telangana
505505,Karim Nagar,Telangana
505514,Ramagundam,Telangana
505524,Choppadandi,Telangana
505525,Choppadandi,Telangana
505526,Dharmapuri-TS,Telangana
505527,Karim Nagar,Telangana
505528,Bejjanki,Telangana
505529,Jagtial,Telangana
505530,Bejjanki,Telangana
505531,Karim Nagar,Telangana
505532,Jagtial,Telangana
506001,Warangal,Telangana
506002,Warangal,Telangana
506003,Warangal,Telangana
506004,Warangal,Telangana
506005,Warangal,Telangana
506006,Warangal,Telangana
506007,Warangal,Telangana
506008,Warangal,Telangana
506009,Warangal,Telangana
506010,Warangal,Telangana
506011,Warangal,Telangana
506012,Warangal,Telangana
506013,Warangal,Telangana
506015,Warangal,Telangana
506101,Mahabubabad,Telangana
506102,Mahabubabad,Telangana
506103,Mahabubabad,Telangana
506104,Mahabubabad,Telangana
506105,Mahabubabad,Telangana
506112,Narsampet,Telangana
506122,Narsampet,Telangana
506132,Narsampet,Telangana
506142,Warangal,Telangana
506143,Ghanpur,Telangana
506144,Ghanpur,Telangana
506145,Ghanpur,Telangana
506146,Ghanpur,Telangana
506151,Ghanpur,Telangana
506163,Rayaparthi,Telangana
506164,Parkal,Telangana
506165,Tadvai,Telangana
506166,Warangal,Telangana
506167,Jangaon,Telangana
506168,Bhupalpally,Telangana
506169,Bhupalpally,Telangana
506170,Bhupalpally,Telangana
506172,Tadvai,Telangana
506175,Parkal,Telangana
506201,Jangaon,Telangana
506221,Jangaon,Telangana
506222,Thirumalagiri,Telangana
506223,Cherial,Telangana
506244,Ghanpur,Telangana
506252,Ghanpur,Telangana
506301,Ghanpur,Telangana
506302,Thirumalagiri,Telangana
506303,Jangaon,Telangana
506310,Warangal,Telangana
506313,Rayaparthi,Telangana
506314,Rayaparthi,Telangana
506316,Ghanpur,Telangana
506317,Ghanpur,Telangana
506318,Thirumalagiri,Telangana
506319,Warangal,Telangana
506329,Warangal,Telangana
506330,Warangal,Telangana
506331,Narsampet,Telangana
506333,Narsampet,Telangana
506342,Warangal,Telangana
506343,Mulugu,Telangana
506344,Tadvai,Telangana
506345,Mulugu,Telangana
506347,Mulugu,Telangana
506348,Bhupalpally,Telangana
506349,Narsampet,Telangana
506350,Narsampet,Telangana
506352,Mulugu,Telangana
506355,Cherial,Telangana
506365,Rayaparthi,Telangana
506367,Cherial,Telangana
506370,Warangal,Telangana
506371,Warangal,Telangana
506381,Khammam,Telangana
506391,Warangal,Telangana
507001,Khammam,Telangana
507002,Khammam,Telangana
507003,Khammam,Telangana
507004,Khammam,Telangana
507101,Kothagudem,Telangana
507103,Kothagudem,Telangana
507111,Bhadrachalam,Telangana
507114,Kukanoor,Telangana
507115,Kothagudem,Telangana
507116,Manuguru,Telangana
507117,Manuguru,Telangana
507118,Kothagudem,Telangana
507119,Kothagudem,Telangana
507122,Yellandu,Telangana
507123,Yellandu,Telangana
507124,Yellandu,Telangana
507125,Manuguru,Telangana
507128,Bhadrachalam,Telangana
507134,Khammam,Telangana
507136,Tadvai,Telangana
507138,Bhadrachalam,Telangana
507154,Kothagudem,Telangana
507157,Kusumanchi,Telangana
507158,Mudigonda,Telangana
507159,Kusumanchi,Telangana
507160,Kusumanchi,Telangana
507161,Khammam,Telangana
507163,Khammam,Telangana
507164,Sathupally,Telangana
507165,Tallada,Telangana
507166,Tallada,Telangana
507167,Tallada,Telangana
507168,Tallada,Telangana
507169,Kodad,Telangana
507170,Kusumanchi,Telangana
507182,Khammam,Telangana
507183,Khammam,Telangana
507201,Madhira,Telangana
507202,Madhira,Telangana
507203,Madhira,Telangana
507204,Khammam,Telangana
507208,Khammam,Telangana
507209,Tallada,Telangana
507210,Khammam,Telangana
507211,Yellandu,Telangana
507301,Aswaraopeta,Telangana
507303,Sathupally,Telangana
507304,Khammam,Telangana
507305,Khammam,Telangana
507306,Sathupally,Telangana
507318,Khammam,Telangana
508001,Nalgonda,Telangana
508002,Nalgonda,Telangana
508004,Nalgonda,Telangana
508101,Jangaon,Telangana
508105,Alair,Telangana
508111,Mothkur,Telangana
508112,Ramannapeta,Telangana
508113,Ramannapeta,Telangana
508114,Choutuppal,Telangana
508115,Bhuvanagiri,Telangana
508116,Bhuvanagiri,Telangana
508117,Bhuvanagiri,Telangana
508126,Bhuvanagiri,Telangana
508201,Nereducharla,Telangana
508202,Haliya,Telangana
508204,Kodad,Telangana
508205,Nalgonda,Telangana
508206,Kodad,Telangana
508207,Miryalaguda,Telangana
508208,Nereducharla,Telangana
508210,Nalgonda,Telangana
508211,Nalgonda,Telangana
508212,Suryapet,Telangana
508213,Suryapet,Telangana
508214,Suryapet,Telangana
508217,Miryalaguda,Telangana
508218,Nereducharla,Telangana
508221,Tungaturthi,Telangana
508222,Thirumalagiri,Telangana
508223,Thirumalagiri,Telangana
508224,Thirumalagiri,Telangana
508233,Kodad,Telangana
508234,Kusumanchi,Telangana
508238,Kodad,Telangana
508243,Devarakonda,Telangana
508244,Chandur,Telangana
508245,Yacharam,Telangana
508247,Nalgonda,Telangana
508248,Devarakonda,Telangana
508250,Yacharam,Telangana
508252,Choutuppal,Telangana
508253,Choutuppal,Telangana
508254,Nalgonda,Telangana
508255,Chandur,Telangana
508256,Chandur,Telangana
508257,Devarakonda,Telangana
508258,Achampet,Telangana
508266,Haliya,Telangana
508277,Mothkur,Telangana
508278,Haliya,Telangana
508279,Thirumalagiri,Telangana
508280,Thirumalagiri,Telangana
508284,Choutuppal,Telangana
508285,Bhuvanagiri,Telangana
508286,Alair,Telangana
508355,Miryalaguda,Telangana
508373,Chandur,Telangana
508374,Madgulapally,Telangana
508376,Suryapet,Telangana
508377,Haliya,Telangana
509001,Mahabubnagar,Telangana
509002,Mahabubnagar,Telangana
509102,Kollapur,Telangana
509103,Wanaparthy,Telangana
509104,Kothakota,Telangana
509105,Kollapur,Telangana
509110,Kothakota,Telangana
509125,Jogulamba Gadwal,Telangana
509126,Gadwal,Telangana
509127,Jogulamba Gadwal,Telangana
509128,Manopad,Telangana
509129,Gadwal,Telangana
509131,Atmakur-TS,Telangana
509132,Jogulamba Gadwal,Telangana
509133,Jogulamba Gadwal,Telangana
509135,Gadwal,Telangana
509152,Manopad,Telangana
509153,Manopad,Telangana
509201,Achampet,Telangana
509202,Shadnagar,Telangana
509203,Bijnapally,Telangana
509204,Mahabubnagar,Telangana
509205,Narayanpet,Telangana
509206,Wanaparthy,Telangana
509207,Shadnagar,Telangana
509208,Makthal,Telangana
509209,Bijnapally,Telangana
509210,Narayanpet,Telangana
509215,Bijnapally,Telangana
509216,Shadnagar,Telangana
509217,Shadnagar,Telangana
509218,Hyderabad,Telangana
509219,Kothakota,Telangana
509228,Shadnagar,Telangana
509235,Tadoor,Telangana
509301,Jadcherla,Telangana
509302,Jadcherla,Telangana
509311,Narayanpet,Telangana
509320,Kalwakurthy,Telangana
509321,Kadthal,Telangana
509324,Kalwakurthy,Telangana
509325,Shadnagar,Telangana
509327,Amangal,Telangana
509334,Kosgi,Telangana
509335,Kosgi,Telangana
509336,Kosgi,Telangana
509337,Kosgi,Telangana
509338,Kosgi,Telangana
509339,Kosgi,Telangana
509340,Kosgi,Telangana
509349,Kalwakurthy,Telangana
509350,Kosgi,Telangana
509351,Mahabubnagar,Telangana
509353,Makthal,Telangana
509357,Kalwakurthy,Telangana
509358,Kadthal,Telangana
509360,Kalwakurthy,Telangana
509371,Kosgi,Telangana
509375,Achampet,Telangana
509376,Achampet,Telangana
509380,Bijnapally,Telangana
509381,Wanaparthy,Telangana
509382,Mahabubnagar,Telangana
509385,Tadoor,Telangana
509401,Tadoor,Telangana
509406,Bijnapally,Telangana
509407,Narayanpet,Telangana
509409,Mahabubnagar,Telangana
509410,Shadnagar,Telangana
509411,Kosgi,Telangana
509412,Tadoor,Telangana
515001,Anantapur,Andhra Pradesh
515002,Anantapur,Andhra Pradesh
515003,Anantapur,Andhra Pradesh
515004,Anantapur,Andhra Pradesh
515005,Anantapur,Andhra Pradesh
515101,Dharmavaram,Andhra Pradesh
515110,Puttaparthi,Andhra Pradesh
515122,Hindupur,Andhra Pradesh
515123,Puttaparthi,Andhra Pradesh
515124,Puttaparthi,Andhra Pradesh
515133,Puttaparthi,Andhra Pradesh
515134,Puttaparthi,Andhra Pradesh
515144,Puttaparthi,Andhra Pradesh
515154,Mudigubba,Andhra Pradesh
515159,Dharmavaram,Andhra Pradesh
515164,Puttaparthi,Andhra Pradesh
515201,Hindupur,Andhra Pradesh
515202,Hindupur,Andhra Pradesh
515213,Hindupur,Andhra Pradesh
515231,Gorantla,Andhra Pradesh
515241,Gorantla,Andhra Pradesh
515261,Hindupur,Andhra Pradesh
515271,Madakasira,Andhra Pradesh
515281,Amarapuram,Andhra Pradesh
515286,Amarapuram,Andhra Pradesh
515291,Madakasira,Andhra Pradesh
515301,Madakasira,Andhra Pradesh
515303,Madakasira,Andhra Pradesh
515305,Madakasira,Andhra Pradesh
515306,Madakasira,Andhra Pradesh
515311,Madakasira,Andhra Pradesh
515321,Madakasira,Andhra Pradesh
515331,Hindupur,Andhra Pradesh
515341,Gorantla,Andhra Pradesh
515401,Gooty,Andhra Pradesh
515402,Gooty,Andhra Pradesh
515404,Dharmavaram,Andhra Pradesh
515405,Gooty,Andhra Pradesh
515408,Gooty,Andhra Pradesh
515411,Tadipatri,Andhra Pradesh
515413,Tadipatri,Andhra Pradesh
515414,Tadipatri,Andhra Pradesh
515415,Tadipatri,Andhra Pradesh
515445,Tadipatri,Andhra Pradesh
515455,Gooty,Andhra Pradesh
515456,Guntakal,Andhra Pradesh
515465,Tadipatri,Andhra Pradesh
515501,Mudigubba,Andhra Pradesh
515511,Mudigubba,Andhra Pradesh
515521,Galiveedu,Andhra Pradesh
515531,Kadiri,Andhra Pradesh
515541,Kadiri,Andhra Pradesh
515551,Kadiri,Andhra Pradesh
515556,Kadiri,Andhra Pradesh
515561,Kadiri,Andhra Pradesh
515571,B Kothakota,Andhra Pradesh
515591,Kadiri,Andhra Pradesh
515601,Gorantla,Andhra Pradesh
515611,Gooty,Andhra Pradesh
515621,Kambadur,Andhra Pradesh
515641,Anantapur,Andhra Pradesh
515651,Dharmavaram,Andhra Pradesh
515661,Anantapur,Andhra Pradesh
515662,Dharmavaram,Andhra Pradesh
515671,Dharmavaram,Andhra Pradesh
515672,Dharmavaram,Andhra Pradesh
515701,Anantapur,Andhra Pradesh
515721,Anantapur,Andhra Pradesh
515722,Anantapur,Andhra Pradesh
515731,Anantapur,Andhra Pradesh
515741,Kalyandurg,Andhra Pradesh
515761,Kalyandurg,Andhra Pradesh
515762,Kalyandurg,Andhra Pradesh
515763,Kalyandurg,Andhra Pradesh
515765,Kalyandurg,Andhra Pradesh
515766,Kambadur,Andhra Pradesh
515767,Kalyandurg,Andhra Pradesh
515774,Gooty,Andhra Pradesh
515775,Gooty,Andhra Pradesh
515787,Kalyandurg,Andhra Pradesh
515801,Guntakal,Andhra Pradesh
515803,Guntakal,Andhra Pradesh
515812,Uravakonda,Andhra Pradesh
515814,Gooty,Andhra Pradesh
515822,Uravakonda,Andhra Pradesh
515832,Uravakonda,Andhra Pradesh
515835,Guntakal,Andhra Pradesh
515842,Guntakal,Andhra Pradesh
515843,Guntakal,Andhra Pradesh
515863,Rayadurgam,Andhra Pradesh
515865,Rayadurgam,Andhra Pradesh
515867,Rayadurgam,Andhra Pradesh
515870,Uravakonda,Andhra Pradesh
515872,Molakalmuru,Andhra Pradesh
516001,Cuddapah,Andhra Pradesh
516002,Cuddapah,Andhra Pradesh
516003,Cuddapah,Andhra Pradesh
516004,Cuddapah,Andhra Pradesh
516005,Cuddapah,Andhra Pradesh
516006,Cuddapah,Andhra Pradesh
516101,Koduru,Andhra Pradesh
516104,Koduru,Andhra Pradesh
516105,Koduru,Andhra Pradesh
516106,Rajampet,Andhra Pradesh
516107,Rajampet,Andhra Pradesh
516108,Koduru,Andhra Pradesh
516110,Koduru,Andhra Pradesh
516114,Proddatur,Andhra Pradesh
516115,Rajampet,Andhra Pradesh
516116,Rajampet,Andhra Pradesh
516126,Rajampet,Andhra Pradesh
516127,Rajampet,Andhra Pradesh
516128,Rajampet,Andhra Pradesh
516129,Rayachoti,Andhra Pradesh
516130,Rayachoti,Andhra Pradesh
516131,Rajampet,Andhra Pradesh
516150,Rajampet,Andhra Pradesh
516151,Rajampet,Andhra Pradesh
516152,Cuddapah,Andhra Pradesh
516155,Badvel,Andhra Pradesh
516162,Cuddapah,Andhra Pradesh
516163,Cuddapah,Andhra Pradesh
516172,Proddatur,Andhra Pradesh
516173,Proddatur,Andhra Pradesh
516175,Proddatur,Andhra Pradesh
516193,Badvel,Andhra Pradesh
516203,Cuddapah,Andhra Pradesh
516213,Cuddapah,Andhra Pradesh
516214,Rayachoti,Andhra Pradesh
516215,Rayachoti,Andhra Pradesh
516216,Cuddapah,Andhra Pradesh
516217,Badvel,Andhra Pradesh
516218,Vempalli,Andhra Pradesh
516223,Proddatur,Andhra Pradesh
516227,Badvel,Andhra Pradesh
516228,Badvel,Andhra Pradesh
516233,Badvel,Andhra Pradesh
516237,Cuddapah,Andhra Pradesh
516247,Cuddapah,Andhra Pradesh
516257,Rayachoti,Andhra Pradesh
516259,Vempalli,Andhra Pradesh
516267,Galiveedu,Andhra Pradesh
516268,Rayachoti,Andhra Pradesh
516269,Rayachoti,Andhra Pradesh
516270,Rayachoti,Andhra Pradesh
516289,Proddatur,Andhra Pradesh
516293,Cuddapah,Andhra Pradesh
516309,Proddatur,Andhra Pradesh
516310,Proddatur,Andhra Pradesh
516311,Proddatur,Andhra Pradesh
516312,Proddatur,Andhra Pradesh
516319,Badvel,Andhra Pradesh
516321,Proddatur,Andhra Pradesh
516329,Vempalli,Andhra Pradesh
516330,Pulivendula,Andhra Pradesh
516339,Proddatur,Andhra Pradesh
516349,Pulivendula,Andhra Pradesh
516350,Pulivendula,Andhra Pradesh
516355,Proddatur,Andhra Pradesh
516356,Proddatur,Andhra Pradesh
516359,Proddatur,Andhra Pradesh
516360,Proddatur,Andhra Pradesh
516361,Proddatur,Andhra Pradesh
516362,Proddatur,Andhra Pradesh
516380,Tadipatri,Andhra Pradesh
516390,Pulivendula,Andhra Pradesh
516391,Pulivendula,Andhra Pradesh
516396,Pulivendula,Andhra Pradesh
516401,Pulivendula,Andhra Pradesh
516421,Pulivendula,Andhra Pradesh
516437,Badvel,Andhra Pradesh
516444,Tadipatri,Andhra Pradesh
516454,Tadipatri,Andhra Pradesh
516464,Tadipatri,Andhra Pradesh
516474,Tadipatri,Andhra Pradesh
516484,Pulivendula,Andhra Pradesh
516501,Badvel,Andhra Pradesh
516502,Badvel,Andhra Pradesh
516503,Badvel,Andhra Pradesh
516504,Rayachoti,Andhra Pradesh
516505,Badvel,Andhra Pradesh
517001,Chittoor,Andhra Pradesh
517002,Chittoor,Andhra Pradesh
517003,Chittoor,Andhra Pradesh
517004,Chittoor,Andhra Pradesh
517101,Tirupati,Andhra Pradesh
517102,Tirupati,Andhra Pradesh
517112,Pakala,Andhra Pradesh
517113,Pileru,Andhra Pradesh
517123,Pakala,Andhra Pradesh
517124,Pakala,Andhra Pradesh
517125,Chittoor,Andhra Pradesh
517126,Pakala,Andhra Pradesh
517127,Chittoor,Andhra Pradesh
517128,Chittoor,Andhra Pradesh
517129,Chittoor,Andhra Pradesh
517130,Pakala,Andhra Pradesh
517131,Chittoor,Andhra Pradesh
517132,Chittoor,Andhra Pradesh
517152,Pakala,Andhra Pradesh
517172,Pileru,Andhra Pradesh
517192,Pileru,Andhra Pradesh
517193,Pileru,Andhra Pradesh
517194,Tirupati,Andhra Pradesh
517213,Pileru,Andhra Pradesh
517214,Pileru,Andhra Pradesh
517234,Pileru,Andhra Pradesh
517235,Madanapalle,Andhra Pradesh
517236,Pileru,Andhra Pradesh
517237,Madanapalle,Andhra Pradesh
517247,Punganur,Andhra Pradesh
517257,Punganur,Andhra Pradesh
517277,Madanapalle,Andhra Pradesh
517280,Madanapalle,Andhra Pradesh
517291,Madanapalle,Andhra Pradesh
517297,B Kothakota,Andhra Pradesh
517299,Madanapalle,Andhra Pradesh
517305,Madanapalle,Andhra Pradesh
517319,Madanapalle,Andhra Pradesh
517325,Madanapalle,Andhra Pradesh
517326,Madanapalle,Andhra Pradesh
517350,Madanapalle,Andhra Pradesh
517351,B Kothakota,Andhra Pradesh
517352,Madanapalle,Andhra Pradesh
517370,B Kothakota,Andhra Pradesh
517390,B Kothakota,Andhra Pradesh
517391,B Kothakota,Andhra Pradesh
517401,Venkatagirikota,Andhra Pradesh
517403,Chittoor,Andhra Pradesh
517408,Palamaner,Andhra Pradesh
517414,Punganur,Andhra Pradesh
517415,Venkatagirikota,Andhra Pradesh
517416,Palamaner,Andhra Pradesh
517417,Madanapalle,Andhra Pradesh
517418,Madanapalle,Andhra Pradesh
517419,Chittoor,Andhra Pradesh
517422,Chittoor,Andhra Pradesh
517423,Kuppam,Andhra Pradesh
517424,Venkatagirikota,Andhra Pradesh
517425,Kuppam,Andhra Pradesh
517426,Kuppam,Andhra Pradesh
517429,Palamaner,Andhra Pradesh
517432,Palamaner,Andhra Pradesh
517501,Tirupati,Andhra Pradesh
517502,Tirupati,Andhra Pradesh
517503,Tirupati,Andhra Pradesh
517504,Tirupati,Andhra Pradesh
517505,Tirupati,Andhra Pradesh
517506,Tirupati,Andhra Pradesh
517507,Tirupati,Andhra Pradesh
517520,Tirupati,Andhra Pradesh
517526,Tirupati,Andhra Pradesh
517536,Srikalahasti,Andhra Pradesh
517541,Tada,Andhra Pradesh
517551,Puttur-AP,Andhra Pradesh
517561,Tirupati,Andhra Pradesh
517571,Puttur-AP,Andhra Pradesh
517581,Puttur-AP,Andhra Pradesh
517582,Puttur-AP,Andhra Pradesh
517583,Puttur-AP,Andhra Pradesh
517584,Puttur-AP,Andhra Pradesh
517586,Puttur-AP,Andhra Pradesh
517587,Puttur-AP,Andhra Pradesh
517588,Tada,Andhra Pradesh
517589,Puttur-AP,Andhra Pradesh
517590,Puttur-AP,Andhra Pradesh
517591,Puttur-AP,Andhra Pradesh
517592,Puttur-AP,Andhra Pradesh
517619,Srikalahasti,Andhra Pradesh
517620,Srikalahasti,Andhra Pradesh
517621,Srikalahasti,Andhra Pradesh
517640,Srikalahasti,Andhra Pradesh
517641,Srikalahasti,Andhra Pradesh
517642,Srikalahasti,Andhra Pradesh
517643,Puttur-AP,Andhra Pradesh
517644,Srikalahasti,Andhra Pradesh
517645,Srikalahasti,Andhra Pradesh
517646,Tada,Andhra Pradesh
518001,Kurnool,Andhra Pradesh
518002,Kurnool,Andhra Pradesh
518003,Kurnool,Andhra Pradesh
518004,Kurnool,Andhra Pradesh
518005,Kurnool,Andhra Pradesh
518006,Kurnool,Andhra Pradesh
518007,Kurnool,Andhra Pradesh
518018,Kurnool,Andhra Pradesh
518101,Srisailam,Andhra Pradesh
518102,Srisailam,Andhra Pradesh
518112,Nandyal,Andhra Pradesh
518122,Banaganapalli,Andhra Pradesh
518123,Banaganapalli,Andhra Pradesh
518124,Banaganapalli,Andhra Pradesh
518134,Banaganapalli,Andhra Pradesh
518135,Banaganapalli,Andhra Pradesh
518145,Banaganapalli,Andhra Pradesh
518155,Allagadda,Andhra Pradesh
518176,Betamcherla,Andhra Pradesh
518186,Banaganapalli,Andhra Pradesh
518196,Banaganapalli,Andhra Pradesh
518206,Betamcherla,Andhra Pradesh
518216,Kurnool,Andhra Pradesh
518217,Betamcherla,Andhra Pradesh
518218,Kurnool,Andhra Pradesh
518220,Dhone,Andhra Pradesh
518221,Dhone,Andhra Pradesh
518222,Dhone,Andhra Pradesh
518225,Dhone,Andhra Pradesh
518301,Adoni,Andhra Pradesh
518302,Adoni,Andhra Pradesh
518308,Adoni,Andhra Pradesh
518313,Yemmiganur,Andhra Pradesh
518323,Adoni,Andhra Pradesh
518343,Yemmiganur,Andhra Pradesh
518345,Yemmiganur,Andhra Pradesh
518346,Alur,Andhra Pradesh
518347,Adoni,Andhra Pradesh
518348,Alur,Andhra Pradesh
518349,Yemmiganur,Andhra Pradesh
518350,Yemmiganur,Andhra Pradesh
518360,Yemmiganur,Andhra Pradesh
518380,Gooty,Andhra Pradesh
518385,Guntakal,Andhra Pradesh
518390,Gooty,Andhra Pradesh
518395,Alur,Andhra Pradesh
518396,Guntakal,Andhra Pradesh
518401,Nandikotkur,Andhra Pradesh
518405,Nandikotkur,Andhra Pradesh
518411,Atmakur,Andhra Pradesh
518412,Nandikotkur,Andhra Pradesh
518422,Atmakur,Andhra Pradesh
518432,Nandikotkur,Andhra Pradesh
518442,Atmakur,Andhra Pradesh
518452,Kurnool,Andhra Pradesh
518462,Yemmiganur,Andhra Pradesh
518463,Yemmiganur,Andhra Pradesh
518464,Yemmiganur,Andhra Pradesh
518465,Alur,Andhra Pradesh
518466,Kurnool,Andhra Pradesh
518467,Kurnool,Andhra Pradesh
518468,Dhone,Andhra Pradesh
518501,Nandyal,Andhra Pradesh
518502,Nandyal,Andhra Pradesh
518503,Nandyal,Andhra Pradesh
518508,Velgodu,Andhra Pradesh
518510,Sirvella,Andhra Pradesh
518511,Nandyal,Andhra Pradesh
518512,Nandyal,Andhra Pradesh
518513,Nandyal,Andhra Pradesh
518523,Nandyal,Andhra Pradesh
518533,Velgodu,Andhra Pradesh
518543,Allagadda,Andhra Pradesh
518553,Chagalamarri,Andhra Pradesh
518563,Allagadda,Andhra Pradesh
518573,Allagadda,Andhra Pradesh
518583,Sirvella,Andhra Pradesh
518593,Nandyal,Andhra Pradesh
518594,Allagadda,Andhra Pradesh
518598,Betamcherla,Andhra Pradesh
518599,Betamcherla,Andhra Pradesh
518674,Nandyal,Andhra Pradesh
520001,Vijayawada,Andhra Pradesh
520002,Vijayawada,Andhra Pradesh
520003,Vijayawada,Andhra Pradesh
520004,Vijayawada,Andhra Pradesh
520005,Vijayawada,Andhra Pradesh
520006,Vijayawada,Andhra Pradesh
520007,Vijayawada,Andhra Pradesh
520008,Vijayawada,Andhra Pradesh
520010,Vijayawada,Andhra Pradesh
520012,Vijayawada,Andhra Pradesh
520013,Vijayawada,Andhra Pradesh
520014,Vijayawada,Andhra Pradesh
520015,Vijayawada,Andhra Pradesh
520040,Vijayawada,Andhra Pradesh
521001,Machilipatnam,Andhra Pradesh
521002,Machilipatnam,Andhra Pradesh
521003,Machilipatnam,Andhra Pradesh
521101,Hanuman Junction,Andhra Pradesh
521102,Vijayawada,Andhra Pradesh
521104,Vijayawada,Andhra Pradesh
521106,Hanuman Junction,Andhra Pradesh
521107,Vijayawada,Andhra Pradesh
521108,Vijayawada,Andhra Pradesh
521109,Hanuman Junction,Andhra Pradesh
521117,Kaikaluru,Andhra Pradesh
521120,Avanigadda,Andhra Pradesh
521121,Repalle,Andhra Pradesh
521122,Repalle,Andhra Pradesh
521123,Nuzvid,Andhra Pradesh
521124,Gudivada,Andhra Pradesh
521125,Repalle,Andhra Pradesh
521126,Machilipatnam,Andhra Pradesh
521129,Repalle,Andhra Pradesh
521130,Machilipatnam,Andhra Pradesh
521131,Machilipatnam,Andhra Pradesh
521132,Pamarru,Andhra Pradesh
521133,Machilipatnam,Andhra Pradesh
521134,Vijayawada,Andhra Pradesh
521135,Pamarru,Andhra Pradesh
521136,Machilipatnam,Andhra Pradesh
521137,Vijayawada,Andhra Pradesh
521138,Pamarru,Andhra Pradesh
521139,Vijayawada,Andhra Pradesh
521144,Nuzvid,Andhra Pradesh
521148,Gudivada,Andhra Pradesh
521149,Machilipatnam,Andhra Pradesh
521150,Machilipatnam,Andhra Pradesh
521156,Machilipatnam,Andhra Pradesh
521157,Pamarru,Andhra Pradesh
521158,Machilipatnam,Andhra Pradesh
521162,Machilipatnam,Andhra Pradesh
521163,Vuyyuru,Andhra Pradesh
521164,Vuyyuru,Andhra Pradesh
521165,Vuyyuru,Andhra Pradesh
521170,Madhira,Andhra Pradesh
521213,Nuzvid,Andhra Pradesh
521215,Nuzvid,Andhra Pradesh
521228,Vijayawada,Andhra Pradesh
521246,Vuyyuru,Andhra Pradesh
521247,Pamarru,Andhra Pradesh
521250,Vuyyuru,Andhra Pradesh
521255,Machilipatnam,Andhra Pradesh
521256,Vuyyuru,Andhra Pradesh
521261,Vuyyuru,Andhra Pradesh
521263,Gudivada,Andhra Pradesh
521301,Gudivada,Andhra Pradesh
521311,Hanuman Junction,Andhra Pradesh
521312,Hanuman Junction,Andhra Pradesh
521321,Pedapadu,Andhra Pradesh
521322,Gudivada,Andhra Pradesh
521323,Gudivada,Andhra Pradesh
521324,Kaikaluru,Andhra Pradesh
521325,Gudivada,Andhra Pradesh
521326,Kaikaluru,Andhra Pradesh
521327,Gudivada,Andhra Pradesh
521328,Avanigadda,Andhra Pradesh
521329,Kaikaluru,Andhra Pradesh
521330,Gudivada,Andhra Pradesh
521331,Machilipatnam,Andhra Pradesh
521332,Machilipatnam,Andhra Pradesh
521343,Kaikaluru,Andhra Pradesh
521344,Kaikaluru,Andhra Pradesh
521356,Pamarru,Andhra Pradesh
521366,Machilipatnam,Andhra Pradesh
521369,Machilipatnam,Andhra Pradesh
521390,Gudivada,Andhra Pradesh
521456,Vijayawada,Andhra Pradesh
522001,Guntur,Andhra Pradesh
522002,Guntur,Andhra Pradesh
522003,Guntur,Andhra Pradesh
522004,Guntur,Andhra Pradesh
522005,Guntur,Andhra Pradesh
522006,Guntur,Andhra Pradesh
522007,Guntur,Andhra Pradesh
522008,Guntur,Andhra Pradesh
522009,Guntur,Andhra Pradesh
522017,Guntur,Andhra Pradesh
522018,Tadikonda,Andhra Pradesh
522019,Guntur,Andhra Pradesh
522022,Guntur,Andhra Pradesh
522024,Guntur,Andhra Pradesh
522034,Guntur,Andhra Pradesh
522035,Guntur,Andhra Pradesh
522036,Guntur,Andhra Pradesh
522050,Guntur,Andhra Pradesh
522101,Bapatla,Andhra Pradesh
522102,Bapatla,Andhra Pradesh
522111,Bapatla,Andhra Pradesh
522112,Bapatla,Andhra Pradesh
522113,Bapatla,Andhra Pradesh
522124,Ponnur,Andhra Pradesh
522201,Tenali,Andhra Pradesh
522202,Tenali,Andhra Pradesh
522203,Tenali,Andhra Pradesh
522211,Tenali,Andhra Pradesh
522212,Ponnur,Andhra Pradesh
522213,Tenali,Andhra Pradesh
522233,Chilakaluripet,Andhra Pradesh
522234,Chilakaluripet,Andhra Pradesh
522237,Tadikonda,Andhra Pradesh
522240,Guntur,Andhra Pradesh
522258,Repalle,Andhra Pradesh
522259,Repalle,Andhra Pradesh
522261,Bhattiprolu,Andhra Pradesh
522262,Repalle,Andhra Pradesh
522263,Repalle,Andhra Pradesh
522268,Repalle,Andhra Pradesh
522301,Tenali,Andhra Pradesh
522302,Guntur,Andhra Pradesh
522304,Tenali,Andhra Pradesh
522309,Ponnur,Andhra Pradesh
522310,Bapatla,Andhra Pradesh
522311,Bapatla,Andhra Pradesh
522312,Ponnur,Andhra Pradesh
522313,Tenali,Andhra Pradesh
522314,Gullapalli,Andhra Pradesh
522315,Ponnur,Andhra Pradesh
522316,Ponnur,Andhra Pradesh
522317,Bapatla,Andhra Pradesh
522318,Ponnur,Andhra Pradesh
522324,Repalle,Andhra Pradesh
522325,Tenali,Andhra Pradesh
522329,Bapatla,Andhra Pradesh
522341,Ponnur,Andhra Pradesh
522354,Ponnur,Andhra Pradesh
522401,Guntur,Andhra Pradesh
522402,Sattenapalle,Andhra Pradesh
522403,Sattenapalle,Andhra Pradesh
522408,Sattenapalle,Andhra Pradesh
522411,Piduguralla,Andhra Pradesh
522412,Sattenapalle,Andhra Pradesh
522414,Dachepalle,Andhra Pradesh
522415,Dachepalle,Andhra Pradesh
522421,Macherla,Andhra Pradesh
522426,Macherla,Andhra Pradesh
522438,Sattenapalle,Andhra Pradesh
522439,Macherla,Andhra Pradesh
522501,Guntur,Andhra Pradesh
522502,Guntur,Andhra Pradesh
522503,Guntur,Andhra Pradesh
522508,Tadikonda,Andhra Pradesh
522509,Guntur,Andhra Pradesh
522510,Tadikonda,Andhra Pradesh
522515,Guntur,Andhra Pradesh
522529,Guntur,Andhra Pradesh
522549,Narasaraopet,Andhra Pradesh
522601,Narasaraopet,Andhra Pradesh
522608,Ongole,Andhra Pradesh
522611,Chilakaluripet,Andhra Pradesh
522612,Macherla,Andhra Pradesh
522613,Macherla,Andhra Pradesh
522614,Piduguralla,Andhra Pradesh
522615,Piduguralla,Andhra Pradesh
522616,Chilakaluripet,Andhra Pradesh
522619,Chilakaluripet,Andhra Pradesh
522626,Chilakaluripet,Andhra Pradesh
522646,Vinukonda,Andhra Pradesh
522647,Vinukonda,Andhra Pradesh
522649,Vinukonda,Andhra Pradesh
522657,Vinukonda,Andhra Pradesh
522658,Vinukonda,Andhra Pradesh
522659,Vinukonda,Andhra Pradesh
522660,Vinukonda,Andhra Pradesh
522663,Piduguralla,Andhra Pradesh
523001,Ongole,Andhra Pradesh
523002,Ongole,Andhra Pradesh
523003,Kakinada,Andhra Pradesh
523101,Kandukur,Andhra Pradesh
523104,Kandukur,Andhra Pradesh
523105,Kandukur,Andhra Pradesh
523108,Kanigiri,Andhra Pradesh
523109,Kandukur,Andhra Pradesh
523110,Pamuru,Andhra Pradesh
523112,Pamuru,Andhra Pradesh
523113,Kandukur,Andhra Pradesh
523115,Kandukur,Andhra Pradesh
523116,Kandukur,Andhra Pradesh
523117,Kanigiri,Andhra Pradesh
523121,Kanigiri,Andhra Pradesh
523135,Chirala,Andhra Pradesh
523155,Chirala,Andhra Pradesh
523156,Chirala,Andhra Pradesh
523157,Chirala,Andhra Pradesh
523165,Chirala,Andhra Pradesh
523166,Chirala,Andhra Pradesh
523167,Addanki,Andhra Pradesh
523168,Chirala,Andhra Pradesh
523169,Chirala,Andhra Pradesh
523170,Chirala,Andhra Pradesh
523180,Ongole,Andhra Pradesh
523181,Chirala,Andhra Pradesh
523182,Ongole,Andhra Pradesh
523183,Ongole,Andhra Pradesh
523184,Chirala,Andhra Pradesh
523185,Addanki,Andhra Pradesh
523186,Ongole,Andhra Pradesh
523187,Chirala,Andhra Pradesh
523189,Chirala,Andhra Pradesh
523190,Addanki,Andhra Pradesh
523201,Addanki,Andhra Pradesh
523205,Markapur,Andhra Pradesh
523211,Ongole,Andhra Pradesh
523212,Addanki,Andhra Pradesh
523213,Addanki,Andhra Pradesh
523214,Addanki,Andhra Pradesh
523223,Kanigiri,Andhra Pradesh
523225,Chimakurthy,Andhra Pradesh
523226,Chimakurthy,Andhra Pradesh
523227,Kanigiri,Andhra Pradesh
523230,Kanigiri,Andhra Pradesh
523240,Podili,Andhra Pradesh
523241,Podili,Andhra Pradesh
523245,Kanigiri,Andhra Pradesh
523246,Podili,Andhra Pradesh
523247,Podili,Andhra Pradesh
523252,Podili,Andhra Pradesh
523253,Chimakurthy,Andhra Pradesh
523254,Kanigiri,Andhra Pradesh
523260,Martur,Andhra Pradesh
523261,Addanki,Andhra Pradesh
523262,Ongole,Andhra Pradesh
523263,Chimakurthy,Andhra Pradesh
523264,Chimakurthy,Andhra Pradesh
523265,Addanki,Andhra Pradesh
523270,Kondapi,Andhra Pradesh
523271,Kandukur,Andhra Pradesh
523272,Ongole,Andhra Pradesh
523273,Kondapi,Andhra Pradesh
523274,Ongole,Andhra Pradesh
523279,Kandukur,Andhra Pradesh
523280,Ongole,Andhra Pradesh
523281,Kandukur,Andhra Pradesh
523286,Ongole,Andhra Pradesh
523291,Kavali,Andhra Pradesh
523292,Kandukur,Andhra Pradesh
523301,Martur,Andhra Pradesh
523302,Martur,Andhra Pradesh
523303,Addanki,Andhra Pradesh
523304,Markapur,Andhra Pradesh
523305,Markapur,Andhra Pradesh
523315,Markapur,Andhra Pradesh
523316,Markapur,Andhra Pradesh
523320,Markapur,Andhra Pradesh
523329,Markapur,Andhra Pradesh
523331,Doranala,Andhra Pradesh
523332,Markapur,Andhra Pradesh
523333,CumbumAP,Andhra Pradesh
523334,Giddalur,Andhra Pradesh
523336,CumbumAP,Andhra Pradesh
523356,Giddalur,Andhra Pradesh
523357,Giddalur,Andhra Pradesh
523367,Giddalur,Andhra Pradesh
523368,Giddalur,Andhra Pradesh
523369,Giddalur,Andhra Pradesh
523370,CumbumAP,Andhra Pradesh
523371,Markapur,Andhra Pradesh
523373,Giddalur,Andhra Pradesh
524001,Nellore,Andhra Pradesh
524002,Nellore,Andhra Pradesh
524003,Nellore,Andhra Pradesh
524004,Nellore,Andhra Pradesh
524005,Nellore,Andhra Pradesh
524101,Gudur,Andhra Pradesh
524121,Sullurupeta,Andhra Pradesh
524124,Sullurupeta,Andhra Pradesh
524126,Atmakur-AP,Andhra Pradesh
524127,Atmakur-AP,Andhra Pradesh
524129,Atmakur-AP,Andhra Pradesh
524131,Gudur,Andhra Pradesh
524132,Venkatagiri,Andhra Pradesh
524134,Venkatagiri,Andhra Pradesh
524137,Nellore,Andhra Pradesh
524142,Kavali,Andhra Pradesh
524152,Nellore,Andhra Pradesh
524201,Kavali,Andhra Pradesh
524202,Kavali,Andhra Pradesh
524203,Kavali,Andhra Pradesh
524221,Pamuru,Andhra Pradesh
524222,Udayagiri,Andhra Pradesh
524223,Kavali,Andhra Pradesh
524224,Kavali,Andhra Pradesh
524225,Kavali,Andhra Pradesh
524226,Udayagiri,Andhra Pradesh
524227,Pamuru,Andhra Pradesh
524228,Kavali,Andhra Pradesh
524230,Udayagiri,Andhra Pradesh
524234,Atmakur-AP,Andhra Pradesh
524236,Pamuru,Andhra Pradesh
524239,Kavali,Andhra Pradesh
524240,Atmakur-AP,Andhra Pradesh
524303,Atmakur-AP,Andhra Pradesh
524304,Atmakur-AP,Andhra Pradesh
524305,Nellore,Andhra Pradesh
524306,Nellore,Andhra Pradesh
524307,Atmakur-AP,Andhra Pradesh
524308,Atmakur-AP,Andhra Pradesh
524310,Udayagiri,Andhra Pradesh
524311,Nellore,Andhra Pradesh
524312,Udayagiri,Andhra Pradesh
524313,Nellore,Andhra Pradesh
524314,Nellore,Andhra Pradesh
524315,Nellore,Andhra Pradesh
524316,Nellore,Andhra Pradesh
524317,Atmakur-AP,Andhra Pradesh
524318,Nellore,Andhra Pradesh
524319,Nellore,Andhra Pradesh
524320,Nellore,Andhra Pradesh
524321,Nellore,Andhra Pradesh
524322,Atmakur-AP,Andhra Pradesh
524323,Nellore,Andhra Pradesh
524341,Atmakur-AP,Andhra Pradesh
524344,Nellore,Andhra Pradesh
524346,Nellore,Andhra Pradesh
524347,Nellore,Andhra Pradesh
524366,Nellore,Andhra Pradesh
524401,Sullurupeta,Andhra Pradesh
524402,Gudur,Andhra Pradesh
524403,Vidyanagar,Andhra Pradesh
524404,Venkatagiri,Andhra Pradesh
524405,Gudur,Andhra Pradesh
524406,Gudur,Andhra Pradesh
524407,Gudur,Andhra Pradesh
524410,Gudur,Andhra Pradesh
524411,Vidyanagar,Andhra Pradesh
524412,Gudur,Andhra Pradesh
524413,Vidyanagar,Andhra Pradesh
524415,Vidyanagar,Andhra Pradesh
524421,Atmakur-AP,Andhra Pradesh
530001,Visakhapatnam,Andhra Pradesh
530002,Visakhapatnam,Andhra Pradesh
530003,Visakhapatnam,Andhra Pradesh
530004,Visakhapatnam,Andhra Pradesh
530005,Visakhapatnam,Andhra Pradesh
530006,Visakhapatnam,Andhra Pradesh
530007,Visakhapatnam,Andhra Pradesh
530008,Visakhapatnam,Andhra Pradesh
530009,Visakhapatnam,Andhra Pradesh
530010,Visakhapatnam,Andhra Pradesh
530011,Visakhapatnam,Andhra Pradesh
530012,Visakhapatnam,Andhra Pradesh
530013,Visakhapatnam,Andhra Pradesh
530014,Visakhapatnam,Andhra Pradesh
530015,Visakhapatnam,Andhra Pradesh
530016,Visakhapatnam,Andhra Pradesh
530017,Visakhapatnam,Andhra Pradesh
530018,Visakhapatnam,Andhra Pradesh
530019,Visakhapatnam,Andhra Pradesh
530020,Visakhapatnam,Andhra Pradesh
530021,Visakhapatnam,Andhra Pradesh
530022,Visakhapatnam,Andhra Pradesh
530023,Visakhapatnam,Andhra Pradesh
530024,Visakhapatnam,Andhra Pradesh
530025,Visakhapatnam,Andhra Pradesh
530026,Visakhapatnam,Andhra Pradesh
530027,Visakhapatnam,Andhra Pradesh
530028,Visakhapatnam,Andhra Pradesh
530029,Visakhapatnam,Andhra Pradesh
530030,Visakhapatnam,Andhra Pradesh
530031,Visakhapatnam,Andhra Pradesh
530032,Visakhapatnam,Andhra Pradesh
530035,Visakhapatnam,Andhra Pradesh
530037,Visakhapatnam,Andhra Pradesh
530040,Visakhapatnam,Andhra Pradesh
530041,Visakhapatnam,Andhra Pradesh
530043,Visakhapatnam,Andhra Pradesh
530044,Visakhapatnam,Andhra Pradesh
530045,Visakhapatnam,Andhra Pradesh
530046,Visakhapatnam,Andhra Pradesh
530047,Visakhapatnam,Andhra Pradesh
530048,Visakhapatnam,Andhra Pradesh
530049,Visakhapatnam,Andhra Pradesh
530051,Visakhapatnam,Andhra Pradesh
530052,Bheemunipatnam,Andhra Pradesh
530053,Visakhapatnam,Andhra Pradesh
531001,Anakapalle,Andhra Pradesh
531002,Anakapalle,Andhra Pradesh
531011,Anakapalle,Andhra Pradesh
531019,Anakapalle,Andhra Pradesh
531020,Anakapalle,Andhra Pradesh
531021,Anakapalle,Andhra Pradesh
531022,Anakapalle,Andhra Pradesh
531023,Anakapalle,Andhra Pradesh
531024,Paderu,Andhra Pradesh
531025,Chodavaram,Andhra Pradesh
531026,Chodavaram,Andhra Pradesh
531027,Chodavaram,Andhra Pradesh
531028,Chodavaram,Andhra Pradesh
531030,Seetharampram,Andhra Pradesh
531031,Anakapalle,Andhra Pradesh
531032,Anakapalle,Andhra Pradesh
531033,Anakapalle,Andhra Pradesh
531034,Chodavaram,Andhra Pradesh
531035,Anakapalle,Andhra Pradesh
531036,Chodavaram,Andhra Pradesh
531040,Pedabayalu,Andhra Pradesh
531055,Yellamanchili,Andhra Pradesh
531060,Yellamanchili,Andhra Pradesh
531061,Yellamanchili,Andhra Pradesh
531075,Chodavaram,Andhra Pradesh
531077,Paderu,Andhra Pradesh
531081,Koruprolu,Andhra Pradesh
531082,Koruprolu,Andhra Pradesh
531083,Koruprolu,Andhra Pradesh
531084,Narsipatnam,Andhra Pradesh
531085,Narsipatnam,Andhra Pradesh
531087,Koyyuru,Andhra Pradesh
531111,Chintapalli,Andhra Pradesh
531113,Narsipatnam,Andhra Pradesh
531114,Narsipatnam,Andhra Pradesh
531115,Narsipatnam,Andhra Pradesh
531116,Narsipatnam,Andhra Pradesh
531117,Narsipatnam,Andhra Pradesh
531118,Narsipatnam,Andhra Pradesh
531126,Tuni,Andhra Pradesh
531127,Tuni,Andhra Pradesh
531133,Chintapalli,Andhra Pradesh
531148,Bheemunipatnam,Andhra Pradesh
531149,Araku,Andhra Pradesh
531151,Araku,Andhra Pradesh
531161,Bheemunipatnam,Andhra Pradesh
531162,Bheemunipatnam,Andhra Pradesh
531163,Bheemunipatnam,Andhra Pradesh
531173,Visakhapatnam,Andhra Pradesh
531219,Bheemunipatnam,Andhra Pradesh
532001,Srikakulam,Andhra Pradesh
532005,Srikakulam,Andhra Pradesh
532122,Rajam,Andhra Pradesh
532123,Srikakulam,Andhra Pradesh
532127,Rajam,Andhra Pradesh
532148,Rajam,Andhra Pradesh
532168,Rajam,Andhra Pradesh
532185,Srikakulam,Andhra Pradesh
532186,Srikakulam,Andhra Pradesh
532195,Tekkali,Andhra Pradesh
532201,Tekkali,Andhra Pradesh
532203,Tekkali,Andhra Pradesh
532211,Tekkali,Andhra Pradesh
532212,Tekkali,Andhra Pradesh
532213,Pathapatnam,Andhra Pradesh
532214,Pathapatnam,Andhra Pradesh
532215,Tekkali,Andhra Pradesh
532216,Pathapatnam,Andhra Pradesh
532218,Palasa,Andhra Pradesh
532219,Palasa,Andhra Pradesh
532220,Palasa,Andhra Pradesh
532221,Palasa-Kasibugga,Andhra Pradesh
532222,Palasa,Andhra Pradesh
532242,Palasa-Kasibugga,Andhra Pradesh
532243,Palasa,Andhra Pradesh
532263,Palasa-Kasibugga,Andhra Pradesh
532264,Sompeta,Andhra Pradesh
532284,Sompeta,Andhra Pradesh
532290,Sompeta,Andhra Pradesh
532291,Sompeta,Andhra Pradesh
532292,Sompeta,Andhra Pradesh
532312,Ichchapuram,Andhra Pradesh
532322,Sompeta,Andhra Pradesh
532401,Srikakulam,Andhra Pradesh
532402,Srikakulam,Andhra Pradesh
532403,Srikakulam,Andhra Pradesh
532404,Srikakulam,Andhra Pradesh
532405,Srikakulam,Andhra Pradesh
532407,Ranastalam,Andhra Pradesh
532408,Srikakulam,Andhra Pradesh
532409,Ranastalam,Andhra Pradesh
532410,Srikakulam,Andhra Pradesh
532421,Narasannapeta,Andhra Pradesh
532425,Narasannapeta,Andhra Pradesh
532427,Narasannapeta,Andhra Pradesh
532429,Narasannapeta,Andhra Pradesh
532430,Narasannapeta,Andhra Pradesh
532432,Narasannapeta,Andhra Pradesh
532440,Palakonda,Andhra Pradesh
532443,Palakonda,Andhra Pradesh
532445,Palakonda,Andhra Pradesh
532457,Kotturu-AP,Andhra Pradesh
532460,Palakonda,Andhra Pradesh
532461,Palakonda,Andhra Pradesh
532462,Palakonda,Andhra Pradesh
532474,Narasannapeta,Andhra Pradesh
532484,Srikakulam,Andhra Pradesh
532501,Parvathipuram,Andhra Pradesh
532558,Bobbili,Andhra Pradesh
532579,Salur,Andhra Pradesh
532591,Salur,Andhra Pradesh
533001,Kakinada,Andhra Pradesh
533002,Kakinada,Andhra Pradesh
533003,Kakinada,Andhra Pradesh
533004,Kakinada,Andhra Pradesh
533005,Kakinada,Andhra Pradesh
533006,Kakinada,Andhra Pradesh
533007,Kakinada,Andhra Pradesh
533008,Kakinada,Andhra Pradesh
533016,Kakinada,Andhra Pradesh
533101,Rajahmundry,Andhra Pradesh
533102,Rajahmundry,Andhra Pradesh
533103,Rajahmundry,Andhra Pradesh
533104,Rajahmundry,Andhra Pradesh
533105,Rajahmundry,Andhra Pradesh
533106,Rajahmundry,Andhra Pradesh
533107,Rajahmundry,Andhra Pradesh
533124,Rajahmundry,Andhra Pradesh
533125,Rajahmundry,Andhra Pradesh
533126,Rajahmundry,Andhra Pradesh
533201,Amalapuram,Andhra Pradesh
533202,Amalapuram,Andhra Pradesh
533210,Amalapuram,Andhra Pradesh
533211,Amalapuram,Andhra Pradesh
533212,Amalapuram,Andhra Pradesh
533213,Amalapuram,Andhra Pradesh
533214,Amalapuram,Andhra Pradesh
533215,Amalapuram,Andhra Pradesh
533216,Amalapuram,Andhra Pradesh
533217,Amalapuram,Andhra Pradesh
533218,Amalapuram,Andhra Pradesh
533220,Draksharamam,Andhra Pradesh
533221,Amalapuram,Andhra Pradesh
533222,Amalapuram,Andhra Pradesh
533226,Narasaraopet,Andhra Pradesh
533232,Mandapeta,Andhra Pradesh
533233,Mandapeta,Andhra Pradesh
533234,Rajahmundry,Andhra Pradesh
533235,Rajahmundry,Andhra Pradesh
533238,Mandapeta,Andhra Pradesh
533239,Amalapuram,Andhra Pradesh
533240,Razole,Andhra Pradesh
533241,Amalapuram,Andhra Pradesh
533242,Razole,Andhra Pradesh
533244,Razole,Andhra Pradesh
533247,Razole,Andhra Pradesh
533248,Razole,Andhra Pradesh
533249,Razole,Andhra Pradesh
533250,Razole,Andhra Pradesh
533251,Narsapur,Andhra Pradesh
533252,Razole,Andhra Pradesh
533253,Razole,Andhra Pradesh
533254,Razole,Andhra Pradesh
533255,Draksharamam,Andhra Pradesh
533256,Draksharamam,Andhra Pradesh
533260,Kakinada,Andhra Pradesh
533261,Mandapeta,Andhra Pradesh
533262,Draksharamam,Andhra Pradesh
533263,Draksharamam,Andhra Pradesh
533264,Mandapeta,Andhra Pradesh
533274,Amalapuram,Andhra Pradesh
533284,Addateegala,Andhra Pradesh
533285,Gokavaram,Andhra Pradesh
533286,Gokavaram,Andhra Pradesh
533287,Gokavaram,Andhra Pradesh
533288,Rampachodavaram,Andhra Pradesh
533289,Gokavaram,Andhra Pradesh
533290,Gokavaram,Andhra Pradesh
533291,Samarlakota,Andhra Pradesh
533292,Gokavaram,Andhra Pradesh
533293,Rajahmundry,Andhra Pradesh
533294,Rajahmundry,Andhra Pradesh
533296,Rajahmundry,Andhra Pradesh
533297,Rajahmundry,Andhra Pradesh
533305,Draksharamam,Andhra Pradesh
533306,Draksharamam,Andhra Pradesh
533307,Mandapeta,Andhra Pradesh
533308,Mandapeta,Andhra Pradesh
533309,Mandapeta,Andhra Pradesh
533340,Mandapeta,Andhra Pradesh
533341,Mandapeta,Andhra Pradesh
533342,Mandapeta,Andhra Pradesh
533343,Bikkavolu,Andhra Pradesh
533344,Bikkavolu,Andhra Pradesh
533345,Mandapeta,Andhra Pradesh
533346,Mandapeta,Andhra Pradesh
533347,Chintoor,Andhra Pradesh
533352,Nellipaka,Andhra Pradesh
533401,Tuni,Andhra Pradesh
533406,Annavaram,Andhra Pradesh
533407,Tuni,Andhra Pradesh
533408,Tuni,Andhra Pradesh
533410,Narsipatnam,Andhra Pradesh
533428,Addateegala,Andhra Pradesh
533429,Yerravaram,Andhra Pradesh
533430,Yerravaram,Andhra Pradesh
533431,Yerravaram,Andhra Pradesh
533432,Yerravaram,Andhra Pradesh
533433,Samarlakota,Andhra Pradesh
533434,Samarlakota,Andhra Pradesh
533435,Samarlakota,Andhra Pradesh
533436,Koyyuru,Andhra Pradesh
533437,Samarlakota,Andhra Pradesh
533440,Samarlakota,Andhra Pradesh
533444,Kathipudi,Andhra Pradesh
533445,Kathipudi,Andhra Pradesh
533446,Kathipudi,Andhra Pradesh
533449,Kathipudi,Andhra Pradesh
533450,Samarlakota,Andhra Pradesh
533460,Samarlakota,Andhra Pradesh
533461,Kakinada,Andhra Pradesh
533462,Kakinada,Andhra Pradesh
533463,Draksharamam,Andhra Pradesh
533464,Draksharamam,Andhra Pradesh
533468,Kakinada,Andhra Pradesh
533483,Addateegala,Andhra Pradesh
533503,Repalle,Andhra Pradesh
533577,Amalapuram,Andhra Pradesh
534000,Eluru,Andhra Pradesh
534001,Eluru,Andhra Pradesh
534002,Eluru,Andhra Pradesh
534003,Eluru,Andhra Pradesh
534004,Eluru,Andhra Pradesh
534005,Eluru,Andhra Pradesh
534006,Eluru,Andhra Pradesh
534007,Eluru,Andhra Pradesh
534101,Tadepalligudem,Andhra Pradesh
534102,Tadepalligudem,Andhra Pradesh
534111,Nallajerla,Andhra Pradesh
534112,Nallajerla,Andhra Pradesh
534122,Palakollu,Andhra Pradesh
534123,Palakollu,Andhra Pradesh
534124,Tanuku,Andhra Pradesh
534126,Palakollu,Andhra Pradesh
534134,Tanuku,Andhra Pradesh
534145,Tadepalligudem,Andhra Pradesh
534146,Tadepalligudem,Andhra Pradesh
534156,Tanuku,Andhra Pradesh
534165,Tadepalligudem,Andhra Pradesh
534166,Tadepalligudem,Andhra Pradesh
534176,Nallajerla,Andhra Pradesh
534186,Bhimavaram,Andhra Pradesh
534195,Ganapavaram,Andhra Pradesh
534196,Tadepalligudem,Andhra Pradesh
534197,Tadepalligudem,Andhra Pradesh
534199,Bhimavaram,Andhra Pradesh
534201,Bhimavaram,Andhra Pradesh
534202,Bhimavaram,Andhra Pradesh
534204,Bhimavaram,Andhra Pradesh
534206,Bhimavaram,Andhra Pradesh
534207,Bhimavaram,Andhra Pradesh
534208,Bhimavaram,Andhra Pradesh
534209,Bhimavaram,Andhra Pradesh
534210,Bhimavaram,Andhra Pradesh
534211,Tanuku,Andhra Pradesh
534215,Tanuku,Andhra Pradesh
534216,Tanuku,Andhra Pradesh
534217,Tanuku,Andhra Pradesh
534218,Tanuku,Andhra Pradesh
534222,Tanuku,Andhra Pradesh
534225,Tanuku,Andhra Pradesh
534227,Tanuku,Andhra Pradesh
534230,Bhimavaram,Andhra Pradesh
534235,Kaikaluru,Andhra Pradesh
534236,Bhimavaram,Andhra Pradesh
534237,Bhimavaram,Andhra Pradesh
534238,Bhimavaram,Andhra Pradesh
534240,Bhimavaram,Andhra Pradesh
534243,Bhimavaram,Andhra Pradesh
534244,Bhimavaram,Andhra Pradesh
534245,Palakollu,Andhra Pradesh
534247,Bhimavaram,Andhra Pradesh
534250,Palakollu,Andhra Pradesh
534260,Palakollu,Andhra Pradesh
534265,Palakollu,Andhra Pradesh
534266,Palakollu,Andhra Pradesh
534267,Palakollu,Andhra Pradesh
534268,Palakollu,Andhra Pradesh
534269,Palakollu,Andhra Pradesh
534275,Narsapur,Andhra Pradesh
534280,Narsapur,Andhra Pradesh
534281,Narsapur,Andhra Pradesh
534301,Kovvur,Andhra Pradesh
534302,Kovvur,Andhra Pradesh
534303,Tadepalligudem,Andhra Pradesh
534305,Tadepalligudem,Andhra Pradesh
534311,Jangareddygudem,Andhra Pradesh
534312,Jangareddygudem,Andhra Pradesh
534313,Gopalapuram,Andhra Pradesh
534315,Polavaram,Andhra Pradesh
534316,Gopalapuram,Andhra Pradesh
534318,Polavaram,Andhra Pradesh
534320,Tanuku,Andhra Pradesh
534324,Penugonda,Andhra Pradesh
534326,Penugonda,Andhra Pradesh
534327,Palakollu,Andhra Pradesh
534328,Tanuku,Andhra Pradesh
534329,Tanuku,Andhra Pradesh
534330,Tanuku,Andhra Pradesh
534331,Tanuku,Andhra Pradesh
534338,Palakollu,Andhra Pradesh
534339,Tanuku,Andhra Pradesh
534340,Kovvur,Andhra Pradesh
534341,Gopalapuram,Andhra Pradesh
534342,Kovvur,Andhra Pradesh
534343,Kovvur,Andhra Pradesh
534350,Kovvur,Andhra Pradesh
534351,Kovvur,Andhra Pradesh
534401,Bhimadole,Andhra Pradesh
534406,Tadepalligudem,Andhra Pradesh
534407,Tadepalligudem,Andhra Pradesh
534411,Tadepalligudem,Andhra Pradesh
534416,Tadepalligudem,Andhra Pradesh
534425,Bhimadole,Andhra Pradesh
534426,Dwaraka Tirumala,Andhra Pradesh
534427,Bhimadole,Andhra Pradesh
534432,Eluru,Andhra Pradesh
534435,Dwaraka Tirumala,Andhra Pradesh
534442,Eluru,Andhra Pradesh
534444,Kukanoor,Andhra Pradesh
534447,Jangareddygudem,Andhra Pradesh
534448,Jangareddygudem,Andhra Pradesh
534449,Dwaraka Tirumala,Andhra Pradesh
534450,Eluru,Andhra Pradesh
534451,Jangareddygudem,Andhra Pradesh
534452,Dwaraka Tirumala,Andhra Pradesh
534455,Jangareddygudem,Andhra Pradesh
534456,Jangareddygudem,Andhra Pradesh
534475,Eluru,Andhra Pradesh
535001,Vizianagaram,Andhra Pradesh
535002,Vizianagaram,Andhra Pradesh
535003,Vizianagaram,Andhra Pradesh
535004,Vizianagaram,Andhra Pradesh
535005,Vizianagaram,Andhra Pradesh
535006,Vizianagaram,Andhra Pradesh
535101,Vizianagaram,Andhra Pradesh
535102,Rajam,Andhra Pradesh
535124,Rajam,Andhra Pradesh
535125,Rajam,Andhra Pradesh
535126,Rajam,Andhra Pradesh
535128,Rajam,Andhra Pradesh
535145,S Kota,Andhra Pradesh
535148,S Kota,Andhra Pradesh
535160,S Kota,Andhra Pradesh
535161,S Kota,Andhra Pradesh
535183,Pendurthi,Andhra Pradesh
535202,Kovvur,Andhra Pradesh
535204,Vizianagaram,Andhra Pradesh
535213,Vizianagaram,Andhra Pradesh
535214,Vizianagaram,Andhra Pradesh
535215,Vizianagaram,Andhra Pradesh
535216,Bhogapuram,Andhra Pradesh
535217,Vizianagaram,Andhra Pradesh
535218,Vizianagaram,Andhra Pradesh
535220,Vizianagaram,Andhra Pradesh
535221,S Kota,Andhra Pradesh
535240,Pendurthi,Andhra Pradesh
535250,S Kota,Andhra Pradesh
535260,Gajapatinagaram,Andhra Pradesh
535270,Gajapatinagaram,Andhra Pradesh
535273,Gajapatinagaram,Andhra Pradesh
535280,Vizianagaram,Andhra Pradesh
535281,S Kota,Andhra Pradesh
535463,Parvathipuram,Andhra Pradesh
535501,Parvathipuram,Andhra Pradesh
535502,Parvathipuram,Andhra Pradesh
535521,Parvathipuram,Andhra Pradesh
535522,Parvathipuram,Andhra Pradesh
535523,Kurupam,Andhra Pradesh
535524,Parvathipuram,Andhra Pradesh
535525,Parvathipuram,Andhra Pradesh
535526,Parvathipuram,Andhra Pradesh
535527,Parvathipuram,Andhra Pradesh
535532,Bobbili,Andhra Pradesh
535534,Kurupam,Andhra Pradesh
535546,Bobbili,Andhra Pradesh
535547,Bobbili,Andhra Pradesh
535557,Bobbili,Andhra Pradesh
535558,Bobbili,Andhra Pradesh
535559,Bobbili,Andhra Pradesh
535568,Bobbili,Andhra Pradesh
535573,Bobbili,Andhra Pradesh
535578,Salur,Andhra Pradesh
535579,Salur,Andhra Pradesh
535580,Gajapatinagaram,Andhra Pradesh
535591,Salur,Andhra Pradesh
535592,Salur,Andhra Pradesh
535593,Salur,Andhra Pradesh
535594,Kurupam,Andhra Pradesh
560001,Bangalore,Karnataka
560002,Bangalore,Karnataka
560003,Bangalore,Karnataka
560004,Bangalore,Karnataka
560005,Bangalore,Karnataka
560006,Bangalore,Karnataka
560007,Bangalore,Karnataka
560008,Bangalore,Karnataka
560009,Bangalore,Karnataka
560010,Bangalore,Karnataka
560011,Bangalore,Karnataka
560012,Bangalore,Karnataka
560013,Bangalore,Karnataka
560014,Bangalore,Karnataka
560015,Bangalore,Karnataka
560016,Bangalore,Karnataka
560017,Bangalore,Karnataka
560018,Bangalore,Karnataka
560019,Bangalore,Karnataka
560020,Bangalore,Karnataka
560021,Bangalore,Karnataka
560022,Bangalore,Karnataka
560023,Bangalore,Karnataka
560024,Bangalore,Karnataka
560025,Bangalore,Karnataka
560026,Bangalore,Karnataka
560027,Bangalore,Karnataka
560028,Bangalore,Karnataka
560029,Bangalore,Karnataka
560030,Bangalore,Karnataka
560031,Bangalore,Karnataka
560032,Bangalore,Karnataka
560033,Bangalore,Karnataka
560034,Bangalore,Karnataka
560035,Bangalore,Karnataka
560036,Bangalore,Karnataka
560037,Bangalore,Karnataka
560038,Bangalore,Karnataka
560039,Bangalore,Karnataka
560040,Bangalore,Karnataka
560041,Bangalore,Karnataka
560042,Bangalore,Karnataka
560043,Bangalore,Karnataka
560044,Bangalore,Karnataka
560045,Bangalore,Karnataka
560046,Bangalore,Karnataka
560047,Bangalore,Karnataka
560048,Bangalore,Karnataka
560049,Bangalore,Karnataka
560050,Bangalore,Karnataka
560051,Bangalore,Karnataka
560052,Bangalore,Karnataka
560053,Bangalore,Karnataka
560054,Bangalore,Karnataka
560055,Bangalore,Karnataka
560056,Bangalore,Karnataka
560057,Bangalore,Karnataka
560058,Bangalore,Karnataka
560059,Bangalore,Karnataka
560060,Bangalore,Karnataka
560061,Bangalore,Karnataka
560062,Bangalore,Karnataka
560063,Bangalore,Karnataka
560064,Bangalore,Karnataka
560065,Bangalore,Karnataka
560066,Bangalore,Karnataka
560067,Bangalore,Karnataka
560068,Bangalore,Karnataka
560069,Bangalore,Karnataka
560070,Bangalore,Karnataka
560071,Bangalore,Karnataka
560072,Bangalore,Karnataka
560073,Bangalore,Karnataka
560074,Bangalore,Karnataka
560075,Bangalore,Karnataka
560076,Bangalore,Karnataka
560077,Bangalore,Karnataka
560078,Bangalore,Karnataka
560079,Bangalore,Karnataka
560080,Bangalore,Karnataka
560081,Bangalore,Karnataka
560082,Bangalore,Karnataka
560083,Bangalore,Karnataka
560084,Bangalore,Karnataka
560085,Bangalore,Karnataka
560086,Bangalore,Karnataka
560087,Bangalore,Karnataka
560088,Bangalore,Karnataka
560089,Bangalore,Karnataka
560090,Bangalore,Karnataka
560091,Bangalore,Karnataka
560092,Bangalore,Karnataka
560093,Bangalore,Karnataka
560094,Bangalore,Karnataka
560095,Bangalore,Karnataka
560096,Bangalore,Karnataka
560097,Bangalore,Karnataka
560098,Bangalore,Karnataka
560099,Bangalore,Karnataka
560100,Bangalore,Karnataka
560102,Bangalore,Karnataka
560103,Bangalore,Karnataka
560104,Bangalore,Karnataka
560105,Bangalore,Karnataka
560106,Bangalore,Karnataka
560107,Bangalore,Karnataka
560108,Bangalore,Karnataka
560109,Bangalore,Karnataka
560110,Bangalore,Karnataka
560111,Bangalore,Karnataka
560112,Bangalore,Karnataka
560113,Bangalore,Karnataka
560114,Bangalore,Karnataka
560115,Bangalore,Karnataka
560116,Bangalore,Karnataka
560125,Bangalore,Karnataka
560242,Bangalore,Karnataka
560300,Bangalore,Karnataka
561101,Dabaspete,Karnataka
561201,Magadi,Karnataka
561202,Pavagada,Karnataka
561203,Doddaballapura,Karnataka
561204,Doddaballapura,Karnataka
561205,Doddaballapura,Karnataka
561206,Gauribidanur,Karnataka
561207,Bagepalli,Karnataka
561208,Gauribidanur,Karnataka
561209,Bagepalli,Karnataka
561210,Gauribidanur,Karnataka
561211,Gauribidanur,Karnataka
561212,Bagepalli,Karnataka
561228,Gauribidanur,Karnataka
562101,Chikkaballapura,Karnataka
562102,Chikkaballapura,Karnataka
562103,Chikkaballapura,Karnataka
562104,Chikkaballapura,Karnataka
562105,Chintamani,Karnataka
562106,Bangalore,Karnataka
562107,Bangalore,Karnataka
562108,Channapatna,Karnataka
562109,Ramanagara,Karnataka
562110,Chikkaballapura,Karnataka
562111,Dabaspete,Karnataka
562112,Kanakapura,Karnataka
562114,Hoskote,Karnataka
562117,Kanakapura,Karnataka
562119,Kanakapura,Karnataka
562120,Magadi,Karnataka
562121,Kanakapura,Karnataka
562122,Hoskote,Karnataka
562123,Bangalore,Karnataka
562125,Bangalore,Karnataka
562126,Kanakapura,Karnataka
562127,Kunigal,Karnataka
562128,Ramanagara,Karnataka
562129,Hoskote,Karnataka
562130,Bangalore,Karnataka
562131,Kunigal,Karnataka
562132,Dabaspete,Karnataka
562135,Chikkaballapura,Karnataka
562138,Channapatna,Karnataka
562149,Bangalore,Karnataka
562157,Bangalore,Karnataka
562158,Bangalore,Karnataka
562159,Ramanagara,Karnataka
562160,Channapatna,Karnataka
562161,Channapatna,Karnataka
562162,Bangalore,Karnataka
562163,Doddaballapura,Karnataka
562164,Chikkaballapura,Karnataka
562201,Magadi,Karnataka
562300,Bangalore,Karnataka
563101,Kolar,Karnataka
563102,Kolar,Karnataka
563103,Kolar,Karnataka
563113,Bangarapet,Karnataka
563114,Bangarapet,Karnataka
563115,Bangarapet,Karnataka
563116,Bethamangala,Karnataka
563117,Bangarapet,Karnataka
563118,Bangarapet,Karnataka
563120,Bangarapet,Karnataka
563121,Bethamangala,Karnataka
563122,Bangarapet,Karnataka
563124,Bagepalli,Karnataka
563125,Chintamani,Karnataka
563126,Kolar,Karnataka
563127,Mulbagal,Karnataka
563128,Chintamani,Karnataka
563130,Malur,Karnataka
563131,Mulbagal,Karnataka
563132,Mulbagal,Karnataka
563133,Kolar,Karnataka
563134,Mulbagal,Karnataka
563135,Mulbagal,Karnataka
563136,Mulbagal,Karnataka
563137,Malur,Karnataka
563138,Mulbagal,Karnataka
563139,Malur,Karnataka
563147,Bangarapet,Karnataka
563157,Kolar,Karnataka
563160,Malur,Karnataka
563161,Mulbagal,Karnataka
563162,Bangarapet,Karnataka
570001,Mysore,Karnataka
570002,Mysore,Karnataka
570003,Mysore,Karnataka
570004,Mysore,Karnataka
570005,Mysore,Karnataka
570006,Mysore,Karnataka
570007,Mysore,Karnataka
570008,Mysore,Karnataka
570009,Mysore,Karnataka
570010,Mysore,Karnataka
570011,Mysore,Karnataka
570012,Mysore,Karnataka
570013,Mysore,Karnataka
570014,Mysore,Karnataka
570015,Mysore,Karnataka
570016,Mysore,Karnataka
570017,Mysore,Karnataka
570018,Mysore,Karnataka
570019,Mysore,Karnataka
570020,Mysore,Karnataka
570021,Mysore,Karnataka
570022,Mysore,Karnataka
570023,Mysore,Karnataka
570024,Mysore,Karnataka
570025,Mysore,Karnataka
570026,Mysore,Karnataka
570027,Mysore,Karnataka
570028,Mysore,Karnataka
570029,Mysore,Karnataka
570030,Mysore,Karnataka
570031,Mysore,Karnataka
570032,Mysore,Karnataka
570033,Mysore,Karnataka
570034,Mysore,Karnataka
571101,TirumakudaluNS,Karnataka
571102,Koppa,Karnataka
571103,Hunsur,Karnataka
571104,Koppa,Karnataka
571105,Hunsur,Karnataka
571106,Hunsur,Karnataka
571107,Koppa,Karnataka
571108,Piriyapatna,Karnataka
571109,Gundlupet,Karnataka
571110,TirumakudaluNS,Karnataka
571111,Gundlupet,Karnataka
571114,H.D Kote,Karnataka
571115,Chamarajanagar,Karnataka
571116,H.D Kote,Karnataka
571117,Chamarajanagar,Karnataka
571118,Nanjangud,Karnataka
571119,Nanjangud,Karnataka
571120,TirumakudaluNS,Karnataka
571121,H.D Kote,Karnataka
571122,TirumakudaluNS,Karnataka
571123,Gundlupet,Karnataka
571124,TirumakudaluNS,Karnataka
571125,H.D Kote,Karnataka
571127,Chamarajanagar,Karnataka
571128,Chamarajanagar,Karnataka
571129,Nanjangud,Karnataka
571130,Mysore,Karnataka
571134,Hunsur,Karnataka
571146,Chamarajanagar,Karnataka
571174,Chamarajanagar,Karnataka
571186,Mysore,Karnataka
571187,Koppa,Karnataka
571189,Hunsur,Karnataka
571201,Madikeri,Karnataka
571211,Gonikoppal,Karnataka
571212,Virajpet,Karnataka
571213,Gonikoppal,Karnataka
571215,Gonikoppal,Karnataka
571216,Gonikoppal,Karnataka
571217,Gonikoppal,Karnataka
571218,Gonikoppal,Karnataka
571219,Gonikoppal,Karnataka
571231,Shanivarasanthe,Karnataka
571232,Koppa,Karnataka
571234,Koppa,Karnataka
571235,Shanivarasanthe,Karnataka
571236,Shanivarasanthe,Karnataka
571237,Madikeri,Karnataka
571248,Madikeri,Karnataka
571249,Gonikoppal,Karnataka
571250,Gonikoppal,Karnataka
571251,Madikeri,Karnataka
571253,Gonikoppal,Karnataka
571254,Gonikoppal,Karnataka
571301,Nanjangud,Karnataka
571302,Nanjangud,Karnataka
571311,Nanjangud,Karnataka
571312,Nanjangud,Karnataka
571313,Chamarajanagar,Karnataka
571314,Nanjangud,Karnataka
571315,H.D Kote,Karnataka
571316,Chamarajanagar,Karnataka
571320,Hanur,Karnataka
571321,Mysore,Karnataka
571325,Nanjangud,Karnataka
571342,Chamarajanagar,Karnataka
571401,Mandya,Karnataka
571402,Mandya,Karnataka
571403,Mandya,Karnataka
571404,Mandya,Karnataka
571405,Mandya,Karnataka
571415,Mandya,Karnataka
571416,Nagamangala,Karnataka
571417,Malavalli,Karnataka
571418,Nagamangala,Karnataka
571419,Maddur,Karnataka
571421,Malavalli,Karnataka
571422,Malavalli,Karnataka
571423,Krishnarajpet,Karnataka
571424,Mandya,Karnataka
571426,Krishnarajpet,Karnataka
571427,Srirangapatna,Karnataka
571428,Mandya,Karnataka
571429,Maddur,Karnataka
571430,Malavalli,Karnataka
571431,Nagamangala,Karnataka
571432,Nagamangala,Karnataka
571433,Maddur,Karnataka
571434,Srirangapatna,Karnataka
571435,Srirangapatna,Karnataka
571436,Krishnarajpet,Karnataka
571438,Srirangapatna,Karnataka
571439,Kollegala,Karnataka
571440,Kollegala,Karnataka
571441,Kollegala,Karnataka
571442,Kollegala,Karnataka
571443,Kollegala,Karnataka
571444,Hanur,Karnataka
571445,Nagamangala,Karnataka
571446,Mandya,Karnataka
571448,Nagamangala,Karnataka
571450,Mandya,Karnataka
571455,Krishnarajpet,Karnataka
571457,Hanur,Karnataka
571463,Malavalli,Karnataka
571475,Malavalli,Karnataka
571476,Maddur,Karnataka
571477,Mysore,Karnataka
571478,Mandya,Karnataka
571511,Ramanagara,Karnataka
571601,Krishnarajngr,Karnataka
571602,Hunsur,Karnataka
571603,Krishnarajngr,Karnataka
571604,Krishnarajngr,Karnataka
571605,Krishnarajpet,Karnataka
571606,Mysore,Karnataka
571607,Mysore,Karnataka
571608,Krishnarajpet,Karnataka
571610,Hunsur,Karnataka
571617,Krishnarajngr,Karnataka
571801,Kollegala,Karnataka
571802,Nagamangala,Karnataka
571807,Srirangapatna,Karnataka
571811,Nagamangala,Karnataka
571812,Krishnarajpet,Karnataka
572101,Tumkur,Karnataka
572102,Tumkur,Karnataka
572103,Tumkur,Karnataka
572104,Tumkur,Karnataka
572105,Tumkur,Karnataka
572106,Tumkur,Karnataka
572107,Tumkur,Karnataka
572112,Madhugiri,Karnataka
572113,Sira,Karnataka
572114,Tiptur,Karnataka
572115,Sira,Karnataka
572116,Pavagada,Karnataka
572118,Tumkur,Karnataka
572119,Huliyar,Karnataka
572120,Kunigal,Karnataka
572121,Koratagere,Karnataka
572122,Tumkur,Karnataka
572124,Madhugiri,Karnataka
572125,Sira,Karnataka
572126,Kunigal,Karnataka
572128,Kora,Karnataka
572129,Koratagere,Karnataka
572130,Kunigal,Karnataka
572132,Madhugiri,Karnataka
572133,Madhugiri,Karnataka
572134,Kunigal,Karnataka
572135,Sira,Karnataka
572136,Pavagada,Karnataka
572137,Sira,Karnataka
572138,Kora,Karnataka
572139,Sira,Karnataka
572140,Dabaspete,Karnataka
572141,Pavagada,Karnataka
572142,Kunigal,Karnataka
572145,Tumkur,Karnataka
572168,Tumkur,Karnataka
572175,Madhugiri,Karnataka
572201,Tiptur,Karnataka
572211,Turuvukere,Karnataka
572212,Tiptur,Karnataka
572213,Kunigal,Karnataka
572214,Chikkanayakanahalli,Karnataka
572215,Turuvukere,Karnataka
572217,Tiptur,Karnataka
572218,Huliyar,Karnataka
572220,Turuvukere,Karnataka
572221,Turuvukere,Karnataka
572224,Tiptur,Karnataka
572225,Turuvukere,Karnataka
572226,Tiptur,Karnataka
572227,Turuvukere,Karnataka
572228,Huliyar,Karnataka
573101,Belur,Karnataka
573102,Ramanathapura,Karnataka
573103,Arsikere,Karnataka
573111,Channarayapatna,Karnataka
573112,Arsikere,Karnataka
573113,Ramanathapura,Karnataka
573115,Chikkamagalur,Karnataka
573116,Channarayapatna,Karnataka
573117,Arsikere,Karnataka
573118,Hassan,Karnataka
573119,Tiptur,Karnataka
573120,Hassan,Karnataka
573121,Belur,Karnataka
573122,Arsikere,Karnataka
573124,Channarayapatna,Karnataka
573125,Arsikere,Karnataka
573126,Hassan,Karnataka
573127,Sakleshpur,Karnataka
573128,Hassan,Karnataka
573129,Sakleshpur,Karnataka
573130,Ramanathapura,Karnataka
573131,Channarayapatna,Karnataka
573133,Ramanathapura,Karnataka
573134,Sakleshpur,Karnataka
573135,Channarayapatna,Karnataka
573136,Ramanathapura,Karnataka
573137,Shanivarasanthe,Karnataka
573141,Turuvukere,Karnataka
573142,Ramanathapura,Karnataka
573144,Arsikere,Karnataka
573147,Ramanathapura,Karnataka
573150,Ramanathapura,Karnataka
573162,Hassan,Karnataka
573164,Hassan,Karnataka
573165,Sakleshpur,Karnataka
573201,Hassan,Karnataka
573202,Hassan,Karnataka
573210,Ramanathapura,Karnataka
573211,Channarayapatna,Karnataka
573212,Hassan,Karnataka
573213,Hassan,Karnataka
573214,Sakleshpur,Karnataka
573215,Belur,Karnataka
573216,Hassan,Karnataka
573217,Hassan,Karnataka
573218,Hassan,Karnataka
573219,Hassan,Karnataka
573220,Hassan,Karnataka
573225,Channarayapatna,Karnataka
573226,Hassan,Karnataka
574101,Karkala,Karnataka
574102,Karkala,Karnataka
574103,Uchila,Karnataka
574104,Karkala,Karnataka
574105,Uchila,Karnataka
574106,Uchila,Karnataka
574107,Karkala,Karnataka
574108,Karkala,Karnataka
574109,Eedu,Karnataka
574110,Karkala,Karnataka
574111,Uchila,Karnataka
574112,Uchila,Karnataka
574113,Uchila,Karnataka
574114,Karkala,Karnataka
574115,Uchila,Karnataka
574116,Uchila,Karnataka
574117,Uchila,Karnataka
574118,Udupi,Karnataka
574119,Uchila,Karnataka
574122,Karkala,Karnataka
574129,Karkala,Karnataka
574138,Uchila,Karnataka
574139,Uchila,Karnataka
574141,Moodabidri,Karnataka
574142,Mangalore,Karnataka
574143,Mangalore,Karnataka
574144,Moodabidri,Karnataka
574145,Mangalore,Karnataka
574146,Surathkal,Karnataka
574148,Mangalore,Karnataka
574150,Surathkal,Karnataka
574151,Mangalore,Karnataka
574153,Ullal,Karnataka
574154,Surathkal,Karnataka
574158,Surathkal,Karnataka
574160,Ullal,Karnataka
574161,Ullal,Karnataka
574162,Moodabidri,Karnataka
574164,Moodabidri,Karnataka
574165,Mangalore,Karnataka
574166,Mangalore,Karnataka
574169,Mangalore,Karnataka
574173,Mangalore,Karnataka
574179,Surathkal,Karnataka
574189,Mangalore,Karnataka
574197,Moodabidri,Karnataka
574198,Dharmasthala,Karnataka
574199,Ullal,Karnataka
574201,Puttur,Karnataka
574202,Puttur,Karnataka
574203,Puttur,Karnataka
574210,Puttur,Karnataka
574211,Bantwal,Karnataka
574212,Sullia,Karnataka
574213,Moodabidri,Karnataka
574214,Dharmasthala,Karnataka
574216,Dharmasthala,Karnataka
574217,Dharmasthala,Karnataka
574218,Sullia,Karnataka
574219,Bantwal,Karnataka
574220,Puttur,Karnataka
574221,Kadaba,Karnataka
574222,Bantwal,Karnataka
574223,Sullia,Karnataka
574224,Dharmasthala,Karnataka
574225,Moodabidri,Karnataka
574226,Moodabidri,Karnataka
574227,Moodabidri,Karnataka
574228,Dharmasthala,Karnataka
574229,Kadaba,Karnataka
574230,Kadaba,Karnataka
574231,Bantwal,Karnataka
574232,Kadaba,Karnataka
574233,Bantwal,Karnataka
574234,Sullia,Karnataka
574235,Puttur,Karnataka
574236,Moodabidri,Karnataka
574237,Moodabidri,Karnataka
574238,Kadaba,Karnataka
574239,Sullia,Karnataka
574240,Dharmasthala,Karnataka
574241,Puttur,Karnataka
574242,Moodabidri,Karnataka
574243,Puttur,Karnataka
574244,Karkala,Karnataka
574248,Sullia,Karnataka
574253,Puttur,Karnataka
574258,Puttur,Karnataka
574259,Puttur,Karnataka
574260,Vitla,Karnataka
574264,Bantwal,Karnataka
574265,Bantwal,Karnataka
574266,Moodabidri,Karnataka
574267,Moodabidri,Karnataka
574274,Moodabidri,Karnataka
574279,Vitla,Karnataka
574285,Kadaba,Karnataka
574301,Bantwal,Karnataka
574313,Sullia,Karnataka
574314,Sullia,Karnataka
574323,Bantwal,Karnataka
574324,Bantwal,Karnataka
574325,Puttur,Karnataka
574326,Puttur,Karnataka
574327,Sullia,Karnataka
574328,Panja,Karnataka
574504,Uchila,Karnataka
574509,Mangalore,Karnataka
575001,Mangalore,Karnataka
575002,Mangalore,Karnataka
575003,Mangalore,Karnataka
575004,Mangalore,Karnataka
575005,Mangalore,Karnataka
575006,Mangalore,Karnataka
575007,Mangalore,Karnataka
575008,Mangalore,Karnataka
575009,Mangalore,Karnataka
575010,Mangalore,Karnataka
575011,Mangalore,Karnataka
575012,Mangalore,Karnataka
575013,Mangalore,Karnataka
575014,Mangalore,Karnataka
575015,Mangalore,Karnataka
575016,Mangalore,Karnataka
575017,Ullal,Karnataka
575018,Ullal,Karnataka
575019,Mangalore,Karnataka
575020,Ullal,Karnataka
575021,Surathkal,Karnataka
575022,Ullal,Karnataka
575023,Ullal,Karnataka
575024,Ullal,Karnataka
575025,Surathkal,Karnataka
575026,Mangalore,Karnataka
575027,Mangalore,Karnataka
575028,Mangalore,Karnataka
575029,Mangalore,Karnataka
575030,Mangalore,Karnataka
576001,Udupi,Karnataka
576101,Udupi,Karnataka
576102,Udupi,Karnataka
576103,Udupi,Karnataka
576104,Udupi,Karnataka
576105,Udupi,Karnataka
576106,Udupi,Karnataka
576107,Udupi,Karnataka
576108,Udupi,Karnataka
576111,Karkala,Karnataka
576112,Yellare,Karnataka
576113,Udupi,Karnataka
576114,Udupi,Karnataka
576115,Udupi,Karnataka
576117,Karkala,Karnataka
576120,Udupi,Karnataka
576121,Uchila,Karnataka
576122,Uchila,Karnataka
576124,Udupi,Karnataka
576126,Karkala,Karnataka
576127,Uchila,Karnataka
576201,Kundapura,Karnataka
576210,Udupi,Karnataka
576211,Kundapura,Karnataka
576212,Kundapura,Karnataka
576213,Udupi,Karnataka
576214,Bhatkal,Karnataka
576215,Udupi,Karnataka
576216,Kundapura,Karnataka
576217,Kundapura,Karnataka
576218,Udupi,Karnataka
576219,Byndoor,Karnataka
576220,Byndoor,Karnataka
576221,Kundapura,Karnataka
576222,Kundapura,Karnataka
576223,Manipal,Karnataka
576224,Kundapura,Karnataka
576225,Kundapura,Karnataka
576226,Kundapura,Karnataka
576227,Kundapura,Karnataka
576228,Bhatkal,Karnataka
576229,Kundapura,Karnataka
576230,Kundapura,Karnataka
576231,Kundapura,Karnataka
576232,Bhatkal,Karnataka
576233,Kundapura,Karnataka
576234,Manipal,Karnataka
576235,Kundapura,Karnataka
576244,Bhatkal,Karnataka
576247,Kundapura,Karnataka
576254,Kundapura,Karnataka
576257,Kundapura,Karnataka
576282,Kundapura,Karnataka
576283,Kundapura,Karnataka
577001,Davangere,Karnataka
577002,Davangere,Karnataka
577003,Davangere,Karnataka
577004,Davangere,Karnataka
577005,Davangere,Karnataka
577006,Davangere,Karnataka
577007,Davangere,Karnataka
577101,Chikkamagalur,Karnataka
577102,Chikkamagalur,Karnataka
577111,Chikkamagalur,Karnataka
577112,Sringeri,Karnataka
577113,Mudigere,Karnataka
577115,Shimoga,Karnataka
577116,Kadur,Karnataka
577118,Koppa-ka,Karnataka
577120,Koppa-ka,Karnataka
577121,Kalasa,Karnataka
577122,Mudigere,Karnataka
577123,Sringeri,Karnataka
577124,Kalasa,Karnataka
577125,Thirthahalli,Karnataka
577126,Koppa-ka,Karnataka
577127,Koppa-ka,Karnataka
577128,Shimoga,Karnataka
577129,Kadur,Karnataka
577131,Chikkamagalur,Karnataka
577132,Mudigere,Karnataka
577133,Chikkamagalur,Karnataka
577134,Koppa-ka,Karnataka
577135,Kadur,Karnataka
577138,Kadur,Karnataka
577139,Sringeri,Karnataka
577140,Kadur,Karnataka
577144,Bhadravati-KA,Karnataka
577145,Kadur,Karnataka
577146,Chikkamagalur,Karnataka
577168,Chikkamagalur,Karnataka
577175,Kadur,Karnataka
577179,Kalasa,Karnataka
577180,Kadur,Karnataka
577181,Kalasa,Karnataka
577182,Kadur,Karnataka
577201,Shimoga,Karnataka
577202,Shimoga,Karnataka
577203,Shimoga,Karnataka
577204,Shimoga,Karnataka
577205,Shimoga,Karnataka
577211,Shimoga,Karnataka
577213,Channagiri,Karnataka
577214,Shikaripur,Karnataka
577215,Channagiri,Karnataka
577216,Shimoga,Karnataka
577217,Honnali,Karnataka
577218,Channagiri,Karnataka
577219,Honnali,Karnataka
577220,Shimoga,Karnataka
577221,Channagiri,Karnataka
577222,Shimoga,Karnataka
577223,Honnali,Karnataka
577224,Honnali,Karnataka
577225,Shikaripur,Karnataka
577227,Shimoga,Karnataka
577228,Bhadravati-KA,Karnataka
577229,Shimoga,Karnataka
577230,Honnali,Karnataka
577231,Davangere,Karnataka
577232,Thirthahalli,Karnataka
577233,Bhadravati-KA,Karnataka
577243,Channagiri,Karnataka
577244,Sagara,Karnataka
577245,Bhadravati-KA,Karnataka
577246,Thirthahalli,Karnataka
577247,Bhadravati-KA,Karnataka
577301,Bhadravati-KA,Karnataka
577302,Bhadravati-KA,Karnataka
577303,Bhadravati-KA,Karnataka
577321,Bhadravati-KA,Karnataka
577401,Sagara,Karnataka
577411,Sringeri,Karnataka
577412,Thirthahalli,Karnataka
577414,Thirthahalli,Karnataka
577415,Thirthahalli,Karnataka
577416,Shimoga,Karnataka
577417,Sagara,Karnataka
577418,Hosanagar,Karnataka
577421,Siddapur,Karnataka
577422,Thirthahalli,Karnataka
577423,Thirthahalli,Karnataka
577425,Hosanagar,Karnataka
577426,Thirthahalli,Karnataka
577427,Shikaripur,Karnataka
577428,Shikaripur,Karnataka
577429,Soraba,Karnataka
577430,Sagara,Karnataka
577431,Shikaripur,Karnataka
577432,Thirthahalli,Karnataka
577433,Shikaripur,Karnataka
577434,Sagara,Karnataka
577435,Siddapur,Karnataka
577436,Thirthahalli,Karnataka
577440,Thirthahalli,Karnataka
577447,Shikaripur,Karnataka
577448,Thirthahalli,Karnataka
577450,Shikaripur,Karnataka
577451,Bhadravati-KA,Karnataka
577501,Chitradurga,Karnataka
577502,Chitradurga,Karnataka
577503,Chitradurga,Karnataka
577511,Hiriyur,Karnataka
577512,Davangere,Karnataka
577513,Jagaluru,Karnataka
577514,Davangere,Karnataka
577515,Hosadurga,Karnataka
577516,Ukkadagatri,Karnataka
577517,Jagaluru,Karnataka
577518,Davangere,Karnataka
577519,Chitradurga,Karnataka
577520,Chitradurga,Karnataka
577521,Chitradurga,Karnataka
577522,Challakere,Karnataka
577523,Channagiri,Karnataka
577525,Davangere,Karnataka
577526,Channagiri,Karnataka
577527,Hosadurga,Karnataka
577528,Jagaluru,Karnataka
577529,Molakalmuru,Karnataka
577530,Honnali,Karnataka
577531,Channagiri,Karnataka
577532,Chitradurga,Karnataka
577533,Hosadurga,Karnataka
577534,Davangere,Karnataka
577535,Molakalmuru,Karnataka
577536,Challakere,Karnataka
577538,Challakere,Karnataka
577539,Channagiri,Karnataka
577540,Molakalmuru,Karnataka
577541,Chitradurga,Karnataka
577542,Hosadurga,Karnataka
577543,Challakere,Karnataka
577544,Davangere,Karnataka
577545,Hiriyur,Karnataka
577546,Amarapuram,Karnataka
577547,Kadur,Karnataka
577548,Kadur,Karnataka
577549,Kadur,Karnataka
577550,Kadur,Karnataka
577551,Davangere,Karnataka
577552,Channagiri,Karnataka
577553,Jagaluru,Karnataka
577554,Channagiri,Karnataka
577555,Chitradurga,Karnataka
577556,Davangere,Karnataka
577557,Channagiri,Karnataka
577558,Hiriyur,Karnataka
577566,Davangere,Karnataka
577571,Chitradurga,Karnataka
577573,Davangere,Karnataka
577588,Davangere,Karnataka
577589,Davangere,Karnataka
577591,Davangere,Karnataka
577596,Hiriyur,Karnataka
577597,Hosadurga,Karnataka
577598,Hiriyur,Karnataka
577599,Hiriyur,Karnataka
577601,Davangere,Karnataka
580001,Dharwad,Karnataka
580002,Dharwad,Karnataka
580003,Dharwad,Karnataka
580004,Dharwad,Karnataka
580005,Dharwad,Karnataka
580006,Dharwad,Karnataka
580007,Dharwad,Karnataka
580008,Dharwad,Karnataka
580009,Dharwad,Karnataka
580010,Hubli,Karnataka
580011,Dharwad,Karnataka
580020,Hubli,Karnataka
580021,Hubli,Karnataka
580022,Hubli,Karnataka
580023,Hubli,Karnataka
580024,Hubli,Karnataka
580025,Hubli,Karnataka
580026,Hubli,Karnataka
580027,Hubli,Karnataka
580028,Hubli,Karnataka
580029,Hubli,Karnataka
580030,Hubli,Karnataka
580031,Hubli,Karnataka
580032,Hubli,Karnataka
580112,Dharwad,Karnataka
580114,Hubli,Karnataka
580118,Dharwad,Karnataka
580213,Hubli,Karnataka
581101,Haveri,Karnataka
581102,Hangal,Karnataka
581103,Alnavar,Karnataka
581104,Hangal,Karnataka
581105,Dharwad,Karnataka
581106,Ranebennur,Karnataka
581107,Laxmeshwar,Karnataka
581108,Haveri,Karnataka
581109,Hirekerur,Karnataka
581110,Haveri,Karnataka
581111,Hirekerur,Karnataka
581112,Haveri,Karnataka
581113,Hubli,Karnataka
581115,Ranebennur,Karnataka
581116,Ukkadagatri,Karnataka
581117,Laxmeshwar,Karnataka
581119,Ukkadagatri,Karnataka
581120,Byadagi,Karnataka
581121,Alnavar,Karnataka
581123,Davangere,Karnataka
581128,Haveri,Karnataka
581129,Dandeli,Karnataka
581132,Haveri,Karnataka
581140,Hubli,Karnataka
581143,Ranebennur,Karnataka
581145,Ranebennur,Karnataka
581148,Haveri,Karnataka
581153,Haveri,Karnataka
581165,Rona,Karnataka
581175,Dharwad,Karnataka
581195,Kalaghatgi,Karnataka
581196,Hubli,Karnataka
581198,Byadagi,Karnataka
581199,Hangal,Karnataka
581201,Dharwad,Karnataka
581202,Haveri,Karnataka
581203,Hangal,Karnataka
581206,Kittur,Karnataka
581207,Hubli,Karnataka
581208,Ranebennur,Karnataka
581209,Navalgund,Karnataka
581210,Ukkadagatri,Karnataka
581211,Ranebennur,Karnataka
581212,Kalaghatgi,Karnataka
581213,Laxmeshwar,Karnataka
581231,Hubli,Karnataka
581234,Hubli,Karnataka
581301,Karwar,Karnataka
581302,Karwar,Karnataka
581303,Karwar,Karnataka
581304,Karwar,Karnataka
581305,Karwar,Karnataka
581306,Karwar,Karnataka
581307,Karwar,Karnataka
581308,Karwar,Karnataka
581314,Ankola,Karnataka
581316,Ankola,Karnataka
581317,Karwar,Karnataka
581318,Sirsi,Karnataka
581319,Ankola,Karnataka
581320,Bhatkal,Karnataka
581321,Ankola,Karnataka
581322,Siddapur,Karnataka
581323,Kumta,Karnataka
581324,Karwar,Karnataka
581325,Dandeli,Karnataka
581326,Ankola,Karnataka
581327,Honnavar,Karnataka
581328,Karwar,Karnataka
581329,Dandeli,Karnataka
581330,Kumta,Karnataka
581331,Siddapur,Karnataka
581332,Kumta,Karnataka
581333,Kumta,Karnataka
581334,Honnavar,Karnataka
581335,Honnavar,Karnataka
581336,Sirsi,Karnataka
581337,Yellapur,Karnataka
581338,Honnavar,Karnataka
581339,Karwar,Karnataka
581340,Sirsi,Karnataka
581341,Honnavar,Karnataka
581342,Honnavar,Karnataka
581343,Kumta,Karnataka
581344,Ankola,Karnataka
581345,Karwar,Karnataka
581346,Sirsi,Karnataka
581347,Yellapur,Karnataka
581348,Honnavar,Karnataka
581349,Mundgod,Karnataka
581350,Bhatkal,Karnataka
581351,Kumta,Karnataka
581352,Karwar,Karnataka
581353,Ankola,Karnataka
581354,Bhatkal,Karnataka
581355,Siddapur,Karnataka
581356,Dandeli,Karnataka
581357,Ankola,Karnataka
581358,Sirsi,Karnataka
581359,Yellapur,Karnataka
581360,Karwar,Karnataka
581361,Honnavar,Karnataka
581362,Kumta,Karnataka
581363,Dandeli,Karnataka
581365,Dandeli,Karnataka
581396,Mallapur,Karnataka
581400,Mallapur,Karnataka
581401,Sirsi,Karnataka
581402,Sirsi,Karnataka
581403,Sirsi,Karnataka
581411,Mundgod,Karnataka
581412,Yellapur,Karnataka
581421,Bhatkal,Karnataka
581423,Honnavar,Karnataka
581440,Kumta,Karnataka
581450,Sirsi,Karnataka
581453,Alnavar,Karnataka
582101,Gadag,Karnataka
582102,Gadag,Karnataka
582103,Gadag,Karnataka
582111,Rona,Karnataka
582112,Laxmeshwar,Karnataka
582113,Hoovina Hadagali,Karnataka
582114,Yelburga,Karnataka
582115,Gadag,Karnataka
582116,Laxmeshwar,Karnataka
582117,Laxmeshwar,Karnataka
582118,Hoovina Hadagali,Karnataka
582119,Rona,Karnataka
582120,Laxmeshwar,Karnataka
582123,Gadag,Karnataka
582201,Gadag,Karnataka
582202,Rona,Karnataka
582203,Rona,Karnataka
582204,Gadag,Karnataka
582205,Gadag,Karnataka
582206,Kerur,Karnataka
582207,Navalgund,Karnataka
582208,Navalgund,Karnataka
582209,Rona,Karnataka
582210,Laxmeshwar,Karnataka
582211,Rona,Karnataka
582217,Rona,Karnataka
582222,Dharwad,Karnataka
582234,Bagalkot,Karnataka
583101,Bellary,Karnataka
583102,Bellary,Karnataka
583103,Bellary,Karnataka
583104,Bellary,Karnataka
583105,Bellary,Karnataka
583111,Bellary,Karnataka
583114,Siruguppa,Karnataka
583115,Bellary,Karnataka
583116,Bellary,Karnataka
583117,Bellary,Karnataka
583118,Toranagallu,Karnataka
583119,Toranagallu,Karnataka
583120,Kurugodu,Karnataka
583121,Siruguppa,Karnataka
583122,Siruguppa,Karnataka
583123,Bellary,Karnataka
583124,Toranagallu,Karnataka
583125,Harpanahalli,Karnataka
583126,Molakalmuru,Karnataka
583127,Harpanahalli,Karnataka
583128,Kudligi,Karnataka
583130,Molakalmuru,Karnataka
583131,Harpanahalli,Karnataka
583132,Gangavathi,Karnataka
583134,Kotturu,Karnataka
583135,Kotturu,Karnataka
583136,Kotturu,Karnataka
583137,Harpanahalli,Karnataka
583138,Bellary,Karnataka
583152,Bellary,Karnataka
583153,Bellary,Karnataka
583154,Siruguppa,Karnataka
583155,Kurugodu,Karnataka
583201,Hospet,Karnataka
583202,Hospet,Karnataka
583203,Hospet,Karnataka
583204,Bellary,Karnataka
583211,Hospet,Karnataka
583212,Hagaribommanahalli,Karnataka
583213,Harpanahalli,Karnataka
583214,Hoovina Hadagali,Karnataka
583215,Hospet,Karnataka
583216,Haveri,Karnataka
583217,Haveri,Karnataka
583218,Kudligi,Karnataka
583219,Hoovina Hadagali,Karnataka
583220,Hagaribommanahalli,Karnataka
583221,Hospet,Karnataka
583222,Hospet,Karnataka
583223,Hospet,Karnataka
583224,Hagaribommanahalli,Karnataka
583225,Hospet,Karnataka
583226,Hoovina Hadagali,Karnataka
583227,Gangavathi,Karnataka
583228,Hospet,Karnataka
583229,Sindhanur,Karnataka
583230,Koppal,Karnataka
583231,Koppal,Karnataka
583232,Yelburga,Karnataka
583233,Hospet,Karnataka
583234,Hospet,Karnataka
583235,Gangavathi,Karnataka
583236,Yelburga,Karnataka
583237,Kushtagi,Karnataka
583238,Koppal,Karnataka
583239,Hospet,Karnataka
583268,Gangavathi,Karnataka
583275,Bellary,Karnataka
583276,Bellary,Karnataka
583277,Kushtagi,Karnataka
583278,Kushtagi,Karnataka
583279,Kushtagi,Karnataka
583280,Ilkal,Karnataka
583281,Hungund,Karnataka
583282,Gangavathi,Karnataka
583283,Gangavathi,Karnataka
583284,Yelburga,Karnataka
583285,Koppal,Karnataka
583287,Koppal,Karnataka
584101,Raichur,Karnataka
584102,Raichur,Karnataka
584103,Raichur,Karnataka
584104,Raichur,Karnataka
584111,Devadurga,Karnataka
584113,Devadurga,Karnataka
584115,Lingasugur,Karnataka
584116,Devadurga,Karnataka
584118,Raichur,Karnataka
584122,Lingasugur,Karnataka
584123,Manvi,Karnataka
584124,Lingasugur,Karnataka
584125,Lingasugur,Karnataka
584126,Devadurga,Karnataka
584128,Sindhanur,Karnataka
584130,Gangavathi,Karnataka
584132,Sindhanur,Karnataka
584133,Raichur,Karnataka
584134,Raichur,Karnataka
584135,Raichur,Karnataka
584138,Sindhanur,Karnataka
584139,Lingasugur,Karnataka
584140,Raichur,Karnataka
584143,Manvi,Karnataka
584167,Siruguppa,Karnataka
584170,Raichur,Karnataka
584201,Raichur,Karnataka
584202,Raichur,Karnataka
584203,Manvi,Karnataka
585101,Gulbarga,Karnataka
585102,Gulbarga,Karnataka
585103,Gulbarga,Karnataka
585104,Gulbarga,Karnataka
585105,Gulbarga,Karnataka
585106,Gulbarga,Karnataka
585109,Gulbarga,Karnataka
585201,Yadgir,Karnataka
585202,Yadgir,Karnataka
585210,Sedam,Karnataka
585211,Chittapur,Karnataka
585212,Afzalpur,Karnataka
585213,Gulbarga,Karnataka
585214,Gurmatkal,Karnataka
585216,Talikoti,Karnataka
585217,Afzalpur,Karnataka
585218,Chittapur,Karnataka
585219,Talikoti,Karnataka
585220,Shorapur,Karnataka
585222,Sedam,Karnataka
585223,Shahapur,Karnataka
585224,Shorapur,Karnataka
585225,Chittapur,Karnataka
585228,Chittapur,Karnataka
585229,Chittapur,Karnataka
585237,Talikoti,Karnataka
585244,Aland,Karnataka
585259,Aurad,Karnataka
585260,Gulbarga,Karnataka
585283,Shorapur,Karnataka
585287,Shahapur,Karnataka
585290,Shorapur,Karnataka
585292,Sedam,Karnataka
585301,Afzalpur,Karnataka
585302,Aland,Karnataka
585303,Jewargi,Karnataka
585304,Shorapur,Karnataka
585305,Chincholi,Karnataka
585306,Chincholi,Karnataka
585307,Chincholi,Karnataka
585308,Gulbarga,Karnataka
585309,Shahapur,Karnataka
585310,Jewargi,Karnataka
585311,Aland,Karnataka
585313,Humnabad,Karnataka
585314,Aland,Karnataka
585316,Aland,Karnataka
585317,Chittapur,Karnataka
585318,Sedam,Karnataka
585319,Yadgir,Karnataka
585320,Sedam,Karnataka
585321,Yadgir,Karnataka
585322,Humnabad,Karnataka
585323,Shorapur,Karnataka
585324,Chincholi,Karnataka
585326,Aurad,Karnataka
585327,Hulsoor,Karnataka
585328,Hulsoor,Karnataka
585329,Humnabad,Karnataka
585330,Humnabad,Karnataka
585331,Humnabad,Karnataka
585333,Ilkal,Karnataka
585353,Humnabad,Karnataka
585367,Aland,Karnataka
585401,Bidar,Karnataka
585402,Bidar,Karnataka
585403,Bidar,Karnataka
585411,Hulsoor,Karnataka
585412,Humnabad,Karnataka
585413,Bidar,Karnataka
585416,Hulsoor,Karnataka
585417,Aurad,Karnataka
585418,Humnabad,Karnataka
585419,Hulsoor,Karnataka
585421,Aurad,Karnataka
585422,Bidar,Karnataka
585423,Bidar,Karnataka
585425,Bidar,Karnataka
585427,Bidar,Karnataka
585428,Bidar,Karnataka
585429,Bidar,Karnataka
585431,Bidar,Karnataka
585436,Aurad,Karnataka
585437,Hulsoor,Karnataka
585441,Bidar,Karnataka
585443,Aurad,Karnataka
585444,Hulsoor,Karnataka
586101,Bijapur,Karnataka
586102,Bijapur,Karnataka
586103,Bijapur,Karnataka
586104,Bijapur,Karnataka
586105,Bijapur,Karnataka
586106,Bijapur,Karnataka
586108,Bijapur,Karnataka
586109,Bijapur,Karnataka
586111,Indi,Karnataka
586112,Indi,Karnataka
586113,Bijapur,Karnataka
586115,Sindagi,Karnataka
586116,Muddebihal,Karnataka
586117,Indi,Karnataka
586118,Talikoti,Karnataka
586119,Bijapur,Karnataka
586120,Sindagi,Karnataka
586121,Kolhar,Karnataka
586122,Bijapur,Karnataka
586123,Sindagi,Karnataka
586124,Muddebihal,Karnataka
586125,Bijapur,Karnataka
586127,Bijapur,Karnataka
586128,Sindagi,Karnataka
586129,Muddebihal,Karnataka
586130,Bijapur,Karnataka
586142,Sindagi,Karnataka
586201,Muddebihal,Karnataka
586202,Sindagi,Karnataka
586203,Basavana Bagewadi,Karnataka
586204,Indi,Karnataka
586205,Indi,Karnataka
586206,Sindagi,Karnataka
586207,Indi,Karnataka
586208,Talikoti,Karnataka
586209,Indi,Karnataka
586210,Kolhar,Karnataka
586211,Indi,Karnataka
586212,Muddebihal,Karnataka
586213,Muddebihal,Karnataka
586214,Talikoti,Karnataka
586215,Indi,Karnataka
586216,Kolhar,Karnataka
586217,Indi,Karnataka
586220,Sindagi,Karnataka
586227,Indi,Karnataka
586242,Indi,Karnataka
586245,Muddebihal,Karnataka
587101,Bagalkot,Karnataka
587102,Bagalkot,Karnataka
587103,Bagalkot,Karnataka
587104,Kerur,Karnataka
587111,Bagalkot,Karnataka
587112,Hungund,Karnataka
587113,Mudhol,Karnataka
587114,Rona,Karnataka
587115,Muddebihal,Karnataka
587116,Bagalkot,Karnataka
587117,Mudhol,Karnataka
587118,Hungund,Karnataka
587119,Jamkhandi,Karnataka
587120,Bagalkot,Karnataka
587121,Mudhol,Karnataka
587122,Mudhol,Karnataka
587125,Hungund,Karnataka
587126,Bagalkot,Karnataka
587128,Bagalkot,Karnataka
587134,Mudhol,Karnataka
587135,Jamkhandi,Karnataka
587154,Hungund,Karnataka
587156,Kerur,Karnataka
587201,Badami,Karnataka
587202,Hungund,Karnataka
587203,Kerur,Karnataka
587204,Bagalkot,Karnataka
587205,Bagalkot,Karnataka
587206,Kerur,Karnataka
587207,Muddebihal,Karnataka
587301,Jamkhandi,Karnataka
587311,Jamkhandi,Karnataka
587312,Mahalingpur,Karnataka
587313,Mudhol,Karnataka
587314,Mahalingpur,Karnataka
587315,Mahalingpur,Karnataka
587316,Mahalingpur,Karnataka
587317,Mudhol,Karnataka
587319,Mudhol,Karnataka
587330,Jamkhandi,Karnataka
590001,Belgaum,Karnataka
590002,Belgaum,Karnataka
590003,Belgaum,Karnataka
590004,Belgaum,Karnataka
590005,Belgaum,Karnataka
590006,Belgaum,Karnataka
590007,Belgaum,Karnataka
590008,Belgaum,Karnataka
590009,Belgaum,Karnataka
590010,Belgaum,Karnataka
590011,Belgaum,Karnataka
590012,Belgaum,Karnataka
590013,Belgaum,Karnataka
590014,Belgaum,Karnataka
590015,Belgaum,Karnataka
590016,Belgaum,Karnataka
590017,Belgaum,Karnataka
590018,Belgaum,Karnataka
590019,Belgaum,Karnataka
590020,Belgaum,Karnataka
591102,Bailhongal,Karnataka
591103,Belgaum,Karnataka
591104,Bailhongal,Karnataka
591106,Kittur,Karnataka
591107,Gokak,Karnataka
591108,Belgaum,Karnataka
591109,Bailhongal,Karnataka
591110,Saundatti,Karnataka
591111,Saundatti,Karnataka
591112,Kittur,Karnataka
591113,Belgaum,Karnataka
591114,Ramdurg,Karnataka
591115,Kittur,Karnataka
591116,Saundatti,Karnataka
591117,Saundatti,Karnataka
591118,Kittur,Karnataka
591119,Bailhongal,Karnataka
591120,Khanapur,Karnataka
591121,Bailhongal,Karnataka
591123,Ramdurg,Karnataka
591124,Belgaum,Karnataka
591125,Bailhongal,Karnataka
591126,Saundatti,Karnataka
591127,Ramdurg,Karnataka
591128,Belgaum,Karnataka
591129,Yaragatti,Karnataka
591131,Khanapur,Karnataka
591135,Belgaum,Karnataka
591136,Mudhol,Karnataka
591139,Belgaum,Karnataka
591143,Belgaum,Karnataka
591146,Belgaum,Karnataka
591147,Bailhongal,Karnataka
591153,Kittur,Karnataka
591156,Belgaum,Karnataka
591173,Athani,Karnataka
591181,Belgaum,Karnataka
591182,Belgaum,Karnataka
591201,Chikodi,Karnataka
591211,Nipani,Karnataka
591212,Athani,Karnataka
591213,Chikodi,Karnataka
591214,Chikodi,Karnataka
591215,Nipani,Karnataka
591216,Chikodi,Karnataka
591217,Raibag,Karnataka
591218,Gokak,Karnataka
591219,Nipani,Karnataka
591220,Raibag,Karnataka
591221,Hukkeri,Karnataka
591222,Chikodi,Karnataka
591223,Ugar,Karnataka
591225,Nipani,Karnataka
591226,Chikodi,Karnataka
591228,Chikodi,Karnataka
591229,Nipani,Karnataka
591230,Athani,Karnataka
591231,Gokak,Karnataka
591232,Athani,Karnataka
591233,Gokak,Karnataka
591234,Athani,Karnataka
591235,Mahalingpur,Karnataka
591236,Chikodi,Karnataka
591237,Nipani,Karnataka
591238,Nipani,Karnataka
591239,Chikodi,Karnataka
591240,Athani,Karnataka
591241,Nipani,Karnataka
591242,Chikodi,Karnataka
591243,Belgaum,Karnataka
591244,Chikodi,Karnataka
591246,Belgaum,Karnataka
591247,Chikodi,Karnataka
591248,Athani,Karnataka
591254,Hukkeri,Karnataka
591256,Athani,Karnataka
591262,Athani,Karnataka
591263,Nipani,Karnataka
591264,Chikodi,Karnataka
591281,Chikodi,Karnataka
591282,Chikodi,Karnataka
591287,Chikodi,Karnataka
591297,Chikodi,Karnataka
591301,Alnavar,Karnataka
591302,Khanapur,Karnataka
591303,Athani,Karnataka
591304,Athani,Karnataka
591305,Chikodi,Karnataka
591306,Gokak,Karnataka
591307,Gokak,Karnataka
591308,Gokak,Karnataka
591309,Chikodi,Karnataka
591310,Mahalingpur,Karnataka
591311,Raibag,Karnataka
591312,Mahalingpur,Karnataka
591313,Hukkeri,Karnataka
591314,Chikodi,Karnataka
591315,Ugar,Karnataka
591316,Ugar,Karnataka
591317,Raibag,Karnataka
591318,Gokak,Karnataka
591322,Athani,Karnataka
591339,Chikodi,Karnataka
591340,Hukkeri,Karnataka
591344,Gokak,Karnataka
591346,Gokak,Karnataka
591509,Gokak,Karnataka
591510,Hukkeri,Karnataka
591516,Gokak,Karnataka
600001,Chennai,Tamil Nadu
600002,Chennai,Tamil Nadu
600003,Chennai,Tamil Nadu
600004,Chennai,Tamil Nadu
600005,Chennai,Tamil Nadu
600006,Chennai,Tamil Nadu
600007,Chennai,Tamil Nadu
600008,Chennai,Tamil Nadu
600009,Chennai,Tamil Nadu
600010,Chennai,Tamil Nadu
600011,Chennai,Tamil Nadu
600012,Chennai,Tamil Nadu
600013,Chennai,Tamil Nadu
600014,Chennai,Tamil Nadu
600015,Chennai,Tamil Nadu
600016,Chennai,Tamil Nadu
600017,Chennai,Tamil Nadu
600018,Chennai,Tamil Nadu
600019,Chennai,Tamil Nadu
600020,Chennai,Tamil Nadu
600021,Chennai,Tamil Nadu
600022,Chennai,Tamil Nadu
600023,Chennai,Tamil Nadu
600024,Chennai,Tamil Nadu
600025,Chennai,Tamil Nadu
600026,Chennai,Tamil Nadu
600027,Chennai,Tamil Nadu
600028,Chennai,Tamil Nadu
600029,Chennai,Tamil Nadu
600030,Chennai,Tamil Nadu
600031,Chennai,Tamil Nadu
600032,Chennai,Tamil Nadu
600033,Chennai,Tamil Nadu
600034,Chennai,Tamil Nadu
600035,Chennai,Tamil Nadu
600036,Chennai,Tamil Nadu
600037,Chennai,Tamil Nadu
600038,Chennai,Tamil Nadu
600039,Chennai,Tamil Nadu
600040,Chennai,Tamil Nadu
600041,Chennai,Tamil Nadu
600042,Chennai,Tamil Nadu
600043,Chennai,Tamil Nadu
600044,Chennai,Tamil Nadu
600045,Chennai,Tamil Nadu
600046,Chennai,Tamil Nadu
600047,Chennai,Tamil Nadu
600048,Chennai,Tamil Nadu
600049,Chennai,Tamil Nadu
600050,Chennai,Tamil Nadu
600051,Chennai,Tamil Nadu
600052,Chennai,Tamil Nadu
600053,Chennai,Tamil Nadu
600054,Chennai,Tamil Nadu
600055,Chennai,Tamil Nadu
600056,Chennai,Tamil Nadu
600057,Chennai,Tamil Nadu
600058,Chennai,Tamil Nadu
600059,Chennai,Tamil Nadu
600060,Chennai,Tamil Nadu
600061,Chennai,Tamil Nadu
600062,Chennai,Tamil Nadu
600063,Chennai,Tamil Nadu
600064,Chennai,Tamil Nadu
600065,Chennai,Tamil Nadu
600066,Chennai,Tamil Nadu
600067,Gummudipoondi,Tamil Nadu
600068,Chennai,Tamil Nadu
600069,Chennai,Tamil Nadu
600070,Chennai,Tamil Nadu
600071,Chennai,Tamil Nadu
600072,Chennai,Tamil Nadu
600073,Chennai,Tamil Nadu
600074,Chennai,Tamil Nadu
600075,Chennai,Tamil Nadu
600076,Chennai,Tamil Nadu
600077,Chennai,Tamil Nadu
600078,Chennai,Tamil Nadu
600079,Chennai,Tamil Nadu
600080,Chennai,Tamil Nadu
600081,Chennai,Tamil Nadu
600082,Chennai,Tamil Nadu
600083,Chennai,Tamil Nadu
600084,Chennai,Tamil Nadu
600085,Chennai,Tamil Nadu
600086,Chennai,Tamil Nadu
600087,Chennai,Tamil Nadu
600088,Chennai,Tamil Nadu
600089,Chennai,Tamil Nadu
600090,Chennai,Tamil Nadu
600091,Chennai,Tamil Nadu
600092,Chennai,Tamil Nadu
600093,Chennai,Tamil Nadu
600094,Chennai,Tamil Nadu
600095,Chennai,Tamil Nadu
600096,Chennai,Tamil Nadu
600097,Chennai,Tamil Nadu
600098,Chennai,Tamil Nadu
600099,Chennai,Tamil Nadu
600100,Chennai,Tamil Nadu
600101,Chennai,Tamil Nadu
600102,Chennai,Tamil Nadu
600103,Chennai,Tamil Nadu
600104,Chennai,Tamil Nadu
600105,Chennai,Tamil Nadu
600106,Chennai,Tamil Nadu
600107,Chennai,Tamil Nadu
600108,Chennai,Tamil Nadu
600109,Chennai,Tamil Nadu
600110,Chennai,Tamil Nadu
600111,Chennai,Tamil Nadu
600112,Chennai,Tamil Nadu
600113,Chennai,Tamil Nadu
600114,Chennai,Tamil Nadu
600115,Chennai,Tamil Nadu
600116,Chennai,Tamil Nadu
600117,Chennai,Tamil Nadu
600118,Chennai,Tamil Nadu
600119,Chennai,Tamil Nadu
600120,Chennai,Tamil Nadu
600121,Chennai,Tamil Nadu
600122,Chennai,Tamil Nadu
600123,Chennai,Tamil Nadu
600124,Chennai,Tamil Nadu
600125,Chennai,Tamil Nadu
600126,Chennai,Tamil Nadu
600127,Chennai,Tamil Nadu
600128,Chennai,Tamil Nadu
600129,Chennai,Tamil Nadu
600130,Chennai,Tamil Nadu
600131,Chennai,Tamil Nadu
601101,Gummudipoondi,Tamil Nadu
601102,Gummudipoondi,Tamil Nadu
601103,Tiruvallur,Tamil Nadu
601201,Gummudipoondi,Tamil Nadu
601202,Gummudipoondi,Tamil Nadu
601203,Gummudipoondi,Tamil Nadu
601204,Gummudipoondi,Tamil Nadu
601205,Gummudipoondi,Tamil Nadu
601206,Gummudipoondi,Tamil Nadu
601207,Gummudipoondi,Tamil Nadu
601301,Chennai,Tamil Nadu
601302,Chennai,Tamil Nadu
601303,Chennai,Tamil Nadu
602001,Tiruvallur,Tamil Nadu
602002,Tiruvallur,Tamil Nadu
602003,Tiruvallur,Tamil Nadu
602021,Tiruvallur,Tamil Nadu
602022,Tiruvallur,Tamil Nadu
602023,Tiruvallur,Tamil Nadu
602024,Chennai,Tamil Nadu
602025,Chennai,Tamil Nadu
602026,Gummudipoondi,Tamil Nadu
602027,Tiruvallur,Tamil Nadu
602101,Chennai,Tamil Nadu
602102,Chennai,Tamil Nadu
602103,Chennai,Tamil Nadu
602105,Sriperumbudur,Tamil Nadu
602106,Sriperumbudur,Tamil Nadu
602107,Chennai,Tamil Nadu
602108,Sriperumbudur,Tamil Nadu
602109,Sriperumbudur,Tamil Nadu
602117,Sriperumbudur,Tamil Nadu
603001,Chengalpattu,Tamil Nadu
603002,Chengalpattu,Tamil Nadu
603003,Chengalpattu,Tamil Nadu
603004,Chengalpattu,Tamil Nadu
603048,Chennai,Tamil Nadu
603101,Chengalpattu,Tamil Nadu
603102,Kalpakkam,Tamil Nadu
603103,Chennai,Tamil Nadu
603104,Kalpakkam,Tamil Nadu
603105,Kalpakkam,Tamil Nadu
603106,Chengalpattu,Tamil Nadu
603107,Chengalpattu,Tamil Nadu
603108,Chennai,Tamil Nadu
603109,Kalpakkam,Tamil Nadu
603110,Chennai,Tamil Nadu
603111,Chengalpattu,Tamil Nadu
603112,Chennai,Tamil Nadu
603113,Tiruvallur,Tamil Nadu
603127,Kalpakkam,Tamil Nadu
603201,Melmaruvathur,Tamil Nadu
603202,Chennai,Tamil Nadu
603203,Chennai,Tamil Nadu
603204,Chengalpattu,Tamil Nadu
603209,Chennai,Tamil Nadu
603210,Chennai,Tamil Nadu
603211,Chennai,Tamil Nadu
603301,Melmaruvathur,Tamil Nadu
603302,Kalpakkam,Tamil Nadu
603303,Chengalpattu,Tamil Nadu
603304,Kalpakkam,Tamil Nadu
603305,Kalpakkam,Tamil Nadu
603306,Chengalpattu,Tamil Nadu
603307,Tindivanam,Tamil Nadu
603308,Chengalpattu,Tamil Nadu
603309,Melmaruvathur,Tamil Nadu
603310,Melmaruvathur,Tamil Nadu
603311,Melmaruvathur,Tamil Nadu
603312,Melmaruvathur,Tamil Nadu
603313,Melmaruvathur,Tamil Nadu
603314,Chengalpattu,Tamil Nadu
603318,Kanchipuram,Tamil Nadu
603319,Melmaruvathur,Tamil Nadu
603401,Marakkanam,Tamil Nadu
603402,Vandavasi,Tamil Nadu
603403,Cheyyar,Tamil Nadu
603405,Chengalpattu,Tamil Nadu
603406,Melmaruvathur,Tamil Nadu
604001,Tindivanam,Tamil Nadu
604101,Tindivanam,Tamil Nadu
604102,Tindivanam,Tamil Nadu
604103,Tindivanam,Tamil Nadu
604151,Gingee,Tamil Nadu
604152,Gingee,Tamil Nadu
604153,Gingee,Tamil Nadu
604154,Tindivanam,Tamil Nadu
604201,Gingee,Tamil Nadu
604202,Gingee,Tamil Nadu
604203,Gingee,Tamil Nadu
604204,Chetpet,Tamil Nadu
604205,Gingee,Tamil Nadu
604206,Tindivanam,Tamil Nadu
604207,Tindivanam,Tamil Nadu
604208,Chetpet,Tamil Nadu
604210,Gingee,Tamil Nadu
604301,Tindivanam,Tamil Nadu
604302,Tindivanam,Tamil Nadu
604303,Marakkanam,Tamil Nadu
604304,Tindivanam,Tamil Nadu
604305,Tindivanam,Tamil Nadu
604306,Tindivanam,Tamil Nadu
604307,Tindivanam,Tamil Nadu
604401,Cheyyar,Tamil Nadu
604402,Cheyyar,Tamil Nadu
604403,Vandavasi,Tamil Nadu
604404,Cheyyar,Tamil Nadu
604405,Vandavasi,Tamil Nadu
604406,Tindivanam,Tamil Nadu
604407,Cheyyar,Tamil Nadu
604408,Cheyyar,Tamil Nadu
604409,Cheyyar,Tamil Nadu
604410,Kanchipuram,Tamil Nadu
604501,Chetpet,Tamil Nadu
604502,Chetpet,Tamil Nadu
604503,Chetpet,Tamil Nadu
604504,Arani,Tamil Nadu
604505,Cheyyar,Tamil Nadu
604601,Tiruvannamalai,Tamil Nadu
605001,Pondicherry,Puducherry (UT)
605002,Pondicherry,Puducherry (UT)
605003,Pondicherry,Puducherry (UT)
605004,Pondicherry,Puducherry (UT)
605005,Pondicherry,Puducherry (UT)
605006,Pondicherry,Puducherry (UT)
605007,Pondicherry,Puducherry (UT)
605008,Pondicherry,Puducherry (UT)
605009,Pondicherry,Puducherry (UT)
605010,Pondicherry,Puducherry (UT)
605011,Pondicherry,Puducherry (UT)
605012,Pondicherry,Puducherry (UT)
605013,Pondicherry,Puducherry (UT)
605014,Pondicherry,Puducherry (UT)
605101,Pondicherry,Puducherry (UT)
605102,Pondicherry,Puducherry (UT)
605103,Viluppuram,Puducherry (UT)
605104,Pondicherry,Puducherry (UT)
605105,Viluppuram,Puducherry (UT)
605106,Pondicherry,Puducherry (UT)
605107,Pondicherry,Puducherry (UT)
605108,Viluppuram,Puducherry (UT)
605109,Pondicherry,Puducherry (UT)
605110,Pondicherry,Puducherry (UT)
605111,Pondicherry,Puducherry (UT)
605201,Gingee,Puducherry (UT)
605202,Viluppuram,Puducherry (UT)
605203,Viluppuram,Puducherry (UT)
605301,Viluppuram,Puducherry (UT)
605302,Viluppuram,Puducherry (UT)
605401,Viluppuram,Puducherry (UT)
605402,Viluppuram,Puducherry (UT)
605501,Villupuram,Puducherry (UT)
605502,Pondicherry,Puducherry (UT)
605601,Viluppuram,Puducherry (UT)
605602,Viluppuram,Puducherry (UT)
605604,Viluppuram,Puducherry (UT)
605651,Gingee,Puducherry (UT)
605652,Viluppuram,Puducherry (UT)
605701,Thirukoilure,Puducherry (UT)
605702,Sankarapuram,Puducherry (UT)
605752,Thirukoilure,Puducherry (UT)
605754,Thirukoilure,Puducherry (UT)
605755,Viluppuram,Puducherry (UT)
605756,Thirukoilure,Puducherry (UT)
605757,Thirukoilure,Puducherry (UT)
605758,Thirukoilure,Puducherry (UT)
605759,Thirukoilure,Puducherry (UT)
605766,Thirukoilure,Puducherry (UT)
605801,Sankarapuram,Puducherry (UT)
605802,Sankarapuram,Puducherry (UT)
605803,Thirukoilure,Puducherry (UT)
606001,Virudhachalam,Tamil Nadu
606002,Virudhachalam,Tamil Nadu
606003,Virudhachalam,Tamil Nadu
606102,Ulundurpet,Tamil Nadu
606103,Virudhachalam,Tamil Nadu
606104,Ulundurpet,Tamil Nadu
606105,Pennadam,Tamil Nadu
606106,Pennadam,Tamil Nadu
606107,Ulundurpet,Tamil Nadu
606108,Chinnasalem,Tamil Nadu
606109,Pennadam,Tamil Nadu
606110,Virudhachalam,Tamil Nadu
606111,Pennadam,Tamil Nadu
606115,Ulundurpet,Tamil Nadu
606201,Chinnasalem,Tamil Nadu
606202,Kallakurichi,Tamil Nadu
606203,Kallakurichi,Tamil Nadu
606204,Kallakurichi,Tamil Nadu
606206,Kallakurichi,Tamil Nadu
606207,Kallakurichi,Tamil Nadu
606208,Sankarapuram,Tamil Nadu
606209,Kallakurichi,Tamil Nadu
606213,Kallakurichi,Tamil Nadu
606301,Chinnasalem,Tamil Nadu
606302,Virudhachalam,Tamil Nadu
606303,Chinnasalem,Tamil Nadu
606304,Virudhachalam,Tamil Nadu
606305,Ulundurpet,Tamil Nadu
606401,Sankarapuram,Tamil Nadu
606402,Sankarapuram,Tamil Nadu
606601,Tiruvannamalai,Tamil Nadu
606602,Tiruvannamalai,Tamil Nadu
606603,Tiruvannamalai,Tamil Nadu
606604,Tiruvannamalai,Tamil Nadu
606611,Tiruvannamalai,Tamil Nadu
606701,Chengam,Tamil Nadu
606702,Tiruvannamalai,Tamil Nadu
606703,Chengam,Tamil Nadu
606704,Chengam,Tamil Nadu
606705,Chengam,Tamil Nadu
606706,Chengam,Tamil Nadu
606707,Tiruvannamalai,Tamil Nadu
606708,Sankarapuram,Tamil Nadu
606709,Chengam,Tamil Nadu
606751,Polur,Tamil Nadu
606752,Tiruvannamalai,Tamil Nadu
606753,Tiruvannamalai,Tamil Nadu
606754,Tiruvannamalai,Tamil Nadu
606755,Tiruvannamalai,Tamil Nadu
606801,Chetpet,Tamil Nadu
606802,Tiruvannamalai,Tamil Nadu
606803,Polur,Tamil Nadu
606804,Tiruvannamalai,Tamil Nadu
606805,Tiruvannamalai,Tamil Nadu
606806,Tiruvannamalai,Tamil Nadu
606807,Chetpet,Tamil Nadu
606808,Tiruvannamalai,Tamil Nadu
606811,Tiruvannamalai,Tamil Nadu
606901,Polur,Tamil Nadu
606902,Chetpet,Tamil Nadu
606903,Arani,Tamil Nadu
606904,Polur,Tamil Nadu
606905,Arani,Tamil Nadu
606906,Polur,Tamil Nadu
606907,Arani,Tamil Nadu
606908,Polur,Tamil Nadu
607001,Cuddalore,Tamil Nadu
607002,Cuddalore,Tamil Nadu
607003,Cuddalore,Tamil Nadu
607004,Cuddalore,Tamil Nadu
607005,Cuddalore,Tamil Nadu
607006,Cuddalore,Tamil Nadu
607101,Panruti,Tamil Nadu
607102,Panruti,Tamil Nadu
607103,Panruti,Tamil Nadu
607104,Panruti,Tamil Nadu
607105,Cuddalore,Tamil Nadu
607106,Panruti,Tamil Nadu
607107,Viluppuram,Tamil Nadu
607108,Panruti,Tamil Nadu
607109,Cuddalore,Tamil Nadu
607112,Panruti,Tamil Nadu
607201,Ulundurpet,Tamil Nadu
607202,Ulundurpet,Tamil Nadu
607203,Viluppuram,Tamil Nadu
607204,Ulundurpet,Tamil Nadu
607205,Panruti,Tamil Nadu
607209,Viluppuram,Tamil Nadu
607301,Cuddalore,Tamil Nadu
607302,Neyveli,Tamil Nadu
607303,Neyveli,Tamil Nadu
607307,Cuddalore,Tamil Nadu
607308,Neyveli,Tamil Nadu
607401,Cuddalore,Tamil Nadu
607402,Cuddalore,Tamil Nadu
607403,Cuddalore,Tamil Nadu
607404,Cuddalore,Tamil Nadu
607801,Neyveli,Tamil Nadu
607802,Neyveli,Tamil Nadu
607803,Neyveli,Tamil Nadu
607804,Neyveli,Tamil Nadu
607805,Neyveli,Tamil Nadu
607807,Neyveli,Tamil Nadu
608001,Chidambaram,Tamil Nadu
608002,Chidambaram,Tamil Nadu
608102,Chidambaram,Tamil Nadu
608201,Chidambaram,Tamil Nadu
608301,Lalpet,Tamil Nadu
608302,Lalpet,Tamil Nadu
608303,Lalpet,Tamil Nadu
608304,Lalpet,Tamil Nadu
608305,Chidambaram,Tamil Nadu
608306,Mayiladuthurai,Tamil Nadu
608401,Chidambaram,Tamil Nadu
608501,Chidambaram,Tamil Nadu
608502,Chidambaram,Tamil Nadu
608601,Chidambaram,Tamil Nadu
608602,Chidambaram,Tamil Nadu
608701,Lalpet,Tamil Nadu
608702,Chidambaram,Tamil Nadu
608703,Lalpet,Tamil Nadu
608704,Chidambaram,Tamil Nadu
608801,Cuddalore,Tamil Nadu
608901,Jayankondam,Tamil Nadu
609001,Mayiladuthurai,Tamil Nadu
609003,Mayiladuthurai,Tamil Nadu
609101,Sirkazhi,Tamil Nadu
609102,Sirkazhi,Tamil Nadu
609103,Mayiladuthurai,Tamil Nadu
609104,Sirkazhi,Tamil Nadu
609105,Sirkazhi,Tamil Nadu
609106,Sirkazhi,Tamil Nadu
609107,Sirkazhi,Tamil Nadu
609108,Sirkazhi,Tamil Nadu
609109,Sirkazhi,Tamil Nadu
609110,Sirkazhi,Tamil Nadu
609111,Sirkazhi,Tamil Nadu
609112,Sirkazhi,Tamil Nadu
609113,Sirkazhi,Tamil Nadu
609114,Sirkazhi,Tamil Nadu
609115,Sirkazhi,Tamil Nadu
609116,Sirkazhi,Tamil Nadu
609117,Sirkazhi,Tamil Nadu
609118,Mayiladuthurai,Tamil Nadu
609201,Mayiladuthurai,Tamil Nadu
609202,Mayiladuthurai,Tamil Nadu
609203,Mayiladuthurai,Tamil Nadu
609204,Mayiladuthurai,Tamil Nadu
609205,Mayiladuthurai,Tamil Nadu
609301,Mayiladuthurai,Tamil Nadu
609302,Mayiladuthurai,Tamil Nadu
609303,Karaikal,Puducherry (UT)
609304,Mayiladuthurai,Tamil Nadu
609305,Mayiladuthurai,Tamil Nadu
609306,Karaikal,Puducherry (UT)
609307,Karaikal,Puducherry (UT)
609308,Karaikal,Puducherry (UT)
609309,Mayiladuthurai,Tamil Nadu
609310,Karaikal,Puducherry (UT)
609311,Karaikal,Puducherry (UT)
609312,Karaikal,Puducherry (UT)
609313,Karaikal,Puducherry (UT)
609314,Mayiladuthurai,Tamil Nadu
609401,Mayiladuthurai,Tamil Nadu
609402,Mayiladuthurai,Tamil Nadu
609403,Mayiladuthurai,Tamil Nadu
609404,Mayiladuthurai,Tamil Nadu
609405,Mayiladuthurai,Tamil Nadu
609501,Kumbakonam,Tamil Nadu
609502,Thiruvarur,Tamil Nadu
609503,Mayiladuthurai,Tamil Nadu
609504,Thiruvarur,Tamil Nadu
609601,Karaikal,Puducherry (UT)
609602,Karaikal,Puducherry (UT)
609603,Karaikal,Puducherry (UT)
609604,Karaikal,Puducherry (UT)
609605,Karaikal,Puducherry (UT)
609606,Karaikal,Puducherry (UT)
609607,Karaikal,Puducherry (UT)
609608,Karaikal,Puducherry (UT)
609609,Karaikal,Puducherry (UT)
609701,Karaikal,Puducherry (UT)
609702,Karaikal,Puducherry (UT)
609703,Karaikal,Puducherry (UT)
609704,Karaikal,Puducherry (UT)
609705,Karaikal,Puducherry (UT)
609801,Mayiladuthurai,Tamil Nadu
609802,Kumbakonam,Tamil Nadu
609803,Mayiladuthurai,Tamil Nadu
609804,Kumbakonam,Tamil Nadu
609805,Mayiladuthurai,Tamil Nadu
609806,Mayiladuthurai,Tamil Nadu
609807,Lalpet,Tamil Nadu
609808,Mayiladuthurai,Tamil Nadu
609810,Mayiladuthurai,Tamil Nadu
609811,Mayiladuthurai,Tamil Nadu
610001,Thiruvarur,Tamil Nadu
610003,Thiruvarur,Tamil Nadu
610004,Thiruvarur,Tamil Nadu
610005,Thiruvarur,Tamil Nadu
610101,Thiruvarur,Tamil Nadu
610102,Thiruvarur,Tamil Nadu
610103,Thiruvarur,Tamil Nadu
610104,Thiruvarur,Tamil Nadu
610105,Thiruvarur,Tamil Nadu
610106,Thiruvarur,Tamil Nadu
610107,Thiruvarur,Tamil Nadu
610109,Thiruvarur,Tamil Nadu
610111,Thiruvarur,Tamil Nadu
610201,Thiruthuraipoondi,Tamil Nadu
610202,Thiruthuraipoondi,Tamil Nadu
610203,Thiruthuraipoondi,Tamil Nadu
610204,Thiruthuraipoondi,Tamil Nadu
610205,Thiruvarur,Tamil Nadu
610206,Thiruthuraipoondi,Tamil Nadu
610207,Thiruthuraipoondi,Tamil Nadu
610210,Thiruvarur,Tamil Nadu
611001,Nagapattinam,Tamil Nadu
611002,Nagapattinam,Tamil Nadu
611003,Nagapattinam,Tamil Nadu
611101,Thiruvarur,Tamil Nadu
611102,Nagapattinam,Tamil Nadu
611103,Nagapattinam,Tamil Nadu
611104,Nagapattinam,Tamil Nadu
611105,Thiruvarur,Tamil Nadu
611106,Nagapattinam,Tamil Nadu
611108,Nagapattinam,Tamil Nadu
611109,Nagapattinam,Tamil Nadu
611110,Nagapattinam,Tamil Nadu
611111,Nagapattinam,Tamil Nadu
611112,Nagapattinam,Tamil Nadu
611114,Nagapattinam,Tamil Nadu
612001,Kumbakonam,Tamil Nadu
612002,Kumbakonam,Tamil Nadu
612006,Kumbakonam,Tamil Nadu
612101,Kumbakonam,Tamil Nadu
612102,Kumbakonam,Tamil Nadu
612103,Kumbakonam,Tamil Nadu
612104,Kumbakonam,Tamil Nadu
612105,Kumbakonam,Tamil Nadu
612106,Mayiladuthurai,Tamil Nadu
612107,Kumbakonam,Tamil Nadu
612108,Kumbakonam,Tamil Nadu
612201,Kumbakonam,Tamil Nadu
612202,Kumbakonam,Tamil Nadu
612203,Mayiladuthurai,Tamil Nadu
612204,Kumbakonam,Tamil Nadu
612301,Kumbakonam,Tamil Nadu
612302,Kumbakonam,Tamil Nadu
612303,Kumbakonam,Tamil Nadu
612401,Kumbakonam,Tamil Nadu
612402,Kumbakonam,Tamil Nadu
612501,Kumbakonam,Tamil Nadu
612502,Lalpet,Tamil Nadu
612503,Kumbakonam,Tamil Nadu
612504,Kumbakonam,Tamil Nadu
612601,Kumbakonam,Tamil Nadu
612602,Kumbakonam,Tamil Nadu
612603,Thiruvarur,Tamil Nadu
612604,Kumbakonam,Tamil Nadu
612605,Kumbakonam,Tamil Nadu
612610,Thiruvarur,Tamil Nadu
612701,Kumbakonam,Tamil Nadu
612702,Kumbakonam,Tamil Nadu
612703,Kumbakonam,Tamil Nadu
612801,Kumbakonam,Tamil Nadu
612802,Kumbakonam,Tamil Nadu
612803,Thiruvarur,Tamil Nadu
612804,Kumbakonam,Tamil Nadu
612901,Jayankondam,Tamil Nadu
612902,Jayankondam,Tamil Nadu
612903,Jayankondam,Tamil Nadu
612904,Jayankondam,Tamil Nadu
612905,Jayankondam,Tamil Nadu
613001,Thanjavur,Tamil Nadu
613002,Thanjavur,Tamil Nadu
613003,Thanjavur,Tamil Nadu
613004,Thanjavur,Tamil Nadu
613005,Thanjavur,Tamil Nadu
613006,Thanjavur,Tamil Nadu
613007,Thanjavur,Tamil Nadu
613008,Thanjavur,Tamil Nadu
613009,Thanjavur,Tamil Nadu
613010,Thanjavur,Tamil Nadu
613052,Thanjavur,Tamil Nadu
613101,Thanjavur,Tamil Nadu
613102,Thirukkattupalli,Tamil Nadu
613103,Thanjavur,Tamil Nadu
613104,Thirukkattupalli,Tamil Nadu
613105,Thirukkattupalli,Tamil Nadu
613201,Thanjavur,Tamil Nadu
613202,Thanjavur,Tamil Nadu
613203,Thanjavur,Tamil Nadu
613204,Thanjavur,Tamil Nadu
613205,Thanjavur,Tamil Nadu
613207,Thanjavur,Tamil Nadu
613301,Thanjavur,Tamil Nadu
613302,Thanjavur,Tamil Nadu
613303,Thanjavur,Tamil Nadu
613401,Thanjavur,Tamil Nadu
613402,Thanjavur,Tamil Nadu
613403,Thanjavur,Tamil Nadu
613406,Thanjavur,Tamil Nadu
613501,Thanjavur,Tamil Nadu
613502,Thanjavur,Tamil Nadu
613503,Thanjavur,Tamil Nadu
613504,Thanjavur,Tamil Nadu
613601,Thanjavur,Tamil Nadu
613602,Thirukkattupalli,Tamil Nadu
613701,Thiruvarur,Tamil Nadu
613702,Thiruvarur,Tamil Nadu
613703,Thiruvarur,Tamil Nadu
613704,Thiruvarur,Tamil Nadu
613705,Thiruvarur,Tamil Nadu
614001,Mannargudi,Tamil Nadu
614012,Mannargudi,Tamil Nadu
614013,Mannargudi,Tamil Nadu
614014,Mannargudi,Tamil Nadu
614015,Mannargudi,Tamil Nadu
614016,Mannargudi,Tamil Nadu
614017,Mannargudi,Tamil Nadu
614018,Mannargudi,Tamil Nadu
614019,Mannargudi,Tamil Nadu
614020,Mannargudi,Tamil Nadu
614022,Mannargudi,Tamil Nadu
614027,Mannargudi,Tamil Nadu
614030,Mannargudi,Tamil Nadu
614101,Mannargudi,Tamil Nadu
614102,Mannargudi,Tamil Nadu
614103,Mannargudi,Tamil Nadu
614201,Thanjavur,Tamil Nadu
614202,Thanjavur,Tamil Nadu
614203,Kumbakonam,Tamil Nadu
614204,Kumbakonam,Tamil Nadu
614205,Kumbakonam,Tamil Nadu
614206,Thanjavur,Tamil Nadu
614207,Kumbakonam,Tamil Nadu
614208,Kumbakonam,Tamil Nadu
614209,Kumbakonam,Tamil Nadu
614210,Kumbakonam,Tamil Nadu
614211,Kumbakonam,Tamil Nadu
614301,Thanjavur,Tamil Nadu
614302,Kumbakonam,Tamil Nadu
614303,Thanjavur,Tamil Nadu
614401,Thanjavur,Tamil Nadu
614402,Thanjavur,Tamil Nadu
614403,Thanjavur,Tamil Nadu
614404,Kumbakonam,Tamil Nadu
614601,Pattukkottai,Tamil Nadu
614602,Pattukkottai,Tamil Nadu
614612,Peravurani,Tamil Nadu
614613,Pattukkottai,Tamil Nadu
614614,Pattukkottai,Tamil Nadu
614615,Pattukkottai,Tamil Nadu
614616,Aranthangi,Tamil Nadu
614617,Manamelkudi,Tamil Nadu
614618,Aranthangi,Tamil Nadu
614619,Manamelkudi,Tamil Nadu
614620,Manamelkudi,Tamil Nadu
614621,Manamelkudi,Tamil Nadu
614622,Aranthangi,Tamil Nadu
614623,Peravurani,Tamil Nadu
614624,Aranthangi,Tamil Nadu
614625,Thanjavur,Tamil Nadu
614626,Pattukkottai,Tamil Nadu
614628,Peravurani,Tamil Nadu
614629,Oriyur,Tamil Nadu
614630,Aranthangi,Tamil Nadu
614701,Pattukkottai,Tamil Nadu
614702,Thiruthuraipoondi,Tamil Nadu
614703,Thiruthuraipoondi,Tamil Nadu
614704,Pattukkottai,Tamil Nadu
614705,Mannargudi,Tamil Nadu
614706,Thiruthuraipoondi,Tamil Nadu
614707,Pushpavanam,Tamil Nadu
614708,Thiruthuraipoondi,Tamil Nadu
614710,Thiruthuraipoondi,Tamil Nadu
614711,Thiruthuraipoondi,Tamil Nadu
614712,Thiruthuraipoondi,Tamil Nadu
614713,Thiruthuraipoondi,Tamil Nadu
614714,Thiruthuraipoondi,Tamil Nadu
614715,Thiruthuraipoondi,Tamil Nadu
614716,Thiruthuraipoondi,Tamil Nadu
614717,Thiruthuraipoondi,Tamil Nadu
614723,Pattukkottai,Tamil Nadu
614738,Thiruthuraipoondi,Tamil Nadu
614801,Aranthangi,Tamil Nadu
614802,Peravurani,Tamil Nadu
614803,Peravurani,Tamil Nadu
614804,Peravurani,Tamil Nadu
614805,Aranthangi,Tamil Nadu
614806,Thiruthuraipoondi,Tamil Nadu
614807,Pushpavanam,Tamil Nadu
614808,Pushpavanam,Tamil Nadu
614809,Pushpavanam,Tamil Nadu
614810,Pushpavanam,Tamil Nadu
614901,Pattukkottai,Tamil Nadu
614902,Thanjavur,Tamil Nadu
614903,Pattukkottai,Tamil Nadu
614904,Thanjavur,Tamil Nadu
614905,Mannargudi,Tamil Nadu
614906,Pattukkottai,Tamil Nadu
620001,Tiruchi,Tamil Nadu
620002,Tiruchi,Tamil Nadu
620003,Tiruchi,Tamil Nadu
620004,Tiruchi,Tamil Nadu
620005,Tiruchi,Tamil Nadu
620006,Tiruchi,Tamil Nadu
620007,Tiruchi,Tamil Nadu
620008,Tiruchi,Tamil Nadu
620009,Tiruchi,Tamil Nadu
620010,Tiruchi,Tamil Nadu
620011,Tiruchi,Tamil Nadu
620012,Tiruchi,Tamil Nadu
620013,Tiruchi,Tamil Nadu
620014,Tiruchi,Tamil Nadu
620015,Tiruchi,Tamil Nadu
620016,Tiruchi,Tamil Nadu
620017,Tiruchi,Tamil Nadu
620018,Tiruchi,Tamil Nadu
620019,Tiruchi,Tamil Nadu
620020,Tiruchi,Tamil Nadu
620021,Tiruchi,Tamil Nadu
620022,Tiruchi,Tamil Nadu
620023,Tiruchi,Tamil Nadu
620024,Tiruchi,Tamil Nadu
620025,Tiruchi,Tamil Nadu
620026,Tiruchi,Tamil Nadu
620027,Tiruchi,Tamil Nadu
620101,Tiruchi,Tamil Nadu
620102,Tiruchi,Tamil Nadu
620602,Sivaganga,Tamil Nadu
621001,Thuraiyur,Tamil Nadu
621002,Thuraiyur,Tamil Nadu
621003,Thuraiyur,Tamil Nadu
621004,Thuraiyur,Tamil Nadu
621005,Tiruchi,Tamil Nadu
621006,Musiri,Tamil Nadu
621007,Tiruchi,Tamil Nadu
621008,Thuraiyur,Tamil Nadu
621009,Tiruchi,Tamil Nadu
621010,Thuraiyur,Tamil Nadu
621011,Thuraiyur,Tamil Nadu
621012,Thuraiyur,Tamil Nadu
621014,Thuraiyur,Tamil Nadu
621015,Thuraiyur,Tamil Nadu
621016,Thuraiyur,Tamil Nadu
621018,Thuraiyur,Tamil Nadu
621101,Perambalur,Tamil Nadu
621102,Perambalur,Tamil Nadu
621103,Perambalur,Tamil Nadu
621104,Perambalur,Tamil Nadu
621105,Tiruchi,Tamil Nadu
621106,Perambalur,Tamil Nadu
621107,Perambalur,Tamil Nadu
621108,Perambalur,Tamil Nadu
621109,Perambalur,Tamil Nadu
621110,Chinnasalem,Tamil Nadu
621111,Tiruchi,Tamil Nadu
621112,Tiruchi,Tamil Nadu
621113,Perambalur,Tamil Nadu
621114,Thuraiyur,Tamil Nadu
621115,Perambalur,Tamil Nadu
621116,Perambalur,Tamil Nadu
621117,Chinnasalem,Tamil Nadu
621118,Thuraiyur,Tamil Nadu
621120,Perambalur,Tamil Nadu
621121,Perambalur,Tamil Nadu
621126,Perambalur,Tamil Nadu
621128,Perambalur,Tamil Nadu
621129,Perambalur,Tamil Nadu
621132,Tiruchi,Tamil Nadu
621133,Perambalur,Tamil Nadu
621201,Tiruchi,Tamil Nadu
621202,Musiri,Tamil Nadu
621203,Musiri,Tamil Nadu
621204,Musiri,Tamil Nadu
621205,Thuraiyur,Tamil Nadu
621206,Thuraiyur,Tamil Nadu
621207,Kulithalai,Tamil Nadu
621208,Musiri,Tamil Nadu
621209,Musiri,Tamil Nadu
621210,Thuraiyur,Tamil Nadu
621211,Musiri,Tamil Nadu
621212,Perambalur,Tamil Nadu
621213,Musiri,Tamil Nadu
621214,Thuraiyur,Tamil Nadu
621215,Musiri,Tamil Nadu
621216,Tiruchi,Tamil Nadu
621217,Musiri,Tamil Nadu
621218,Tiruchi,Tamil Nadu
621219,Perambalur,Tamil Nadu
621220,Perambalur,Tamil Nadu
621302,Manapparai,Tamil Nadu
621305,Manapparai,Tamil Nadu
621306,Manapparai,Tamil Nadu
621307,Manapparai,Tamil Nadu
621308,Ponnamaravathi,Tamil Nadu
621310,Manapparai,Tamil Nadu
621312,Manapparai,Tamil Nadu
621313,Manapparai,Tamil Nadu
621314,Ponnamaravathi,Tamil Nadu
621315,Manapparai,Tamil Nadu
621316,Manapparai,Tamil Nadu
621601,Tiruchi,Tamil Nadu
621651,Thirukkattupalli,Tamil Nadu
621652,Thirukkattupalli,Tamil Nadu
621653,Ariyalur,Tamil Nadu
621701,Ariyalur,Tamil Nadu
621702,Thirukkattupalli,Tamil Nadu
621703,Tiruchi,Tamil Nadu
621704,Ariyalur,Tamil Nadu
621705,Ariyalur,Tamil Nadu
621706,Thirukkattupalli,Tamil Nadu
621707,Ariyalur,Tamil Nadu
621708,Perambalur,Tamil Nadu
621709,Ariyalur,Tamil Nadu
621710,Pennadam,Tamil Nadu
621711,Thirukkattupalli,Tamil Nadu
621712,Tiruchi,Tamil Nadu
621713,Ariyalur,Tamil Nadu
621714,Ariyalur,Tamil Nadu
621715,Ariyalur,Tamil Nadu
621716,Pennadam,Tamil Nadu
621717,Perambalur,Tamil Nadu
621718,Ariyalur,Tamil Nadu
621719,Pennadam,Tamil Nadu
621722,Thirukkattupalli,Tamil Nadu
621729,Ariyalur,Tamil Nadu
621730,Pennadam,Tamil Nadu
621731,Ariyalur,Tamil Nadu
621801,Jayankondam,Tamil Nadu
621802,Jayankondam,Tamil Nadu
621803,Jayankondam,Tamil Nadu
621804,Jayankondam,Tamil Nadu
621805,Jayankondam,Tamil Nadu
621806,Jayankondam,Tamil Nadu
621851,Thirukkattupalli,Tamil Nadu
622001,Pudukkottai,Tamil Nadu
622002,Ponnamaravathi,Tamil Nadu
622003,Pudukkottai,Tamil Nadu
622004,Pudukkottai,Tamil Nadu
622005,Pudukkottai,Tamil Nadu
622101,Pudukkottai,Tamil Nadu
622102,Manapparai,Tamil Nadu
622103,Pudukkottai,Tamil Nadu
622104,Pudukkottai,Tamil Nadu
622201,Aranthangi,Tamil Nadu
622202,Aranthangi,Tamil Nadu
622203,Pudukkottai,Tamil Nadu
622204,Aranthangi,Tamil Nadu
622209,Aranthangi,Tamil Nadu
622301,Pudukkottai,Tamil Nadu
622302,Pattukkottai,Tamil Nadu
622303,Pudukkottai,Tamil Nadu
622304,Peravurani,Tamil Nadu
622305,Pudukkottai,Tamil Nadu
622315,Pudukkottai,Tamil Nadu
622401,Ponnamaravathi,Tamil Nadu
622402,Ponnamaravathi,Tamil Nadu
622403,Ponnamaravathi,Tamil Nadu
622404,Pudukkottai,Tamil Nadu
622407,Ponnamaravathi,Tamil Nadu
622408,Ponnamaravathi,Tamil Nadu
622409,Pudukkottai,Tamil Nadu
622411,Pudukkottai,Tamil Nadu
622412,Pudukkottai,Tamil Nadu
622422,Pudukkottai,Tamil Nadu
622501,Pudukkottai,Tamil Nadu
622502,Pudukkottai,Tamil Nadu
622503,Karaikudi,Tamil Nadu
622504,Pudukkottai,Tamil Nadu
622505,Pudukkottai,Tamil Nadu
622506,Pudukkottai,Tamil Nadu
622507,Pudukkottai,Tamil Nadu
622515,Tiruchi,Tamil Nadu
623001,Karaikudi,Tamil Nadu
623002,Karaikudi,Tamil Nadu
623003,Karaikudi,Tamil Nadu
623004,Karaikudi,Tamil Nadu
623005,Karaikudi,Tamil Nadu
623006,Karaikudi,Tamil Nadu
623101,Karaikudi,Tamil Nadu
623102,Karaikudi,Tamil Nadu
623103,Karaikudi,Tamil Nadu
623104,Karaikudi,Tamil Nadu
623105,Karaikudi,Tamil Nadu
623106,Karaikudi,Tamil Nadu
623107,Karaikudi,Tamil Nadu
623108,Karaikudi,Tamil Nadu
623109,Karaikudi,Tamil Nadu
623110,Karaikudi,Tamil Nadu
623111,Karaikudi,Tamil Nadu
623115,Perunali,Tamil Nadu
623120,Perunali,Tamil Nadu
623135,Perunali,Tamil Nadu
623202,Karaikudi,Tamil Nadu
623203,Karaikudi,Tamil Nadu
623204,Karaikudi,Tamil Nadu
623205,Karaikudi,Tamil Nadu
623206,Karaikudi,Tamil Nadu
623207,Karaikudi,Tamil Nadu
623208,Karaikudi,Tamil Nadu
623307,Karaikudi,Tamil Nadu
623308,Oriyur,Tamil Nadu
623315,Oriyur,Tamil Nadu
623319,Karaikudi,Tamil Nadu
623401,Thiruvadanai,Tamil Nadu
623402,Thiruvadanai,Tamil Nadu
623403,Thiruvadanai,Tamil Nadu
623404,Oriyur,Tamil Nadu
623406,Oriyur,Tamil Nadu
623407,Thiruvadanai,Tamil Nadu
623409,Oriyur,Tamil Nadu
623501,Ramanathapuram,Tamil Nadu
623502,Ramanathapuram,Tamil Nadu
623503,Ramanathapuram,Tamil Nadu
623504,Ramanathapuram,Tamil Nadu
623512,Ramanathapuram,Tamil Nadu
623513,Ramanathapuram,Tamil Nadu
623514,Ramanathapuram,Tamil Nadu
623515,Ramanathapuram,Tamil Nadu
623516,Ramanathapuram,Tamil Nadu
623517,Ramanathapuram,Tamil Nadu
623518,Rameswaram,Tamil Nadu
623519,Rameswaram,Tamil Nadu
623520,Ramanathapuram,Tamil Nadu
623521,Rameswaram,Tamil Nadu
623522,Ramanathapuram,Tamil Nadu
623523,Ramanathapuram,Tamil Nadu
623524,Ramanathapuram,Tamil Nadu
623525,Thiruvadanai,Tamil Nadu
623526,Rameswaram,Tamil Nadu
623527,Ramanathapuram,Tamil Nadu
623528,Muthukulathur,Tamil Nadu
623529,Rameswaram,Tamil Nadu
623530,Ramanathapuram,Tamil Nadu
623531,Ramanathapuram,Tamil Nadu
623532,Ramanathapuram,Tamil Nadu
623533,Muthukulathur,Tamil Nadu
623534,Ramanathapuram,Tamil Nadu
623536,Ramanathapuram,Tamil Nadu
623537,Ramanathapuram,Tamil Nadu
623538,Thiruvadanai,Tamil Nadu
623566,Ramanathapuram,Tamil Nadu
623601,Muthukulathur,Tamil Nadu
623603,Muthukulathur,Tamil Nadu
623604,Muthukulathur,Tamil Nadu
623605,Narikkudi,Tamil Nadu
623608,Paramakudi,Tamil Nadu
623701,Paramakudi,Tamil Nadu
623703,Muthukulathur,Tamil Nadu
623704,Paramakudi,Tamil Nadu
623705,Paramakudi,Tamil Nadu
623706,Paramakudi,Tamil Nadu
623707,Paramakudi,Tamil Nadu
623708,Muthukulathur,Tamil Nadu
623709,Paramakudi,Tamil Nadu
623711,Paramakudi,Tamil Nadu
623712,Paramakudi,Tamil Nadu
623802,Ramanathapuram,Tamil Nadu
623804,Rameswaram,Tamil Nadu
623806,Ramanathapuram,Tamil Nadu
623807,Ramanathapuram,Tamil Nadu
624001,Dindigul,Tamil Nadu
624002,Dindigul,Tamil Nadu
624003,Dindigul,Tamil Nadu
624004,Dindigul,Tamil Nadu
624005,Dindigul,Tamil Nadu
624006,Dindigul,Tamil Nadu
624007,Dindigul,Tamil Nadu
624008,Dindigul,Tamil Nadu
624009,Dindigul,Tamil Nadu
624054,Dindigul,Tamil Nadu
624101,Kodaikanal,Tamil Nadu
624102,Kodaikanal,Tamil Nadu
624103,Kodaikanal,Tamil Nadu
624104,Kodaikanal,Tamil Nadu
624107,Kodaikanal,Tamil Nadu
624108,Kodaikanal,Tamil Nadu
624201,Vadipatti,Tamil Nadu
624202,Batlagundu,Tamil Nadu
624204,Batlagundu,Tamil Nadu
624205,Madurai,Tamil Nadu
624206,Dindigul,Tamil Nadu
624207,Madurai,Tamil Nadu
624208,Vadipatti,Tamil Nadu
624209,Dindigul,Tamil Nadu
624210,Kodaikanal,Tamil Nadu
624211,Batlagundu,Tamil Nadu
624215,Dindigul,Tamil Nadu
624218,Madurai,Tamil Nadu
624219,Batlagundu,Tamil Nadu
624220,Batlagundu,Tamil Nadu
624301,Dindigul,Tamil Nadu
624302,Dindigul,Tamil Nadu
624303,Dindigul,Tamil Nadu
624304,Dindigul,Tamil Nadu
624305,Dindigul,Tamil Nadu
624306,Dindigul,Tamil Nadu
624307,Dindigul,Tamil Nadu
624308,Dindigul,Tamil Nadu
624309,Dindigul,Tamil Nadu
624312,Dindigul,Tamil Nadu
624314,Dindigul,Tamil Nadu
624316,Dindigul,Tamil Nadu
624401,Natham,Tamil Nadu
624402,Melur,Tamil Nadu
624601,Palani,Tamil Nadu
624610,Palani,Tamil Nadu
624612,Oddanchatram,Tamil Nadu
624613,Palani,Tamil Nadu
624614,Oddanchatram,Tamil Nadu
624615,Palani,Tamil Nadu
624616,Oddanchatram,Tamil Nadu
624617,Palani,Tamil Nadu
624618,Palani,Tamil Nadu
624619,Oddanchatram,Tamil Nadu
624620,Gujiliamparai,Tamil Nadu
624621,Palani,Tamil Nadu
624622,Oddanchatram,Tamil Nadu
624624,Oddanchatram,Tamil Nadu
624701,Dindigul,Tamil Nadu
624702,Dindigul,Tamil Nadu
624703,Gujiliamparai,Tamil Nadu
624704,Oddanchatram,Tamil Nadu
624705,Dindigul,Tamil Nadu
624706,Gujiliamparai,Tamil Nadu
624707,Dindigul,Tamil Nadu
624708,Dindigul,Tamil Nadu
624709,Dindigul,Tamil Nadu
624710,Oddanchatram,Tamil Nadu
624711,Oddanchatram,Tamil Nadu
624712,Oddanchatram,Tamil Nadu
624714,Dindigul,Tamil Nadu
624801,Dindigul,Tamil Nadu
624802,Dindigul,Tamil Nadu
624803,Dindigul,Tamil Nadu
624804,Dindigul,Tamil Nadu
625001,Madurai,Tamil Nadu
625002,Madurai,Tamil Nadu
625003,Madurai,Tamil Nadu
625004,Madurai,Tamil Nadu
625005,Madurai,Tamil Nadu
625006,Madurai,Tamil Nadu
625007,Madurai,Tamil Nadu
625008,Madurai,Tamil Nadu
625009,Madurai,Tamil Nadu
625010,Madurai,Tamil Nadu
625011,Madurai,Tamil Nadu
625012,Madurai,Tamil Nadu
625013,Madurai,Tamil Nadu
625014,Madurai,Tamil Nadu
625015,Madurai,Tamil Nadu
625016,Madurai,Tamil Nadu
625017,Madurai,Tamil Nadu
625018,Madurai,Tamil Nadu
625019,Madurai,Tamil Nadu
625020,Madurai,Tamil Nadu
625021,Madurai,Tamil Nadu
625022,Madurai,Tamil Nadu
625023,Madurai,Tamil Nadu
625052,Madurai,Tamil Nadu
625101,Melur,Tamil Nadu
625102,Melur,Tamil Nadu
625103,Melur,Tamil Nadu
625104,Melur,Tamil Nadu
625105,Madurai,Tamil Nadu
625106,Melur,Tamil Nadu
625107,Madurai,Tamil Nadu
625108,Melur,Tamil Nadu
625109,Melur,Tamil Nadu
625110,Madurai,Tamil Nadu
625111,Madurai,Tamil Nadu
625114,Melur,Tamil Nadu
625115,Madurai,Tamil Nadu
625122,Melur,Tamil Nadu
625123,Madurai,Tamil Nadu
625125,Melur,Tamil Nadu
625201,Madurai,Tamil Nadu
625203,Batlagundu,Tamil Nadu
625205,Vadipatti,Tamil Nadu
625207,Usilampatti,Tamil Nadu
625214,Vadipatti,Tamil Nadu
625217,Madurai,Tamil Nadu
625218,Vadipatti,Tamil Nadu
625221,Madurai,Tamil Nadu
625234,Madurai,Tamil Nadu
625301,Madurai,Tamil Nadu
625305,Madurai,Tamil Nadu
625402,Madurai,Tamil Nadu
625404,Madurai,Tamil Nadu
625501,Madurai,Tamil Nadu
625502,Madurai,Tamil Nadu
625503,Vadipatti,Tamil Nadu
625512,Theni,Tamil Nadu
625513,Theni,Tamil Nadu
625514,Madurai,Tamil Nadu
625515,Cumbum,Tamil Nadu
625516,Cumbum,Tamil Nadu
625517,Theni,Tamil Nadu
625518,Cumbum,Tamil Nadu
625519,Cumbum,Tamil Nadu
625520,Theni,Tamil Nadu
625521,Cumbum,Tamil Nadu
625522,Cumbum,Tamil Nadu
625523,Theni,Tamil Nadu
625524,Cumbum,Tamil Nadu
625525,Cumbum,Tamil Nadu
625526,Cumbum,Tamil Nadu
625527,Usilampatti,Tamil Nadu
625528,Theni,Tamil Nadu
625529,Madurai,Tamil Nadu
625530,Cumbum,Tamil Nadu
625531,Theni,Tamil Nadu
625532,Usilampatti,Tamil Nadu
625533,Cumbum,Tamil Nadu
625534,Theni,Tamil Nadu
625535,Usilampatti,Tamil Nadu
625536,Theni,Tamil Nadu
625537,Usilampatti,Tamil Nadu
625540,Cumbum,Tamil Nadu
625547,Theni,Tamil Nadu
625556,Cumbum,Tamil Nadu
625562,Theni,Tamil Nadu
625566,Usilampatti,Tamil Nadu
625572,Theni,Tamil Nadu
625582,Theni,Tamil Nadu
625601,Theni,Tamil Nadu
625602,Theni,Tamil Nadu
625603,Theni,Tamil Nadu
625604,Theni,Tamil Nadu
625605,Theni,Tamil Nadu
625701,Madurai,Tamil Nadu
625702,Madurai,Tamil Nadu
625703,Maharajapuram,Tamil Nadu
625704,Madurai,Tamil Nadu
625705,Usilampatti,Tamil Nadu
625706,Madurai,Tamil Nadu
625707,Virudhunagar,Tamil Nadu
625708,Madurai,Tamil Nadu
626001,Virudhunagar,Tamil Nadu
626002,Virudhunagar,Tamil Nadu
626003,Virudhunagar,Tamil Nadu
626004,Aruppukkottai,Tamil Nadu
626005,Sivakasi,Tamil Nadu
626008,Virudhunagar,Tamil Nadu
626053,Virudhunagar,Tamil Nadu
626101,Aruppukkottai,Tamil Nadu
626102,Rajapalayam,Tamil Nadu
626103,Sivakasi,Tamil Nadu
626104,Virudhunagar,Tamil Nadu
626105,Aruppukkottai,Tamil Nadu
626106,Narikkudi,Tamil Nadu
626107,Aruppukkottai,Tamil Nadu
626108,Rajapalayam,Tamil Nadu
626109,Virudhunagar,Tamil Nadu
626110,Rajapalayam,Tamil Nadu
626111,Rajapalayam,Tamil Nadu
626112,Aruppukkottai,Tamil Nadu
626113,Aruppukkottai,Tamil Nadu
626114,Aruppukkottai,Tamil Nadu
626115,Narikkudi,Tamil Nadu
626116,Maharajapuram,Tamil Nadu
626117,Rajapalayam,Tamil Nadu
626118,Aruppukkottai,Tamil Nadu
626119,Sivakasi,Tamil Nadu
626121,Rajapalayam,Tamil Nadu
626122,Rajapalayam,Tamil Nadu
626123,Sivakasi,Tamil Nadu
626124,Sivakasi,Tamil Nadu
626125,Rajapalayam,Tamil Nadu
626126,Maharajapuram,Tamil Nadu
626127,Sivakasi,Tamil Nadu
626128,Sivakasi,Tamil Nadu
626129,Aruppukkottai,Tamil Nadu
626130,Sivakasi,Tamil Nadu
626131,Sivakasi,Tamil Nadu
626132,Maharajapuram,Tamil Nadu
626133,Maharajapuram,Tamil Nadu
626134,Aruppukkottai,Tamil Nadu
626135,Rajapalayam,Tamil Nadu
626136,Rajapalayam,Tamil Nadu
626137,Rajapalayam,Tamil Nadu
626138,Maharajapuram,Tamil Nadu
626139,Rajapalayam,Tamil Nadu
626140,Sivakasi,Tamil Nadu
626141,Sivakasi,Tamil Nadu
626142,Rajapalayam,Tamil Nadu
626143,Rajapalayam,Tamil Nadu
626144,Sivakasi,Tamil Nadu
626145,Rajapalayam,Tamil Nadu
626149,Maharajapuram,Tamil Nadu
626154,Rajapalayam,Tamil Nadu
626161,Aruppukkottai,Tamil Nadu
626166,Sivakasi,Tamil Nadu
626176,Sivakasi,Tamil Nadu
626177,Aruppukkottai,Tamil Nadu
626183,Sivakasi,Tamil Nadu
626188,Rajapalayam,Tamil Nadu
626189,Sivakasi,Tamil Nadu
626190,Rajapalayam,Tamil Nadu
626201,Kovilpatti,Tamil Nadu
626202,Sattur,Tamil Nadu
626203,Sivakasi,Tamil Nadu
626204,Virudhunagar,Tamil Nadu
626205,Kovilpatti,Tamil Nadu
626206,Sivakasi,Tamil Nadu
626213,Sivakasi,Tamil Nadu
626501,Theni,Tamil Nadu
626512,Theni,Tamil Nadu
626513,Theni,Tamil Nadu
626515,Theni,Tamil Nadu
626526,Theni,Tamil Nadu
626531,Theni,Tamil Nadu
626540,Madurai,Tamil Nadu
626549,Kovilpatti,Tamil Nadu
626579,Madurai,Tamil Nadu
626601,Batlagundu,Tamil Nadu
626607,Narikkudi,Tamil Nadu
626612,Paramakudi,Tamil Nadu
627001,Tirunelveli,Tamil Nadu
627002,Tirunelveli,Tamil Nadu
627003,Tirunelveli,Tamil Nadu
627004,Tirunelveli,Tamil Nadu
627005,Tirunelveli,Tamil Nadu
627006,Tirunelveli,Tamil Nadu
627007,Tirunelveli,Tamil Nadu
627008,Tirunelveli,Tamil Nadu
627009,Tirunelveli,Tamil Nadu
627010,Tirunelveli,Tamil Nadu
627011,Tirunelveli,Tamil Nadu
627012,Tirunelveli,Tamil Nadu
627051,Tirunelveli,Tamil Nadu
627101,Vallioor,Tamil Nadu
627102,Vallioor,Tamil Nadu
627103,Vallioor,Tamil Nadu
627104,Thisayanvilai,Tamil Nadu
627105,Vallioor,Tamil Nadu
627106,Azhagappapuram,Tamil Nadu
627107,Vallioor,Tamil Nadu
627108,Vallioor,Tamil Nadu
627109,Vallioor,Tamil Nadu
627110,Vallioor,Tamil Nadu
627111,Vallioor,Tamil Nadu
627112,Vallioor,Tamil Nadu
627113,Vallioor,Tamil Nadu
627114,Nagercoil,Tamil Nadu
627115,Vallioor,Tamil Nadu
627116,Vallioor,Tamil Nadu
627117,Vallioor,Tamil Nadu
627118,Vallioor,Tamil Nadu
627119,Thisayanvilai,Tamil Nadu
627120,Nagercoil,Tamil Nadu
627121,Vallioor,Tamil Nadu
627124,Vallioor,Tamil Nadu
627127,Nagercoil,Tamil Nadu
627128,Nagercoil,Tamil Nadu
627129,Vallioor,Tamil Nadu
627131,Vallioor,Tamil Nadu
627133,Vallioor,Tamil Nadu
627151,Tirunelveli,Tamil Nadu
627152,Vallioor,Tamil Nadu
627201,Tirunelveli,Tamil Nadu
627202,Tirunelveli,Tamil Nadu
627251,Tirunelveli,Tamil Nadu
627252,Tirunelveli,Tamil Nadu
627254,Tirunelveli,Tamil Nadu
627301,Tirunelveli,Tamil Nadu
627302,Tirunelveli,Tamil Nadu
627304,Tirunelveli,Tamil Nadu
627351,Tirunelveli,Tamil Nadu
627352,Tirunelveli,Tamil Nadu
627353,Tirunelveli,Tamil Nadu
627354,Peikulam,Tamil Nadu
627355,Peikulam,Tamil Nadu
627356,Tirunelveli,Tamil Nadu
627357,Tirunelveli,Tamil Nadu
627358,Tirunelveli,Tamil Nadu
627359,Tirunelveli,Tamil Nadu
627361,Tirunelveli,Tamil Nadu
627401,Ambasamudram,Tamil Nadu
627412,Ambasamudram,Tamil Nadu
627413,Ambasamudram,Tamil Nadu
627414,Ambasamudram,Tamil Nadu
627415,Tenkasi,Tamil Nadu
627416,Ambasamudram,Tamil Nadu
627417,Ambasamudram,Tamil Nadu
627418,Ambasamudram,Tamil Nadu
627421,Ambasamudram,Tamil Nadu
627422,Ambasamudram,Tamil Nadu
627423,Ambasamudram,Tamil Nadu
627424,Tenkasi,Tamil Nadu
627425,Ambasamudram,Tamil Nadu
627426,Ambasamudram,Tamil Nadu
627427,Ambasamudram,Tamil Nadu
627428,Ambasamudram,Tamil Nadu
627431,Tenkasi,Tamil Nadu
627433,Ambasamudram,Tamil Nadu
627435,Ambasamudram,Tamil Nadu
627436,Tenkasi,Tamil Nadu
627451,Tirunelveli,Tamil Nadu
627452,Tirunelveli,Tamil Nadu
627453,Tirunelveli,Tamil Nadu
627501,Vallioor,Tamil Nadu
627502,Vallioor,Tamil Nadu
627551,Ambasamudram,Tamil Nadu
627601,Ambasamudram,Tamil Nadu
627602,Ambasamudram,Tamil Nadu
627603,Ambasamudram,Tamil Nadu
627604,Tirunelveli,Tamil Nadu
627651,Thisayanvilai,Tamil Nadu
627652,Thisayanvilai,Tamil Nadu
627654,Thisayanvilai,Tamil Nadu
627657,Thisayanvilai,Tamil Nadu
627701,Kovilpatti,Tamil Nadu
627702,Kovilpatti,Tamil Nadu
627712,Kovilpatti,Tamil Nadu
627713,Kovilpatti,Tamil Nadu
627719,Sankarankovil,Tamil Nadu
627720,Kovilpatti,Tamil Nadu
627724,Kovilpatti,Tamil Nadu
627751,Tenkasi,Tamil Nadu
627752,Kovilpatti,Tamil Nadu
627753,Sankarankovil,Tamil Nadu
627754,Sankarankovil,Tamil Nadu
627755,Sankarankovil,Tamil Nadu
627756,Sankarankovil,Tamil Nadu
627757,Rajapalayam,Tamil Nadu
627758,Sankarankovil,Tamil Nadu
627759,Tirunelveli,Tamil Nadu
627760,Sankarankovil,Tamil Nadu
627761,Sankarankovil,Tamil Nadu
627764,Sankarankovil,Tamil Nadu
627765,Sankarankovil,Tamil Nadu
627770,Sankarankovil,Tamil Nadu
627773,Sankarankovil,Tamil Nadu
627801,Tenkasi,Tamil Nadu
627802,Tenkasi,Tamil Nadu
627803,Tenkasi,Tamil Nadu
627804,Tenkasi,Tamil Nadu
627805,Tenkasi,Tamil Nadu
627806,Tenkasi,Tamil Nadu
627807,Tenkasi,Tamil Nadu
627808,Tenkasi,Tamil Nadu
627809,Tenkasi,Tamil Nadu
627810,Tenkasi,Tamil Nadu
627811,Tenkasi,Tamil Nadu
627812,Tenkasi,Tamil Nadu
627813,Tenkasi,Tamil Nadu
627814,Tenkasi,Tamil Nadu
627817,Tenkasi,Tamil Nadu
627818,Tenkasi,Tamil Nadu
627821,Ambasamudram,Tamil Nadu
627851,Ambasamudram,Tamil Nadu
627852,Tenkasi,Tamil Nadu
627853,Ambasamudram,Tamil Nadu
627854,Tirunelveli,Tamil Nadu
627855,Sankarankovil,Tamil Nadu
627856,Tenkasi,Tamil Nadu
627857,Sankarankovil,Tamil Nadu
627858,Tenkasi,Tamil Nadu
627859,Tenkasi,Tamil Nadu
627860,Sankarankovil,Tamil Nadu
627861,Tenkasi,Tamil Nadu
627862,Sankarankovil,Tamil Nadu
627901,Ambasamudram,Tamil Nadu
627902,Kovilpatti,Tamil Nadu
627908,Kovilpatti,Tamil Nadu
627951,Salem,Tamil Nadu
627953,Sankarankovil,Tamil Nadu
627954,Sankarankovil,Tamil Nadu
627955,Kovilpatti,Tamil Nadu
627956,Sankarankovil,Tamil Nadu
628001,Tuticorin,Tamil Nadu
628002,Tuticorin,Tamil Nadu
628003,Tuticorin,Tamil Nadu
628004,Tuticorin,Tamil Nadu
628005,Tuticorin,Tamil Nadu
628006,Tuticorin,Tamil Nadu
628007,Tuticorin,Tamil Nadu
628008,Tuticorin,Tamil Nadu
628101,Tuticorin,Tamil Nadu
628102,Tuticorin,Tamil Nadu
628103,Tuticorin,Tamil Nadu
628104,Ottapidaram,Tamil Nadu
628105,Tuticorin,Tamil Nadu
628151,Tiruchendur,Tamil Nadu
628152,Tuticorin,Tamil Nadu
628201,Tiruchendur,Tamil Nadu
628202,Tiruchendur,Tamil Nadu
628203,Tiruchendur,Tamil Nadu
628204,Tiruchendur,Tamil Nadu
628205,Tiruchendur,Tamil Nadu
628206,Tiruchendur,Tamil Nadu
628207,Tiruchendur,Tamil Nadu
628208,Tiruchendur,Tamil Nadu
628209,Tiruchendur,Tamil Nadu
628210,Peikulam,Tamil Nadu
628211,Tiruchendur,Tamil Nadu
628212,Tiruchendur,Tamil Nadu
628213,Tiruchendur,Tamil Nadu
628215,Tiruchendur,Tamil Nadu
628216,Tiruchendur,Tamil Nadu
628217,Tiruchendur,Tamil Nadu
628218,Tiruchendur,Tamil Nadu
628219,Tiruchendur,Tamil Nadu
628229,Tiruchendur,Tamil Nadu
628251,Tuticorin,Tamil Nadu
628252,Tirunelveli,Tamil Nadu
628301,Ottapidaram,Tamil Nadu
628302,Ottapidaram,Tamil Nadu
628303,Tirunelveli,Tamil Nadu
628304,Tuticorin,Tamil Nadu
628401,Ottapidaram,Tamil Nadu
628402,Tuticorin,Tamil Nadu
628501,Kovilpatti,Tamil Nadu
628502,Kovilpatti,Tamil Nadu
628503,Kovilpatti,Tamil Nadu
628552,Kovilpatti,Tamil Nadu
628601,Tirunelveli,Tamil Nadu
628612,Eral,Tamil Nadu
628613,Peikulam,Tamil Nadu
628614,Tiruchendur,Tamil Nadu
628615,Tirunelveli,Tamil Nadu
628616,Peikulam,Tamil Nadu
628617,Peikulam,Tamil Nadu
628618,Eral,Tamil Nadu
628619,Eral,Tamil Nadu
628620,Eral,Tamil Nadu
628621,Eral,Tamil Nadu
628622,Peikulam,Tamil Nadu
628623,Tiruchendur,Tamil Nadu
628653,Thisayanvilai,Tamil Nadu
628656,Thisayanvilai,Tamil Nadu
628701,Peikulam,Tamil Nadu
628702,Thisayanvilai,Tamil Nadu
628703,Thisayanvilai,Tamil Nadu
628704,Peikulam,Tamil Nadu
628712,Vilathikulam,Tamil Nadu
628714,Kovilpatti,Tamil Nadu
628716,Kovilpatti,Tamil Nadu
628718,Kovilpatti,Tamil Nadu
628720,Kovilpatti,Tamil Nadu
628721,Kovilpatti,Tamil Nadu
628722,Vilathikulam,Tamil Nadu
628751,Eral,Tamil Nadu
628752,Eral,Tamil Nadu
628753,Eral,Tamil Nadu
628801,Eral,Tamil Nadu
628802,Eral,Tamil Nadu
628809,Tirunelveli,Tamil Nadu
628851,Ottapidaram,Tamil Nadu
628901,Vilathikulam,Tamil Nadu
628902,Vilathikulam,Tamil Nadu
628903,Vilathikulam,Tamil Nadu
628904,Vilathikulam,Tamil Nadu
628905,Perunali,Tamil Nadu
628906,Vilathikulam,Tamil Nadu
628907,Vilathikulam,Tamil Nadu
628908,Kovilpatti,Tamil Nadu
628952,Kovilpatti,Tamil Nadu
629001,Nagercoil,Tamil Nadu
629002,Nagercoil,Tamil Nadu
629003,Nagercoil,Tamil Nadu
629004,Nagercoil,Tamil Nadu
629051,Nagercoil,Tamil Nadu
629101,Marthandam,Tamil Nadu
629102,Thuckalay,Tamil Nadu
629151,Marthandam,Tamil Nadu
629152,Marthandam,Tamil Nadu
629153,Marthandam,Tamil Nadu
629154,Marthandam,Tamil Nadu
629155,Thuckalay,Tamil Nadu
629156,Thuckalay,Tamil Nadu
629157,Thuckalay,Tamil Nadu
629158,Marthandam,Tamil Nadu
629159,Thuckalay,Tamil Nadu
629160,Marthandam,Tamil Nadu
629161,Marthandam,Tamil Nadu
629162,Marthandam,Tamil Nadu
629163,Marthandam,Tamil Nadu
629164,Thuckalay,Tamil Nadu
629165,Marthandam,Tamil Nadu
629166,Thuckalay,Tamil Nadu
629167,Thuckalay,Tamil Nadu
629168,Marthandam,Tamil Nadu
629169,Thuckalay,Tamil Nadu
629170,Marthandam,Tamil Nadu
629171,Marthandam,Tamil Nadu
629172,Marthandam,Tamil Nadu
629173,Marthandam,Tamil Nadu
629174,Thuckalay,Tamil Nadu
629175,Thuckalay,Tamil Nadu
629176,Marthandam,Tamil Nadu
629177,Marthandam,Tamil Nadu
629178,Thuckalay,Tamil Nadu
629179,Marthandam,Tamil Nadu
629180,Thuckalay,Tamil Nadu
629189,Thuckalay,Tamil Nadu
629191,Marthandam,Tamil Nadu
629193,Marthandam,Tamil Nadu
629201,Nagercoil,Tamil Nadu
629202,Thuckalay,Tamil Nadu
629203,Nagercoil,Tamil Nadu
629204,Thuckalay,Tamil Nadu
629205,Tirunelveli,Tamil Nadu
629251,Thuckalay,Tamil Nadu
629252,Thuckalay,Tamil Nadu
629253,Nagercoil,Tamil Nadu
629301,Nagercoil,Tamil Nadu
629302,Nagercoil,Tamil Nadu
629303,Nagercoil,Tamil Nadu
629304,Nagercoil,Tamil Nadu
629305,Nagercoil,Tamil Nadu
629401,Nagercoil,Tamil Nadu
629402,Nagercoil,Tamil Nadu
629403,Nagercoil,Tamil Nadu
629404,Nagercoil,Tamil Nadu
629501,Nagercoil,Tamil Nadu
629502,Nagercoil,Tamil Nadu
629504,Nagercoil,Tamil Nadu
629601,Nagercoil,Tamil Nadu
629602,Nagercoil,Tamil Nadu
629603,Nagercoil,Tamil Nadu
629701,Nagercoil,Tamil Nadu
629702,Nagercoil,Tamil Nadu
629703,Nagercoil,Tamil Nadu
629704,Nagercoil,Tamil Nadu
629706,Nagercoil,Tamil Nadu
629707,Nagercoil,Tamil Nadu
629708,Nagercoil,Tamil Nadu
629801,Thuckalay,Tamil Nadu
629802,Thuckalay,Tamil Nadu
629803,Thuckalay,Tamil Nadu
629804,Thuckalay,Tamil Nadu
629805,Nagercoil,Tamil Nadu
629806,Nagercoil,Tamil Nadu
629807,Nagercoil,Tamil Nadu
629808,Thuckalay,Tamil Nadu
629809,Thuckalay,Tamil Nadu
629810,Thuckalay,Tamil Nadu
629851,Nagercoil,Tamil Nadu
629852,Nagercoil,Tamil Nadu
629855,Nagercoil,Tamil Nadu
629901,Nagercoil,Tamil Nadu
629902,Nagercoil,Tamil Nadu
630001,Karaikudi,Tamil Nadu
630002,Karaikudi,Tamil Nadu
630003,Karaikudi,Tamil Nadu
630004,Karaikudi,Tamil Nadu
630005,Karaikudi,Tamil Nadu
630006,Karaikudi,Tamil Nadu
630009,Karaikudi,Tamil Nadu
630101,Karaikudi,Tamil Nadu
630102,Karaikudi,Tamil Nadu
630103,Karaikudi,Tamil Nadu
630104,Karaikudi,Tamil Nadu
630105,Karaikudi,Tamil Nadu
630106,Karaikudi,Tamil Nadu
630107,Karaikudi,Tamil Nadu
630108,Karaikudi,Tamil Nadu
630201,Ponnamaravathi,Tamil Nadu
630202,Karaikudi,Tamil Nadu
630203,Ponnamaravathi,Tamil Nadu
630204,Karaikudi,Tamil Nadu
630205,Ponnamaravathi,Tamil Nadu
630206,Karaikudi,Tamil Nadu
630207,Karaikudi,Tamil Nadu
630208,Karaikudi,Tamil Nadu
630210,Ponnamaravathi,Tamil Nadu
630211,Ponnamaravathi,Tamil Nadu
630212,Karaikudi,Tamil Nadu
630214,Karaikudi,Tamil Nadu
630215,Karaikudi,Tamil Nadu
630301,Karaikudi,Tamil Nadu
630302,Karaikudi,Tamil Nadu
630303,Karaikudi,Tamil Nadu
630305,Karaikudi,Tamil Nadu
630306,Karaikudi,Tamil Nadu
630307,Karaikudi,Tamil Nadu
630309,Melur,Tamil Nadu
630310,Karaikudi,Tamil Nadu
630311,Karaikudi,Tamil Nadu
630312,Thiruvadanai,Tamil Nadu
630313,Karaikudi,Tamil Nadu
630314,Karaikudi,Tamil Nadu
630318,Karaikudi,Tamil Nadu
630321,Sivaganga,Tamil Nadu
630405,Ponnamaravathi,Tamil Nadu
630408,Thiruvadanai,Tamil Nadu
630410,Melur,Tamil Nadu
630411,Thiruvadanai,Tamil Nadu
630501,Ponnamaravathi,Tamil Nadu
630502,Ponnamaravathi,Tamil Nadu
630551,Sivaganga,Tamil Nadu
630552,Sivaganga,Tamil Nadu
630553,Sivaganga,Tamil Nadu
630554,Sivaganga,Tamil Nadu
630555,Sivaganga,Tamil Nadu
630556,Sivaganga,Tamil Nadu
630557,Sivaganga,Tamil Nadu
630558,Sivaganga,Tamil Nadu
630559,Sivaganga,Tamil Nadu
630561,Sivaganga,Tamil Nadu
630562,Sivaganga,Tamil Nadu
630565,Sivaganga,Tamil Nadu
630566,Sivaganga,Tamil Nadu
630602,Sivaganga,Tamil Nadu
630606,Sivaganga,Tamil Nadu
630609,Sivaganga,Tamil Nadu
630610,Narikkudi,Tamil Nadu
630611,Madurai,Tamil Nadu
630612,Madurai,Tamil Nadu
630702,Paramakudi,Tamil Nadu
630709,Sivaganga,Tamil Nadu
630710,Thiruvadanai,Tamil Nadu
630713,Thiruvadanai,Tamil Nadu
631001,Arakkonam,Tamil Nadu
631002,Arakkonam,Tamil Nadu
631003,Arakkonam,Tamil Nadu
631004,Arakkonam,Tamil Nadu
631005,Arakkonam,Tamil Nadu
631006,Arakkonam,Tamil Nadu
631051,Arakkonam,Tamil Nadu
631052,Arakkonam,Tamil Nadu
631101,Arakkonam,Tamil Nadu
631102,Sholinghur,Tamil Nadu
631105,Sriperumbudur,Tamil Nadu
631151,Arakkonam,Tamil Nadu
631152,Arakkonam,Tamil Nadu
631201,Arakkonam,Tamil Nadu
631202,Sholinghur,Tamil Nadu
631203,Tiruvallur,Tamil Nadu
631204,Tiruvallur,Tamil Nadu
631205,Sholinghur,Tamil Nadu
631206,Sholinghur,Tamil Nadu
631207,Sholinghur,Tamil Nadu
631208,Sholinghur,Tamil Nadu
631209,Arakkonam,Tamil Nadu
631210,Tiruvallur,Tamil Nadu
631211,Arakkonam,Tamil Nadu
631212,Arakkonam,Tamil Nadu
631213,Sholinghur,Tamil Nadu
631301,Sholinghur,Tamil Nadu
631302,Sholinghur,Tamil Nadu
631303,Sholinghur,Tamil Nadu
631304,Sholinghur,Tamil Nadu
631402,Sriperumbudur,Tamil Nadu
631501,Kanchipuram,Tamil Nadu
631503,Kanchipuram,Tamil Nadu
631551,Kanchipuram,Tamil Nadu
631552,Kanchipuram,Tamil Nadu
631553,Sriperumbudur,Tamil Nadu
631602,Kanchipuram,Tamil Nadu
631603,Kanchipuram,Tamil Nadu
631604,Sriperumbudur,Tamil Nadu
631605,Kanchipuram,Tamil Nadu
631606,Chengalpattu,Tamil Nadu
631701,Kanchipuram,Tamil Nadu
631702,Kanchipuram,Tamil Nadu
631703,Kanchipuram,Tamil Nadu
632001,Vellore,Tamil Nadu
632002,Vellore,Tamil Nadu
632003,Vellore,Tamil Nadu
632004,Vellore,Tamil Nadu
632005,Vellore,Tamil Nadu
632006,Vellore,Tamil Nadu
632007,Vellore,Tamil Nadu
632008,Vellore,Tamil Nadu
632009,Vellore,Tamil Nadu
632010,Vellore,Tamil Nadu
632011,Vellore,Tamil Nadu
632012,Vellore,Tamil Nadu
632013,Vellore,Tamil Nadu
632014,Vellore,Tamil Nadu
632052,Vellore,Tamil Nadu
632053,Vellore,Tamil Nadu
632054,Vellore,Tamil Nadu
632055,Vellore,Tamil Nadu
632057,Vellore,Tamil Nadu
632058,Vellore,Tamil Nadu
632059,Vellore,Tamil Nadu
632101,Gudiyattam,Tamil Nadu
632102,Vellore,Tamil Nadu
632103,Gudiyattam,Tamil Nadu
632104,Vellore,Tamil Nadu
632105,Vellore,Tamil Nadu
632106,Vellore,Tamil Nadu
632107,Gudiyattam,Tamil Nadu
632113,Gudiyattam,Tamil Nadu
632114,Vellore,Tamil Nadu
632115,Vellore,Tamil Nadu
632201,Vellore,Tamil Nadu
632202,Vellore,Tamil Nadu
632203,Vellore,Tamil Nadu
632204,Vellore,Tamil Nadu
632207,Gudiyattam,Tamil Nadu
632209,Vellore,Tamil Nadu
632301,Arani,Tamil Nadu
632311,Vellore,Tamil Nadu
632312,Arani,Tamil Nadu
632313,Arani,Tamil Nadu
632314,Arani,Tamil Nadu
632315,Arani,Tamil Nadu
632316,Arani,Tamil Nadu
632317,Arani,Tamil Nadu
632318,Cheyyar,Tamil Nadu
632319,Arani,Tamil Nadu
632326,Arani,Tamil Nadu
632401,Ranipet,Tamil Nadu
632402,Ranipet,Tamil Nadu
632403,Ranipet,Tamil Nadu
632404,Ranipet,Tamil Nadu
632405,Ranipet,Tamil Nadu
632406,Ranipet,Tamil Nadu
632501,Ranipet,Tamil Nadu
632502,Arakkonam,Tamil Nadu
632503,Ranipet,Tamil Nadu
632504,Arani,Tamil Nadu
632505,Sholinghur,Tamil Nadu
632506,Ranipet,Tamil Nadu
632507,Ranipet,Tamil Nadu
632508,Ranipet,Tamil Nadu
632509,Ranipet,Tamil Nadu
632510,Arakkonam,Tamil Nadu
632511,Cheyyar,Tamil Nadu
632512,Ranipet,Tamil Nadu
632513,Ranipet,Tamil Nadu
632514,Sholinghur,Tamil Nadu
632515,Ranipet,Tamil Nadu
632516,Vellore,Tamil Nadu
632517,Vellore,Tamil Nadu
632518,Cheyyar,Tamil Nadu
632519,Vellore,Tamil Nadu
632520,Ranipet,Tamil Nadu
632521,Ranipet,Tamil Nadu
632531,Kanchipuram,Tamil Nadu
632601,Gudiyattam,Tamil Nadu
632602,Gudiyattam,Tamil Nadu
632603,Gudiyattam,Tamil Nadu
632604,Gudiyattam,Tamil Nadu
632605,Gudiyattam,Tamil Nadu
632608,Gudiyattam,Tamil Nadu
635001,Krishnagiri,Tamil Nadu
635002,Krishnagiri,Tamil Nadu
635101,Krishnagiri,Tamil Nadu
635103,Hosur,Tamil Nadu
635104,Krishnagiri,Tamil Nadu
635105,Hosur,Tamil Nadu
635106,Krishnagiri,Tamil Nadu
635107,Denkanikottai,Tamil Nadu
635108,Krishnagiri,Tamil Nadu
635109,Hosur,Tamil Nadu
635110,Hosur,Tamil Nadu
635111,Krishnagiri,Tamil Nadu
635112,Krishnagiri,Tamil Nadu
635113,Hosur,Tamil Nadu
635114,Hosur,Tamil Nadu
635115,Krishnagiri,Tamil Nadu
635116,Hosur,Tamil Nadu
635117,Hosur,Tamil Nadu
635118,Hosur,Tamil Nadu
635119,Hosur,Tamil Nadu
635120,Krishnagiri,Tamil Nadu
635121,Krishnagiri,Tamil Nadu
635122,Krishnagiri,Tamil Nadu
635123,Uthangarai,Tamil Nadu
635124,Hosur,Tamil Nadu
635126,Hosur,Tamil Nadu
635128,Krishnagiri,Tamil Nadu
635130,Hosur,Tamil Nadu
635132,Hosur,Tamil Nadu
635201,Uthangarai,Tamil Nadu
635202,Dharmapuri,Tamil Nadu
635203,Krishnagiri,Tamil Nadu
635204,Krishnagiri,Tamil Nadu
635205,Dharmapuri,Tamil Nadu
635206,Uthangarai,Tamil Nadu
635207,Uthangarai,Tamil Nadu
635211,Krishnagiri,Tamil Nadu
635301,Dharmapuri,Tamil Nadu
635302,Dharmapuri,Tamil Nadu
635303,Dharmapuri,Tamil Nadu
635304,Uthangarai,Tamil Nadu
635305,Dharmapuri,Tamil Nadu
635306,Uthangarai,Tamil Nadu
635307,Uthangarai,Tamil Nadu
635601,Tiruppattur,Tamil Nadu
635602,Tiruppattur,Tamil Nadu
635651,Tiruppattur,Tamil Nadu
635652,Tiruppattur,Tamil Nadu
635653,Tiruppattur,Tamil Nadu
635654,Tiruppattur,Tamil Nadu
635655,Uthangarai,Tamil Nadu
635701,Tiruppattur,Tamil Nadu
635702,Tiruppattur,Tamil Nadu
635710,Tiruppattur,Tamil Nadu
635751,Ambur,Tamil Nadu
635752,Ambur,Tamil Nadu
635754,Ambur,Tamil Nadu
635801,Ambur,Tamil Nadu
635802,Ambur,Tamil Nadu
635803,Gudiyattam,Tamil Nadu
635804,Ambur,Tamil Nadu
635805,Ambur,Tamil Nadu
635806,Gudiyattam,Tamil Nadu
635807,Ambur,Tamil Nadu
635808,Ambur,Tamil Nadu
635809,Vellore,Tamil Nadu
635810,Ambur,Tamil Nadu
635811,Ambur,Tamil Nadu
635812,Ambur,Tamil Nadu
635813,Ambur,Tamil Nadu
635814,Ambur,Tamil Nadu
635815,Tiruppattur,Tamil Nadu
635851,Tiruppattur,Tamil Nadu
635852,Tiruppattur,Tamil Nadu
635853,Tiruppattur,Tamil Nadu
635854,Tiruppattur,Tamil Nadu
635901,Tiruppattur,Tamil Nadu
636001,Salem,Tamil Nadu
636002,Salem,Tamil Nadu
636003,Salem,Tamil Nadu
636004,Salem,Tamil Nadu
636005,Salem,Tamil Nadu
636006,Salem,Tamil Nadu
636007,Salem,Tamil Nadu
636008,Salem,Tamil Nadu
636009,Salem,Tamil Nadu
636010,Salem,Tamil Nadu
636011,Salem,Tamil Nadu
636012,Salem,Tamil Nadu
636013,Salem,Tamil Nadu
636014,Salem,Tamil Nadu
636015,Salem,Tamil Nadu
636016,Salem,Tamil Nadu
636017,Salem,Tamil Nadu
636030,Salem,Tamil Nadu
636101,Chinnasalem,Tamil Nadu
636102,Attur,Tamil Nadu
636103,Salem,Tamil Nadu
636104,Attur,Tamil Nadu
636105,Attur,Tamil Nadu
636106,Salem,Tamil Nadu
636107,Attur,Tamil Nadu
636108,Attur,Tamil Nadu
636109,Attur,Tamil Nadu
636111,Mettala,Tamil Nadu
636112,Attur,Tamil Nadu
636113,Attur,Tamil Nadu
636114,Attur,Tamil Nadu
636115,Attur,Tamil Nadu
636116,Chinnasalem,Tamil Nadu
636117,Attur,Tamil Nadu
636118,Mettala,Tamil Nadu
636119,Attur,Tamil Nadu
636121,Attur,Tamil Nadu
636122,Salem,Tamil Nadu
636139,Salem,Tamil Nadu
636140,Salem,Tamil Nadu
636141,Attur,Tamil Nadu
636142,Mettala,Tamil Nadu
636201,Salem,Tamil Nadu
636202,Mettala,Tamil Nadu
636203,Salem,Tamil Nadu
636204,Salem,Tamil Nadu
636301,Rasipuram,Tamil Nadu
636302,Salem,Tamil Nadu
636303,Mettur,Tamil Nadu
636304,Salem,Tamil Nadu
636305,Thoppur,Tamil Nadu
636306,Salem,Tamil Nadu
636307,Salem,Tamil Nadu
636308,Salem,Tamil Nadu
636309,Salem,Tamil Nadu
636351,Thoppur,Tamil Nadu
636352,Thoppur,Tamil Nadu
636354,Thoppur,Tamil Nadu
636401,Mettur,Tamil Nadu
636402,Mettur,Tamil Nadu
636403,Mettur,Tamil Nadu
636404,Mettur,Tamil Nadu
636406,Mettur,Tamil Nadu
636407,Rasipuram,Tamil Nadu
636451,Salem,Tamil Nadu
636452,Mettur,Tamil Nadu
636453,Mettur,Tamil Nadu
636454,Mettur,Tamil Nadu
636455,Salem,Tamil Nadu
636456,Mettur,Tamil Nadu
636457,Mettur,Tamil Nadu
636458,Mettur,Tamil Nadu
636501,Mettur,Tamil Nadu
636502,Salem,Tamil Nadu
636503,Mettur,Tamil Nadu
636601,Salem,Tamil Nadu
636701,Dharmapuri,Tamil Nadu
636704,Dharmapuri,Tamil Nadu
636705,Dharmapuri,Tamil Nadu
636803,Dharmapuri,Tamil Nadu
636804,Dharmapuri,Tamil Nadu
636805,Palacode,Tamil Nadu
636806,Palacode,Tamil Nadu
636807,Dharmapuri,Tamil Nadu
636808,Palacode,Tamil Nadu
636809,Dharmapuri,Tamil Nadu
636810,Pennagaram,Tamil Nadu
636811,Thoppur,Tamil Nadu
636812,Denkanikottai,Tamil Nadu
636813,Dharmapuri,Tamil Nadu
636902,Uthangarai,Tamil Nadu
636903,Harur,Tamil Nadu
636904,Harur,Tamil Nadu
636905,Harur,Tamil Nadu
636906,Harur,Tamil Nadu
637001,Namakkal,Tamil Nadu
637002,Namakkal,Tamil Nadu
637003,Namakkal,Tamil Nadu
637013,Namakkal,Tamil Nadu
637014,Namakkal,Tamil Nadu
637015,Namakkal,Tamil Nadu
637017,Namakkal,Tamil Nadu
637018,Rasipuram,Tamil Nadu
637019,Namakkal,Tamil Nadu
637020,Namakkal,Tamil Nadu
637021,Namakkal,Tamil Nadu
637101,Sankari,Tamil Nadu
637102,Sankari,Tamil Nadu
637103,Sankari,Tamil Nadu
637104,Mettur,Tamil Nadu
637105,Sankari,Tamil Nadu
637107,Mettur,Tamil Nadu
637201,Tiruchengode,Tamil Nadu
637202,Tiruchengode,Tamil Nadu
637203,Tiruchengode,Tamil Nadu
637204,Velur,Tamil Nadu
637205,Tiruchengode,Tamil Nadu
637206,Namakkal,Tamil Nadu
637207,Namakkal,Tamil Nadu
637208,Karur,Tamil Nadu
637209,Tiruchengode,Tamil Nadu
637210,Tiruchengode,Tamil Nadu
637211,Tiruchengode,Tamil Nadu
637212,Namakkal,Tamil Nadu
637213,Tiruchengode,Tamil Nadu
637214,Tiruchengode,Tamil Nadu
637215,Tiruchengode,Tamil Nadu
637301,Sankari,Tamil Nadu
637302,Sankari,Tamil Nadu
637303,Sankari,Tamil Nadu
637304,Tiruchengode,Tamil Nadu
637306,Sankari,Tamil Nadu
637401,Rasipuram,Tamil Nadu
637402,Rasipuram,Tamil Nadu
637403,Rasipuram,Tamil Nadu
637404,Namakkal,Tamil Nadu
637405,Namakkal,Tamil Nadu
637406,Rasipuram,Tamil Nadu
637407,Rasipuram,Tamil Nadu
637408,Rasipuram,Tamil Nadu
637409,Namakkal,Tamil Nadu
637410,Rasipuram,Tamil Nadu
637411,Thuraiyur,Tamil Nadu
637412,Rasipuram,Tamil Nadu
637415,Namakkal,Tamil Nadu
637501,Salem,Tamil Nadu
637502,Salem,Tamil Nadu
637503,Tiruchengode,Tamil Nadu
637504,Sankari,Tamil Nadu
637505,Rasipuram,Tamil Nadu
638001,Erode,Tamil Nadu
638002,Erode,Tamil Nadu
638003,Erode,Tamil Nadu
638004,Erode,Tamil Nadu
638005,Erode,Tamil Nadu
638006,Erode,Tamil Nadu
638007,Erode,Tamil Nadu
638008,Erode,Tamil Nadu
638009,Erode,Tamil Nadu
638010,Erode,Tamil Nadu
638011,Erode,Tamil Nadu
638012,Erode,Tamil Nadu
638051,Perundurai,Tamil Nadu
638052,Perundurai,Tamil Nadu
638053,Perundurai,Tamil Nadu
638054,Perundurai,Tamil Nadu
638055,Perundurai,Tamil Nadu
638056,Perundurai,Tamil Nadu
638057,Perundurai,Tamil Nadu
638058,Erode,Tamil Nadu
638060,Perundurai,Tamil Nadu
638101,Erode,Tamil Nadu
638102,Erode,Tamil Nadu
638103,Perundurai,Tamil Nadu
638104,Erode,Tamil Nadu
638105,Kangeyam,Tamil Nadu
638106,Dharapuram,Tamil Nadu
638107,Erode,Tamil Nadu
638108,Kangeyam,Tamil Nadu
638109,Kodumudi,Tamil Nadu
638110,Gobichettipalayam,Tamil Nadu
638111,Kangeyam,Tamil Nadu
638112,Perundurai,Tamil Nadu
638113,Karur,Tamil Nadu
638115,Erode,Tamil Nadu
638116,Erode,Tamil Nadu
638151,Karur,Tamil Nadu
638152,Kodumudi,Tamil Nadu
638153,Erode,Tamil Nadu
638154,Erode,Tamil Nadu
638181,Karur,Tamil Nadu
638182,Karur,Tamil Nadu
638183,Erode,Tamil Nadu
638202,Tirupur,Tamil Nadu
638211,Erode,Tamil Nadu
638301,Anthiyour,Tamil Nadu
638302,Erode,Tamil Nadu
638311,Anthiyour,Tamil Nadu
638312,Anthiyour,Tamil Nadu
638313,Gobichettipalayam,Tamil Nadu
638314,Anthiyour,Tamil Nadu
638315,Anthiyour,Tamil Nadu
638316,Erode,Tamil Nadu
638327,Erode,Tamil Nadu
638401,Sathyamangalam,Tamil Nadu
638402,Sathyamangalam,Tamil Nadu
638403,Tirupur,Tamil Nadu
638451,Sathyamangalam,Tamil Nadu
638452,Gobichettipalayam,Tamil Nadu
638453,Gobichettipalayam,Tamil Nadu
638454,Annur,Tamil Nadu
638455,Gobichettipalayam,Tamil Nadu
638456,Gobichettipalayam,Tamil Nadu
638457,Gobichettipalayam,Tamil Nadu
638458,Gobichettipalayam,Tamil Nadu
638459,Annur,Tamil Nadu
638460,Avinashi,Tamil Nadu
638461,Thalavadi,Tamil Nadu
638462,Annur,Tamil Nadu
638466,Mettupalayam,Tamil Nadu
638476,Gobichettipalayam,Tamil Nadu
638501,Anthiyour,Tamil Nadu
638502,Anthiyour,Tamil Nadu
638503,Sathyamangalam,Tamil Nadu
638504,Anthiyour,Tamil Nadu
638505,Gobichettipalayam,Tamil Nadu
638506,Gobichettipalayam,Tamil Nadu
638512,Gobichettipalayam,Tamil Nadu
638656,Dharapuram,Tamil Nadu
638657,Dharapuram,Tamil Nadu
638660,Tirupur,Tamil Nadu
638661,Dharapuram,Tamil Nadu
638664,Tirupur,Tamil Nadu
638668,Annur,Tamil Nadu
638672,Dharapuram,Tamil Nadu
638673,Dharapuram,Tamil Nadu
638701,Kangeyam,Tamil Nadu
638702,Dharapuram,Tamil Nadu
638703,Dharapuram,Tamil Nadu
638706,Dharapuram,Tamil Nadu
638751,Tirupur,Tamil Nadu
638752,Tirupur,Tamil Nadu
638812,Tirupur,Tamil Nadu
639001,Karur,Tamil Nadu
639002,Karur,Tamil Nadu
639003,Karur,Tamil Nadu
639004,Karur,Tamil Nadu
639005,Karur,Tamil Nadu
639006,Karur,Tamil Nadu
639007,Karur,Tamil Nadu
639008,Karur,Tamil Nadu
639101,Tiruchi,Tamil Nadu
639102,Kulithalai,Tamil Nadu
639103,Tiruchi,Tamil Nadu
639104,Kulithalai,Tamil Nadu
639105,Kulithalai,Tamil Nadu
639106,Karur,Tamil Nadu
639107,Kulithalai,Tamil Nadu
639108,Karur,Tamil Nadu
639109,Karur,Tamil Nadu
639110,Kulithalai,Tamil Nadu
639111,Karur,Tamil Nadu
639112,Kulithalai,Tamil Nadu
639113,Karur,Tamil Nadu
639114,Karur,Tamil Nadu
639115,Kulithalai,Tamil Nadu
639116,Karur,Tamil Nadu
639117,Karur,Tamil Nadu
639118,Karur,Tamil Nadu
639119,Kulithalai,Tamil Nadu
639120,Kulithalai,Tamil Nadu
639136,Karur,Tamil Nadu
639201,Gujiliamparai,Tamil Nadu
639202,Gujiliamparai,Tamil Nadu
639203,Gujiliamparai,Tamil Nadu
639205,Gujiliamparai,Tamil Nadu
639206,Karur,Tamil Nadu
639207,Gujiliamparai,Tamil Nadu
641001,Coimbatore,Tamil Nadu
641002,Coimbatore,Tamil Nadu
641003,Coimbatore,Tamil Nadu
641004,Coimbatore,Tamil Nadu
641005,Coimbatore,Tamil Nadu
641006,Coimbatore,Tamil Nadu
641007,Coimbatore,Tamil Nadu
641008,Coimbatore,Tamil Nadu
641009,Coimbatore,Tamil Nadu
641010,Coimbatore,Tamil Nadu
641011,Coimbatore,Tamil Nadu
641012,Coimbatore,Tamil Nadu
641013,Coimbatore,Tamil Nadu
641014,Coimbatore,Tamil Nadu
641015,Coimbatore,Tamil Nadu
641016,Coimbatore,Tamil Nadu
641017,Coimbatore,Tamil Nadu
641018,Coimbatore,Tamil Nadu
641019,Coimbatore,Tamil Nadu
641020,Coimbatore,Tamil Nadu
641021,Coimbatore,Tamil Nadu
641022,Coimbatore,Tamil Nadu
641023,Coimbatore,Tamil Nadu
641024,Coimbatore,Tamil Nadu
641025,Coimbatore,Tamil Nadu
641026,Coimbatore,Tamil Nadu
641027,Coimbatore,Tamil Nadu
641028,Coimbatore,Tamil Nadu
641029,Coimbatore,Tamil Nadu
641030,Coimbatore,Tamil Nadu
641031,Coimbatore,Tamil Nadu
641032,Coimbatore,Tamil Nadu
641033,Coimbatore,Tamil Nadu
641034,Coimbatore,Tamil Nadu
641035,Coimbatore,Tamil Nadu
641036,Coimbatore,Tamil Nadu
641037,Coimbatore,Tamil Nadu
641038,Coimbatore,Tamil Nadu
641039,Coimbatore,Tamil Nadu
641040,Coimbatore,Tamil Nadu
641041,Coimbatore,Tamil Nadu
641042,Coimbatore,Tamil Nadu
641043,Coimbatore,Tamil Nadu
641044,Coimbatore,Tamil Nadu
641045,Coimbatore,Tamil Nadu
641046,Coimbatore,Tamil Nadu
641047,Coimbatore,Tamil Nadu
641048,Coimbatore,Tamil Nadu
641049,Coimbatore,Tamil Nadu
641050,Coimbatore,Tamil Nadu
641061,Coimbatore,Tamil Nadu
641062,Coimbatore,Tamil Nadu
641064,Coimbatore,Tamil Nadu
641065,Coimbatore,Tamil Nadu
641101,Coimbatore,Tamil Nadu
641102,Mettupalayam,Tamil Nadu
641103,Coimbatore,Tamil Nadu
641104,Mettupalayam,Tamil Nadu
641105,Coimbatore,Tamil Nadu
641107,Coimbatore,Tamil Nadu
641108,Coimbatore,Tamil Nadu
641109,Coimbatore,Tamil Nadu
641110,Coimbatore,Tamil Nadu
641111,Coimbatore,Tamil Nadu
641112,Coimbatore,Tamil Nadu
641113,Mettupalayam,Tamil Nadu
641114,Coimbatore,Tamil Nadu
641118,Mettupalayam,Tamil Nadu
641201,Coimbatore,Tamil Nadu
641202,Coimbatore,Tamil Nadu
641301,Mettupalayam,Tamil Nadu
641302,Mettupalayam,Tamil Nadu
641303,Mettupalayam,Tamil Nadu
641304,Annur,Tamil Nadu
641305,Mettupalayam,Tamil Nadu
641401,Coimbatore,Tamil Nadu
641402,Coimbatore,Tamil Nadu
641404,Pollachi,Tamil Nadu
641405,Coimbatore,Tamil Nadu
641406,Coimbatore,Tamil Nadu
641407,Coimbatore,Tamil Nadu
641408,Coimbatore,Tamil Nadu
641601,Tirupur,Tamil Nadu
641602,Tirupur,Tamil Nadu
641603,Tirupur,Tamil Nadu
641604,Tirupur,Tamil Nadu
641605,Tirupur,Tamil Nadu
641606,Tirupur,Tamil Nadu
641607,Tirupur,Tamil Nadu
641608,Tirupur,Tamil Nadu
641652,Avinashi,Tamil Nadu
641653,Annur,Tamil Nadu
641654,Avinashi,Tamil Nadu
641655,Avinashi,Tamil Nadu
641658,Tirupur,Tamil Nadu
641659,Coimbatore,Tamil Nadu
641662,Tirupur,Tamil Nadu
641663,Avinashi,Tamil Nadu
641664,Tirupur,Tamil Nadu
641665,Tirupur,Tamil Nadu
641666,Avinashi,Tamil Nadu
641667,Tirupur,Tamil Nadu
641668,Coimbatore,Tamil Nadu
641669,Tirupur,Tamil Nadu
641670,Avinashi,Tamil Nadu
641671,Tirupur,Tamil Nadu
641687,Tirupur,Tamil Nadu
641697,Mettupalayam,Tamil Nadu
642001,Pollachi,Tamil Nadu
642002,Pollachi,Tamil Nadu
642003,Pollachi,Tamil Nadu
642004,Pollachi,Tamil Nadu
642005,Pollachi,Tamil Nadu
642006,Pollachi,Tamil Nadu
642007,Pollachi,Tamil Nadu
642052,Pollachi,Tamil Nadu
642101,Pollachi,Tamil Nadu
642102,Udumalaipettai,Tamil Nadu
642103,Pollachi,Tamil Nadu
642104,Pollachi,Tamil Nadu
642105,Valparai,Tamil Nadu
642106,Pollachi,Tamil Nadu
642107,Pollachi,Tamil Nadu
642108,Valparai,Tamil Nadu
642109,Pollachi,Tamil Nadu
642110,Pollachi,Tamil Nadu
642111,Udumalaipettai,Tamil Nadu
642112,Udumalaipettai,Tamil Nadu
642113,Udumalaipettai,Tamil Nadu
642114,Pollachi,Tamil Nadu
642115,Pollachi,Tamil Nadu
642117,Valparai,Tamil Nadu
642119,Pollachi,Tamil Nadu
642120,Pollachi,Tamil Nadu
642122,Udumalaipettai,Tamil Nadu
642123,Pollachi,Tamil Nadu
642125,Valparai,Tamil Nadu
642126,Udumalaipettai,Tamil Nadu
642127,Valparai,Tamil Nadu
642128,Udumalaipettai,Tamil Nadu
642129,Pollachi,Tamil Nadu
642130,Pollachi,Tamil Nadu
642132,Udumalaipettai,Tamil Nadu
642133,Pollachi,Tamil Nadu
642134,Pollachi,Tamil Nadu
642140,Pollachi,Tamil Nadu
642144,Pollachi,Tamil Nadu
642152,Pollachi,Tamil Nadu
642154,Udumalaipettai,Tamil Nadu
642201,Udumalaipettai,Tamil Nadu
642202,Pollachi,Tamil Nadu
642203,Udumalaipettai,Tamil Nadu
642204,Udumalaipettai,Tamil Nadu
642205,Udumalaipettai,Tamil Nadu
642206,Udumalaipettai,Tamil Nadu
642207,Udumalaipettai,Tamil Nadu
643001,Ooty,Tamil Nadu
643002,Ooty,Tamil Nadu
643003,Ooty,Tamil Nadu
643004,Ooty,Tamil Nadu
643005,Ooty,Tamil Nadu
643006,Ooty,Tamil Nadu
643007,Ooty,Tamil Nadu
643101,Coonoor,Tamil Nadu
643102,Coonoor,Tamil Nadu
643103,Coonoor,Tamil Nadu
643104,Coonoor,Tamil Nadu
643105,Coonoor,Tamil Nadu
643201,Kotagiri,Tamil Nadu
643202,Coonoor,Tamil Nadu
643204,Ooty,Tamil Nadu
643207,Gudalur,Tamil Nadu
643211,Gudalur,Tamil Nadu
643212,Gudalur,Tamil Nadu
643213,Coonoor,Tamil Nadu
643214,Kotagiri,Tamil Nadu
643215,Ooty,Tamil Nadu
643216,Kotagiri,Tamil Nadu
643217,Kotagiri,Tamil Nadu
643218,Coonoor,Tamil Nadu
643220,Gudalur,Tamil Nadu
643221,Ooty,Tamil Nadu
643224,Gudalur,Tamil Nadu
643225,Gudalur,Tamil Nadu
643231,Coonoor,Tamil Nadu
643232,Coonoor,Tamil Nadu
643233,Gudalur,Tamil Nadu
643234,Coonoor,Tamil Nadu
643236,Kotagiri,Tamil Nadu
643237,Gudalur,Tamil Nadu
643238,Coonoor,Tamil Nadu
643240,Gudalur,Tamil Nadu
643243,Coonoor,Tamil Nadu
643253,Gudalur,Tamil Nadu
643270,Gudalur,Tamil Nadu
643282,Ooty,Tamil Nadu
670001,Kannur,Kerala
670002,Kannur,Kerala
670003,Kannur,Kerala
670004,Kannur,Kerala
670005,Kannur,Kerala
670006,Kannur,Kerala
670007,Kannur,Kerala
670009,Kannur,Kerala
670010,Kannur,Kerala
670011,Kannur,Kerala
670012,Kannur,Kerala
670013,Kannur,Kerala
670014,Kannur,Kerala
670015,Kannur,Kerala
670016,Kannur,Kerala
670017,Kannur,Kerala
670018,Kannur,Kerala
670101,Thalassery,Kerala
670102,Thalassery,Kerala
670103,Thalassery,Kerala
670104,Thalassery,Kerala
670105,Thalassery,Kerala
670106,Thalassery,Kerala
670107,Thalassery,Kerala
670109,Thalassery,Kerala
670141,Taliparamba,Kerala
670142,Taliparamba,Kerala
670143,Taliparamba,Kerala
670144,Taliparamba,Kerala
670301,Kannur,Kerala
670302,Taliparamba,Kerala
670303,Payyanur,Kerala
670304,Payyanur,Kerala
670305,Payyanur,Kerala
670307,Payyanur,Kerala
670308,Payyanur,Kerala
670309,Payyanur,Kerala
670310,Payyanur,Kerala
670314,Payyanur,Kerala
670315,Payyanur,Kerala
670319,Payyanur,Kerala
670325,Taliparamba,Kerala
670327,Payyanur,Kerala
670330,Payyanur,Kerala
670331,Kannur,Kerala
670332,Payyanur,Kerala
670333,Payyanur,Kerala
670334,Taliparamba,Kerala
670339,Payyanur,Kerala
670343,Payyanur,Kerala
670346,Payyanur,Kerala
670353,Payyanur,Kerala
670358,Payyanur,Kerala
670501,Payyanur,Kerala
670502,Taliparamba,Kerala
670503,Taliparamba,Kerala
670504,Kannur,Kerala
670507,Payyanur,Kerala
670511,Kannur,Kerala
670521,Payyanur,Kerala
670543,Kannur,Kerala
670561,Kannur,Kerala
670562,Taliparamba,Kerala
670563,Taliparamba,Kerala
670564,Taliparamba,Kerala
670565,Kannur,Kerala
670566,Kannur,Kerala
670567,Kannur,Kerala
670571,Alakode,Kerala
670581,Taliparamba,Kerala
670582,Alakode,Kerala
670591,Kannur,Kerala
670592,Kannur,Kerala
670593,Kannur,Kerala
670594,Kannur,Kerala
670595,Kannur,Kerala
670597,Kannur,Kerala
670601,Taliparamba,Kerala
670602,Kannur,Kerala
670603,Kannur,Kerala
670604,Kannur,Kerala
670611,Kannur,Kerala
670613,Kannur,Kerala
670621,Kannur,Kerala
670631,Kannur,Kerala
670632,Chavassery,Kerala
670633,Chavassery,Kerala
670641,Thalassery,Kerala
670643,Kuthuparamba,Kerala
670644,Mananthavadi,Kerala
670646,Mananthavadi,Kerala
670649,Thalassery,Kerala
670650,Kuthuparamba,Kerala
670651,Chavassery,Kerala
670661,Thalassery,Kerala
670671,Kuthuparamba,Kerala
670672,Thalassery,Kerala
670673,Chavassery,Kerala
670674,Chavassery,Kerala
670675,Thalassery,Kerala
670676,Thalassery,Kerala
670691,Kuthuparamba,Kerala
670692,Thalassery,Kerala
670693,Kuthuparamba,Kerala
670694,Thalassery,Kerala
670701,Kuthuparamba,Kerala
670702,Chavassery,Kerala
670703,Chavassery,Kerala
670704,Chavassery,Kerala
670706,Chavassery,Kerala
670708,Chavassery,Kerala
670721,Mananthavadi,Kerala
670731,Mananthavadi,Kerala
670741,Thalassery,Kerala
671121,Kasaragod,Kerala
671122,Kasaragod,Kerala
671123,Kasaragod,Kerala
671124,Kasaragod,Kerala
671125,Kasaragod,Kerala
671128,Kasaragod,Kerala
671221,Payyanur,Kerala
671310,Cheemeni,Kerala
671311,Payyanur,Kerala
671312,Nileshwar,Kerala
671313,Nileshwar,Kerala
671315,Kanhangad,Kerala
671316,Kanhangad,Kerala
671317,Kasaragod,Kerala
671318,Kasaragod,Kerala
671319,Kasaragod,Kerala
671320,Kasaragod,Kerala
671321,Manjeshwar,Kerala
671323,Manjeshwar,Kerala
671324,Manjeshwar,Kerala
671326,Parappa,Kerala
671329,Kanhangad,Kerala
671348,Manjeshwar,Kerala
671351,Parappa,Kerala
671531,Kanhangad,Kerala
671532,Parappa,Kerala
671541,Kuttikol,Kerala
671542,Kasaragod,Kerala
671543,Kuttikol,Kerala
671544,Kasaragod,Kerala
671545,Kasaragod,Kerala
671551,Kasaragod,Kerala
673001,Kozhikode,Kerala
673002,Kozhikode,Kerala
673003,Kozhikode,Kerala
673004,Kozhikode,Kerala
673005,Kozhikode,Kerala
673006,Kozhikode,Kerala
673007,Kozhikode,Kerala
673008,Kozhikode,Kerala
673009,Kozhikode,Kerala
673011,Kozhikode,Kerala
673013,Kozhikode,Kerala
673014,Kozhikode,Kerala
673015,Kozhikode,Kerala
673016,Kozhikode,Kerala
673017,Kozhikode,Kerala
673018,Kozhikode,Kerala
673019,Kozhikode,Kerala
673020,Kozhikode,Kerala
673021,Kozhikode,Kerala
673023,Thamarassery,Kerala
673024,Kozhikode,Kerala
673025,Kozhikode,Kerala
673026,Kozhikode,Kerala
673027,Kozhikode,Kerala
673028,Kozhikode,Kerala
673029,Kozhikode,Kerala
673032,Kozhikode,Kerala
673102,Vadakara,Kerala
673106,Vadakara,Kerala
673122,Kalpetta,Kerala
673123,Kalpetta,Kerala
673301,Kozhikode,Kerala
673302,Kozhikode,Kerala
673303,Kozhikode,Kerala
673304,Koyilandy,Kerala
673305,Koyilandy,Kerala
673306,Koyilandy,Kerala
673307,Koyilandy,Kerala
673311,Thalassery,Kerala
673312,Thalassery,Kerala
673314,Kozhikode,Kerala
673315,Kozhikode,Kerala
673316,Thalassery,Kerala
673317,Kozhikode,Kerala
673318,Koyilandy,Kerala
673321,Koyilandy,Kerala
673323,Koyilandy,Kerala
673325,Koyilandy,Kerala
673326,Koyilandy,Kerala
673327,Koyilandy,Kerala
673328,Kozhikode,Kerala
673501,Vadakara,Kerala
673502,Vadakara,Kerala
673504,Kallachi,Kerala
673505,Vadakara,Kerala
673506,Kallachi,Kerala
673507,Kallachi,Kerala
673509,Kallachi,Kerala
673513,Kallachi,Kerala
673515,Aluva,Kerala
673517,Kallachi,Kerala
673519,Kozhikode,Kerala
673522,Vadakara,Kerala
673525,Perambra,Kerala
673526,Perambra,Kerala
673529,Koyilandy,Kerala
673534,Thamarassery,Kerala
673542,Vadakara,Kerala
673570,Kozhikode,Kerala
673571,Kozhikode,Kerala
673572,Thamarassery,Kerala
673573,Thamarassery,Kerala
673574,Thamarassery,Kerala
673577,Kalpetta,Kerala
673579,Mananthavadi,Kerala
673580,Thamarassery,Kerala
673582,Thamarassery,Kerala
673583,Thamarassery,Kerala
673584,Thamarassery,Kerala
673585,Kozhikode,Kerala
673586,Thamarassery,Kerala
673589,Kalpetta,Kerala
673591,Sultan Bathery,Kerala
673592,Sultan Bathery,Kerala
673593,Sultan Bathery,Kerala
673595,Sultan Bathery,Kerala
673596,Sultan Bathery,Kerala
673601,Kozhikode,Kerala
673602,Areacode,Kerala
673603,Thamarassery,Kerala
673607,Areacode,Kerala
673612,Koyilandy,Kerala
673613,Kozhikode,Kerala
673614,Perambra,Kerala
673616,Kozhikode,Kerala
673617,Kozhikode,Kerala
673618,Koyilandy,Kerala
673619,Kozhikode,Kerala
673620,Koyilandy,Kerala
673621,Koyilandy,Kerala
673623,Koyilandy,Kerala
673631,Kozhikode,Kerala
673632,Kozhikode,Kerala
673634,Kozhikode,Kerala
673635,Kozhikode,Kerala
673636,Kozhikode,Kerala
673637,Kozhikode,Kerala
673638,Areacode,Kerala
673639,Areacode,Kerala
673640,Areacode,Kerala
673641,Areacode,Kerala
673642,Malappuram,Kerala
673643,Kozhikode,Kerala
673644,Areacode,Kerala
673645,Areacode,Kerala
673647,Kozhikode,Kerala
673648,Malappuram,Kerala
673652,Kozhikode,Kerala
673653,Kozhikode,Kerala
673655,Kozhikode,Kerala
673661,Kozhikode,Kerala
676101,Tirur,Kerala
676102,Tirur,Kerala
676103,Tirur,Kerala
676104,Tirur,Kerala
676105,Tirur,Kerala
676106,Tirur,Kerala
676107,Tirur,Kerala
676108,Tirur,Kerala
676109,Tirur,Kerala
676110,Edappal,Kerala
676111,Tirur,Kerala
676121,Malappuram,Kerala
676122,Malappuram,Kerala
676123,Areacode,Kerala
676301,Tirur,Kerala
676302,Tirur,Kerala
676303,Tirurangadi,Kerala
676304,Tirurangadi,Kerala
676305,Tirurangadi,Kerala
676306,Tirurangadi,Kerala
676307,Tirur,Kerala
676308,Tirur,Kerala
676309,Tirur,Kerala
676310,Tirur,Kerala
676311,Tirurangadi,Kerala
676312,Kozhikode,Kerala
676313,Tirur,Kerala
676315,Kozhikode,Kerala
676317,Kozhikode,Kerala
676319,Tirurangadi,Kerala
676320,Tirurangadi,Kerala
676501,Tirur,Kerala
676502,Tirur,Kerala
676503,Malappuram,Kerala
676504,Malappuram,Kerala
676505,Malappuram,Kerala
676506,Malappuram,Kerala
676507,Malappuram,Kerala
676508,Tirurangadi,Kerala
676509,Malappuram,Kerala
676510,Tirur,Kerala
676511,Tirur,Kerala
676517,Malappuram,Kerala
676519,Malappuram,Kerala
676521,Manjeri,Kerala
676522,Pandikkad,Kerala
676523,Pandikkad,Kerala
676525,Pandikkad,Kerala
676528,Malappuram,Kerala
676541,Areacode,Kerala
676542,Nilambur,Kerala
676551,Tirur,Kerala
676552,Valanchery,Kerala
676553,Valanchery,Kerala
676556,Tirur,Kerala
676561,Tirur,Kerala
676562,Tirur,Kerala
678001,Palakkad,Kerala
678002,Palakkad,Kerala
678003,Palakkad,Kerala
678004,Palakkad,Kerala
678005,Palakkad,Kerala
678006,Palakkad,Kerala
678007,Palakkad,Kerala
678008,Palakkad,Kerala
678009,Palakkad,Kerala
678010,Palakkad,Kerala
678011,Palakkad,Kerala
678012,Palakkad,Kerala
678013,Palakkad,Kerala
678014,Palakkad,Kerala
678015,Palakkad,Kerala
678017,Palakkad,Kerala
678018,Palakkad,Kerala
678019,Palakkad,Kerala
678020,Palakkad,Kerala
678101,Nallepilly,Kerala
678102,Nallepilly,Kerala
678103,Nallepilly,Kerala
678104,Palakkad,Kerala
678501,Palakkad,Kerala
678502,Palakkad,Kerala
678503,Palakkad,Kerala
678504,Palakkad,Kerala
678505,Palakkad,Kerala
678506,Palakkad,Kerala
678507,Nenmara,Kerala
678508,Nenmara,Kerala
678510,Vadakkencherry,Kerala
678512,Palakkad,Kerala
678531,Palakkad,Kerala
678532,Nallepilly,Kerala
678533,Nallepilly,Kerala
678534,Nallepilly,Kerala
678541,Vadakkencherry,Kerala
678542,Vadakkencherry,Kerala
678545,Vadakkencherry,Kerala
678546,Palakkad,Kerala
678551,Palakkad,Kerala
678552,Nallepilly,Kerala
678553,Nallepilly,Kerala
678554,Nallepilly,Kerala
678555,Nallepilly,Kerala
678556,Nallepilly,Kerala
678557,Nallepilly,Kerala
678559,Palakkad,Kerala
678571,Palakkad,Kerala
678572,Palakkad,Kerala
678573,Palakkad,Kerala
678581,Agali,Kerala
678582,Thachanattukara,Kerala
678583,Thachanattukara,Kerala
678591,Karimba,Kerala
678592,Palakkad,Kerala
678593,Karimba,Kerala
678594,Palakkad,Kerala
678595,Karimba,Kerala
678596,Palakkad,Kerala
678597,Karimba,Kerala
678598,Thachanattukara,Kerala
678600,Palakkad,Kerala
678611,Palakkad,Kerala
678612,Palakkad,Kerala
678613,Palakkad,Kerala
678621,Palakkad,Kerala
678622,Palakkad,Kerala
678623,Palakkad,Kerala
678624,Palakkad,Kerala
678631,Palakkad,Kerala
678632,Karimba,Kerala
678633,Karimba,Kerala
678641,Akaloor,Kerala
678642,Akaloor,Kerala
678651,Palakkad,Kerala
678661,Pollachi,Kerala
678671,Palakkad,Kerala
678681,Palakkad,Kerala
678682,Vadakkencherry,Kerala
678683,Vadakkencherry,Kerala
678685,Vadakkencherry,Kerala
678686,Vadakkencherry,Kerala
678687,Vadakkencherry,Kerala
678688,Vadakkencherry,Kerala
678701,Palakkad,Kerala
678702,Palakkad,Kerala
678703,Vadakkencherry,Kerala
678704,Vadakkencherry,Kerala
678705,Vadakkencherry,Kerala
678706,Vadakkencherry,Kerala
678707,Palakkad,Kerala
678721,Palakkad,Kerala
678722,Palakkad,Kerala
678731,Palakkad,Kerala
678732,Palakkad,Kerala
678733,Palakkad,Kerala
678762,Thachanattukara,Kerala
679101,Pazhayannur,Kerala
679102,Pazhayannur,Kerala
679103,Pazhayannur,Kerala
679104,Pazhayannur,Kerala
679105,Pazhayannur,Kerala
679106,Pazhayannur,Kerala
679122,Shoranur,Kerala
679124,Shoranur,Kerala
679301,Pazhayannur,Kerala
679302,Pazhayannur,Kerala
679304,Valanchery,Kerala
679306,Shoranur,Kerala
679307,Sankaramangalam,Kerala
679308,Sankaramangalam,Kerala
679309,Sankaramangalam,Kerala
679321,Perinthalmanna,Kerala
679322,Perinthalmanna,Kerala
679323,Perinthalmanna,Kerala
679324,Malappuram,Kerala
679325,Perinthalmanna,Kerala
679326,Pandikkad,Kerala
679327,Pandikkad,Kerala
679328,Nilambur,Kerala
679329,Nilambur,Kerala
679330,Nilambur,Kerala
679331,Nilambur,Kerala
679332,Nilambur,Kerala
679333,chungatra,Kerala
679334,chungatra,Kerala
679335,Shoranur,Kerala
679336,Shoranur,Kerala
679338,Malappuram,Kerala
679339,Nilambur,Kerala
679340,Perinthalmanna,Kerala
679341,Thachanattukara,Kerala
679357,Thachanattukara,Kerala
679501,Shoranur,Kerala
679502,Cherpulassery,Kerala
679503,Cherpulassery,Kerala
679504,Thachanattukara,Kerala
679505,Shoranur,Kerala
679506,Perinthalmanna,Kerala
679511,Pazhayannur,Kerala
679512,Akaloor,Kerala
679513,Thachanattukara,Kerala
679514,Akaloor,Kerala
679515,Akaloor,Kerala
679516,Akaloor,Kerala
679521,Shoranur,Kerala
679522,Shoranur,Kerala
679523,Shoranur,Kerala
679532,Shoranur,Kerala
679534,Sankaramangalam,Kerala
679551,Edappal,Kerala
679552,Edappal,Kerala
679553,Edappal,Kerala
679554,Edappal,Kerala
679561,Guruvayoor,Kerala
679562,Guruvayoor,Kerala
679563,Guruvayoor,Kerala
679564,Edappal,Kerala
679571,Valanchery,Kerala
679572,Tirur,Kerala
679573,Edappal,Kerala
679574,Edappal,Kerala
679575,Edappal,Kerala
679576,Edappal,Kerala
679577,Edappal,Kerala
679578,Edappal,Kerala
679579,Edappal,Kerala
679580,Edappal,Kerala
679581,Edappal,Kerala
679582,Edappal,Kerala
679583,Edappal,Kerala
679584,Edappal,Kerala
679585,Edappal,Kerala
679586,Edappal,Kerala
679587,Edappal,Kerala
679588,Edappal,Kerala
679589,Edappal,Kerala
679591,Edappal,Kerala
679592,Edappal,Kerala
679594,Edappal,Kerala
680001,Thrissur,Kerala
680002,Thrissur,Kerala
680003,Thrissur,Kerala
680004,Thrissur,Kerala
680005,Thrissur,Kerala
680006,Thrissur,Kerala
680007,Thrissur,Kerala
680008,Thrissur,Kerala
680009,Thrissur,Kerala
680010,Thrissur,Kerala
680011,Thrissur,Kerala
680012,Arimbur,Kerala
680013,Thrissur,Kerala
680014,Thrissur,Kerala
680015,Thrissur,Kerala
680016,Thrissur,Kerala
680017,Thrissur,Kerala
680018,Thrissur,Kerala
680020,Thrissur,Kerala
680021,Thrissur,Kerala
680022,Thrissur,Kerala
680026,Thrissur,Kerala
680027,Thrissur,Kerala
680052,Thrissur,Kerala
680101,Guruvayoor,Kerala
680102,Guruvayoor,Kerala
680103,Guruvayoor,Kerala
680104,Guruvayoor,Kerala
680121,Irinjalakuda,Kerala
680122,Irinjalakuda,Kerala
680123,Irinjalakuda,Kerala
680125,Irinjalakuda,Kerala
680301,Thrissur,Kerala
680302,Thrissur,Kerala
680303,Thrissur,Kerala
680305,Irinjalakuda,Kerala
680306,Thrissur,Kerala
680307,Chalakudy,Kerala
680308,Chalakudy,Kerala
680309,Chalakudy,Kerala
680310,Irinjalakuda,Kerala
680311,Chalakudy,Kerala
680312,Chalakudy,Kerala
680313,Thrissur,Kerala
680314,Thrissur,Kerala
680316,Thrissur,Kerala
680317,Thrissur,Kerala
680319,Thrissur,Kerala
680320,Thrissur,Kerala
680323,Irinjalakuda,Kerala
680325,Thrissur,Kerala
680501,Guruvayoor,Kerala
680502,Guruvayoor,Kerala
680503,Guruvayoor,Kerala
680504,Guruvayoor,Kerala
680505,Guruvayoor,Kerala
680506,Guruvayoor,Kerala
680507,Guruvayoor,Kerala
680508,Guruvayoor,Kerala
680509,Guruvayoor,Kerala
680510,Guruvayoor,Kerala
680511,Guruvayoor,Kerala
680512,Guruvayoor,Kerala
680513,Guruvayoor,Kerala
680514,Guruvayoor,Kerala
680515,Guruvayoor,Kerala
680516,Guruvayoor,Kerala
680517,Guruvayoor,Kerala
680518,Guruvayoor,Kerala
680519,Guruvayoor,Kerala
680520,Guruvayoor,Kerala
680521,Guruvayoor,Kerala
680522,Guruvayoor,Kerala
680523,Guruvayoor,Kerala
680524,Guruvayoor,Kerala
680541,Thrissur,Kerala
680542,Guruvayoor,Kerala
680543,Guruvayoor,Kerala
680544,Guruvayoor,Kerala
680545,Thrissur,Kerala
680547,Guruvayoor,Kerala
680549,Guruvayoor,Kerala
680551,Thrissur,Kerala
680552,Thrissur,Kerala
680553,Thrissur,Kerala
680555,Thrissur,Kerala
680561,Irinjalakuda,Kerala
680562,Irinjalakuda,Kerala
680563,Thrissur,Kerala
680564,Irinjalakuda,Kerala
680565,Irinjalakuda,Kerala
680566,Irinjalakuda,Kerala
680567,Irinjalakuda,Kerala
680568,Irinjalakuda,Kerala
680569,Arimbur,Kerala
680570,Arimbur,Kerala
680571,Arimbur,Kerala
680572,Thrissur,Kerala
680573,Thrissur,Kerala
680575,Thrissur,Kerala
680582,Shoranur,Kerala
680583,Shoranur,Kerala
680584,Guruvayoor,Kerala
680585,Shoranur,Kerala
680586,Pazhayannur,Kerala
680587,Pazhayannur,Kerala
680588,Pazhayannur,Kerala
680589,Shoranur,Kerala
680590,Shoranur,Kerala
680591,Shoranur,Kerala
680594,Pazhayannur,Kerala
680596,Thrissur,Kerala
680601,Thrissur,Kerala
680602,Guruvayoor,Kerala
680603,Guruvayoor,Kerala
680604,Guruvayoor,Kerala
680608,Guruvayoor,Kerala
680610,Thrissur,Kerala
680611,Thrissur,Kerala
680612,Arimbur,Kerala
680613,Arimbur,Kerala
680614,Arimbur,Kerala
680615,Guruvayoor,Kerala
680616,Guruvayoor,Kerala
680617,Thrissur,Kerala
680618,Thrissur,Kerala
680619,Arimbur,Kerala
680620,Arimbur,Kerala
680621,Thrissur,Kerala
680623,Thrissur,Kerala
680631,Thrissur,Kerala
680641,Arimbur,Kerala
680642,Arimbur,Kerala
680651,Thrissur,Kerala
680654,Thrissur,Kerala
680655,Thrissur,Kerala
680656,Thrissur,Kerala
680657,Thrissur,Kerala
680661,Irinjalakuda,Kerala
680662,Irinjalakuda,Kerala
680663,Irinjalakuda,Kerala
680664,Kodungallur,Kerala
680665,Irinjalakuda,Kerala
680666,North Paravur,Kerala
680667,Kodungallur,Kerala
680668,Irinjalakuda,Kerala
680669,Kodungallur,Kerala
680670,Irinjalakuda,Kerala
680671,Kodungallur,Kerala
680672,Kodungallur,Kerala
680673,Kodungallur,Kerala
680681,Irinjalakuda,Kerala
680682,Irinjalakuda,Kerala
680683,Irinjalakuda,Kerala
680684,Chalakudy,Kerala
680685,Irinjalakuda,Kerala
680686,Irinjalakuda,Kerala
680687,Irinjalakuda,Kerala
680688,Irinjalakuda,Kerala
680689,Chalakudy,Kerala
680691,Irinjalakuda,Kerala
680693,Chalakudy,Kerala
680694,Irinjalakuda,Kerala
680695,Kodungallur,Kerala
680697,Chalakudy,Kerala
680698,Irinjalakuda,Kerala
680701,Irinjalakuda,Kerala
680702,Irinjalakuda,Kerala
680703,Irinjalakuda,Kerala
680704,Thrissur,Kerala
680711,Irinjalakuda,Kerala
680712,Irinjalakuda,Kerala
680722,Chalakudy,Kerala
680731,Chalakudy,Kerala
680732,Chalakudy,Kerala
680733,North Paravur,Kerala
680734,Angamaly,Kerala
680735,Cherthala,Kerala
680736,Chalakudy,Kerala
680741,Chalakudy,Kerala
680751,Thrissur,Kerala
682000,Cochin,Kerala
682001,Cochin,Kerala
682002,Cochin,Kerala
682003,Cochin,Kerala
682004,Cochin,Kerala
682005,Cochin,Kerala
682006,Cochin,Kerala
682007,Cochin,Kerala
682008,Cochin,Kerala
682009,Cochin,Kerala
682010,Cochin,Kerala
682011,Cochin,Kerala
682012,Elamakkara,Kerala
682013,Cochin,Kerala
682014,Cochin,Kerala
682015,Cochin,Kerala
682016,Cochin,Kerala
682017,Cochin,Kerala
682018,Cochin,Kerala
682019,Cochin,Kerala
682020,Cochin,Kerala
682021,Cochin,Kerala
682022,Aluva,Kerala
682023,Elamakkara,Kerala
682024,Elamakkara,Kerala
682025,Cochin,Kerala
682026,Elamakkara,Kerala
682027,Elamakkara,Kerala
682028,Cochin,Kerala
682029,Cochin,Kerala
682030,Cochin,Kerala
682031,Cochin,Kerala
682032,Cochin,Kerala
682033,Aluva,Kerala
682034,Elamakkara,Kerala
682035,Cochin,Kerala
682036,Cochin,Kerala
682037,Cochin,Kerala
682038,Cochin,Kerala
682039,Aluva,Kerala
682040,Cochin,Kerala
682041,Elamakkara,Kerala
682042,Cochin,Kerala
682051,Cochin,Kerala
682052,Cochin,Kerala
682301,Cochin,Kerala
682302,Kunnathunad,Kerala
682303,Kunnathunad,Kerala
682304,Cochin,Kerala
682305,Cochin,Kerala
682306,Cochin,Kerala
682307,Cochin,Kerala
682308,Kunnathunad,Kerala
682309,Cochin,Kerala
682310,Kunnathunad,Kerala
682311,Muvattupuzha,Kerala
682312,Cochin,Kerala
682313,Cochin,Kerala
682314,Cochin,Kerala
682315,Cochin,Kerala
682316,Muvattupuzha,Kerala
682317,Cochin,Kerala
682320,Cochin,Kerala
682501,North Paravur,Kerala
682502,North Paravur,Kerala
682503,Cochin,Kerala
682504,Cochin,Kerala
682505,North Paravur,Kerala
682506,Cochin,Kerala
682507,Cochin,Kerala
682508,Cochin,Kerala
682509,North Paravur,Kerala
682510,Cochin,Kerala
682511,Cochin,Kerala
683101,Aluva,Kerala
683102,Aluva,Kerala
683103,Aluva,Kerala
683104,Aluva,Kerala
683105,Perumbavoor,Kerala
683106,Aluva,Kerala
683108,Aluva,Kerala
683109,Aluva,Kerala
683110,Aluva,Kerala
683111,Angamaly,Kerala
683501,Aluva,Kerala
683502,Aluva,Kerala
683503,Aluva,Kerala
683504,Aluva,Kerala
683511,North Paravur,Kerala
683512,North Paravur,Kerala
683513,North Paravur,Kerala
683514,North Paravur,Kerala
683515,North Paravur,Kerala
683516,North Paravur,Kerala
683517,North Paravur,Kerala
683518,North Paravur,Kerala
683519,North Paravur,Kerala
683520,North Paravur,Kerala
683521,North Paravur,Kerala
683522,North Paravur,Kerala
683523,Kodungallur,Kerala
683541,Muvattupuzha,Kerala
683542,Perumbavoor,Kerala
683543,Perumbavoor,Kerala
683544,Perumbavoor,Kerala
683545,Perumbavoor,Kerala
683547,Perumbavoor,Kerala
683548,Perumbavoor,Kerala
683549,Perumbavoor,Kerala
683555,Muvattupuzha,Kerala
683556,Perumbavoor,Kerala
683557,Muvattupuzha,Kerala
683562,Kunnathunad,Kerala
683563,Aluva,Kerala
683565,Kunnathunad,Kerala
683571,Aluva,Kerala
683572,Angamaly,Kerala
683573,Angamaly,Kerala
683574,Angamaly,Kerala
683575,Angamaly,Kerala
683576,Angamaly,Kerala
683577,Angamaly,Kerala
683578,Angamaly,Kerala
683579,Angamaly,Kerala
683580,Angamaly,Kerala
683581,Perumbavoor,Kerala
683582,Angamaly,Kerala
683583,Muvattupuzha,Kerala
683585,Angamaly,Kerala
683586,Angamaly,Kerala
683587,Perumbavoor,Kerala
683589,Angamaly,Kerala
683591,Aluva,Kerala
683592,Aluva,Kerala
683594,North Paravur,Kerala
685501,Mundakayam,Kerala
685502,Kumily,Kerala
685503,Mundakayam,Kerala
685505,Mundakayam,Kerala
685506,Palai,Kerala
685507,Kattappana,Kerala
685508,Kattappana,Kerala
685509,Kumily,Kerala
685511,Kattappana,Kerala
685512,Kattappana,Kerala
685514,Kattappana,Kerala
685515,Kattappana,Kerala
685531,Mundakayam,Kerala
685533,Kumily,Kerala
685535,Kumily,Kerala
685539,Kattappana,Kerala
685551,Kattappana,Kerala
685552,Kattappana,Kerala
685553,Nedumkandam,Kerala
685554,Kuthumkal,Kerala
685561,Adimali,Kerala
685562,Adimali,Kerala
685563,Kuthumkal,Kerala
685565,Munnar,Kerala
685566,Kuthumkal,Kerala
685571,Adimali,Kerala
685581,Thodupuzha,Kerala
685582,Thodupuzha,Kerala
685583,Thodupuzha,Kerala
685584,Thodupuzha,Kerala
685585,Thodupuzha,Kerala
685586,Thodupuzha,Kerala
685587,Thodupuzha,Kerala
685588,Thodupuzha,Kerala
685590,Thodupuzha,Kerala
685595,Thodupuzha,Kerala
685602,Iddukki,Kerala
685603,Iddukki,Kerala
685604,Iddukki,Kerala
685605,Thodupuzha,Kerala
685606,Iddukki,Kerala
685607,Thodupuzha,Kerala
685608,Thodupuzha,Kerala
685609,Iddukki,Kerala
685612,Munnar,Kerala
685613,Munnar,Kerala
685614,Kattappana,Kerala
685615,Munnar,Kerala
685616,Munnar,Kerala
685618,Kuthumkal,Kerala
685619,Kuthumkal,Kerala
686001,Kottayam,Kerala
686002,Kottayam,Kerala
686003,Kottayam,Kerala
686004,Kottayam,Kerala
686005,Kottayam,Kerala
686006,Kottayam,Kerala
686007,Kottayam,Kerala
686008,Kottayam,Kerala
686009,Kottayam,Kerala
686010,Kottayam,Kerala
686011,Karukachal,Kerala
686012,Kottayam,Kerala
686013,Kottayam,Kerala
686014,Kottayam,Kerala
686015,Kottayam,Kerala
686016,Kottayam,Kerala
686017,Kottayam,Kerala
686018,Kottayam,Kerala
686019,Kottayam,Kerala
686020,Kottayam,Kerala
686021,Karukachal,Kerala
686022,Kottayam,Kerala
686023,Kottayam,Kerala
686024,Kottayam,Kerala
686028,Kottayam,Kerala
686029,Kottayam,Kerala
686030,Kottayam,Kerala
686033,Kottayam,Kerala
686034,Kottayam,Kerala
686036,Kottayam,Kerala
686038,Kottayam,Kerala
686039,Kottayam,Kerala
686040,Kottayam,Kerala
686041,Kottayam,Kerala
686101,Tiruvalla,Kerala
686102,Tiruvalla,Kerala
686103,Tiruvalla,Kerala
686104,Tiruvalla,Kerala
686105,Tiruvalla,Kerala
686106,Karukachal,Kerala
686121,Palai,Kerala
686122,Palai,Kerala
686123,Parakkadavu,Kerala
686141,Vaikom,Kerala
686143,Vaikom,Kerala
686144,Vaikom,Kerala
686146,Vaikom,Kerala
686501,Kottayam,Kerala
686502,Karukachal,Kerala
686503,Palai,Kerala
686504,Parakkadavu,Kerala
686505,Parakkadavu,Kerala
686506,Parakkadavu,Kerala
686507,Parakkadavu,Kerala
686508,Parakkadavu,Kerala
686509,Mundakayam,Kerala
686511,Ranni,Kerala
686512,Mundakayam,Kerala
686513,Mundakayam,Kerala
686514,Mundakayam,Kerala
686515,Karukachal,Kerala
686516,Kottayam,Kerala
686517,Parakkadavu,Kerala
686518,Parakkadavu,Kerala
686519,Parakkadavu,Kerala
686520,Parakkadavu,Kerala
686521,Karukachal,Kerala
686522,Palai,Kerala
686531,Karukachal,Kerala
686532,Karukachal,Kerala
686533,Kottayam,Kerala
686534,Kottayam,Kerala
686535,Tiruvalla,Kerala
686536,Karukachal,Kerala
686537,Karukachal,Kerala
686538,Karukachal,Kerala
686539,Karukachal,Kerala
686540,Karukachal,Kerala
686541,Karukachal,Kerala
686542,Karukachal,Kerala
686543,Ranni,Kerala
686544,Ranni,Kerala
686545,Karukachal,Kerala
686546,Karukachal,Kerala
686547,Ranni,Kerala
686548,Tiruvalla,Kerala
686555,Parakkadavu,Kerala
686560,Kottayam,Kerala
686561,Kottayam,Kerala
686562,Kothanalloor,Kerala
686563,Kottayam,Kerala
686564,Kottayam,Kerala
686571,Palai,Kerala
686572,Palai,Kerala
686573,Palai,Kerala
686574,Palai,Kerala
686575,Palai,Kerala
686577,Palai,Kerala
686578,Palai,Kerala
686579,Palai,Kerala
686580,Pala,Kerala
686581,Palai,Kerala
686582,Pala,Kerala
686583,Palai,Kerala
686584,Palai,Kerala
686585,Palai,Kerala
686586,Kadanad,Kerala
686587,Kothanalloor,Kerala
686600,Kottayam,Kerala
686601,Kothanalloor,Kerala
686602,Kothanalloor,Kerala
686603,Kothanalloor,Kerala
686604,Kothanalloor,Kerala
686605,Vaikom,Kerala
686606,Vaikom,Kerala
686607,Vaikom,Kerala
686608,Vaikom,Kerala
686609,Piravom,Kerala
686610,Piravom,Kerala
686611,Kothanalloor,Kerala
686612,Kothanalloor,Kerala
686613,Kothanalloor,Kerala
686616,Piravom,Kerala
686617,Kothanalloor,Kerala
686620,Palani,Kerala
686630,Kottayam,Kerala
686631,Kothanalloor,Kerala
686632,Kothanalloor,Kerala
686633,Kothanalloor,Kerala
686634,Palai,Kerala
686635,Palai,Kerala
686636,Koothattukulam,Kerala
686637,Kottayam,Kerala
686638,Kottayam,Kerala
686640,Kothanalloor,Kerala
686641,Kottayam,Kerala
686642,Kottayam,Kerala
686651,Kadanad,Kerala
686652,Kadanad,Kerala
686653,Kadanad,Kerala
686661,Muvattupuzha,Kerala
686662,Piravom,Kerala
686664,Piravom,Kerala
686665,Piravom,Kerala
686666,Muvattupuzha,Kerala
686667,Muvattupuzha,Kerala
686668,Muvattupuzha,Kerala
686669,Muvattupuzha,Kerala
686670,Muvattupuzha,Kerala
686671,Muvattupuzha,Kerala
686672,Muvattupuzha,Kerala
686673,Muvattupuzha,Kerala
686676,Muvattupuzha,Kerala
686677,Muvattupuzha,Kerala
686679,Muvattupuzha,Kerala
686681,Perumbavoor,Kerala
686686,Muvattupuzha,Kerala
686687,Muvattupuzha,Kerala
686689,Muvattupuzha,Kerala
686691,Muvattupuzha,Kerala
686692,Perumbavoor,Kerala
686693,Perumbavoor,Kerala
688001,Alappuzha,Kerala
688002,Alappuzha,Kerala
688003,Alappuzha,Kerala
688004,Alappuzha,Kerala
688005,Alappuzha,Kerala
688006,Alappuzha,Kerala
688007,Alappuzha,Kerala
688008,Alappuzha,Kerala
688009,Alappuzha,Kerala
688010,Alappuzha,Kerala
688011,Alappuzha,Kerala
688012,Alappuzha,Kerala
688013,Alappuzha,Kerala
688014,Alappuzha,Kerala
688501,Alappuzha,Kerala
688502,Alappuzha,Kerala
688503,Alappuzha,Kerala
688504,Alappuzha,Kerala
688505,Alappuzha,Kerala
688506,Alappuzha,Kerala
688508,Alappuzha,Kerala
688511,Alappuzha,Kerala
688512,Alappuzha,Kerala
688521,Alappuzha,Kerala
688522,Alappuzha,Kerala
688523,Alappuzha,Kerala
688524,Cherthala,Kerala
688525,Cherthala,Kerala
688526,Cherthala,Kerala
688527,Cherthala,Kerala
688528,Cherthala,Kerala
688529,Cherthala,Kerala
688530,Cherthala,Kerala
688531,Cherthala,Kerala
688532,Cherthala,Kerala
688533,Cherthala,Kerala
688534,Cochin,Kerala
688535,Cherthala,Kerala
688536,Cherthala,Kerala
688537,Cherthala,Kerala
688538,Alappuzha,Kerala
688539,Cherthala,Kerala
688540,Cherthala,Kerala
688541,Cherthala,Kerala
688542,Alappuzha,Kerala
688544,Cherthala,Kerala
688545,Cherthala,Kerala
688548,Cherthala,Kerala
688550,Cherthala,Kerala
688554,Cherthala,Kerala
688555,Cherthala,Kerala
688556,Cherthala,Kerala
688558,Cherthala,Kerala
688559,Cherthala,Kerala
688561,Alappuzha,Kerala
688562,Alappuzha,Kerala
688564,Alappuzha,Kerala
688565,Alappuzha,Kerala
688566,Cherthala,Kerala
688567,Alappuzha,Kerala
688582,Cherthala,Kerala
688584,Cherthala,Kerala
688586,Cherthala,Kerala
688587,Cherthala,Kerala
689101,Tiruvalla,Kerala
689102,Tiruvalla,Kerala
689103,Tiruvalla,Kerala
689104,Tiruvalla,Kerala
689105,Tiruvalla,Kerala
689106,Tiruvalla,Kerala
689107,Tiruvalla,Kerala
689108,Tiruvalla,Kerala
689109,Tiruvalla,Kerala
689110,Tiruvalla,Kerala
689111,Tiruvalla,Kerala
689112,Tiruvalla,Kerala
689113,Tiruvalla,Kerala
689114,Tiruvalla,Kerala
689115,Tiruvalla,Kerala
689121,Tiruvalla,Kerala
689122,Manthuka,Kerala
689123,Tiruvalla,Kerala
689124,Tiruvalla,Kerala
689126,Tiruvalla,Kerala
689501,Adoor,Kerala
689502,Adoor,Kerala
689503,Manthuka,Kerala
689504,Manthuka,Kerala
689505,Manthuka,Kerala
689506,Haripad,Kerala
689507,Pathanamthitta,Kerala
689508,Manthuka,Kerala
689509,Manthuka,Kerala
689510,Tiruvalla,Kerala
689511,Haripad,Kerala
689512,Adoor,Kerala
689513,Pathanamthitta,Kerala
689514,Pathanamthitta,Kerala
689515,Pathanamthitta,Kerala
689516,Adoor,Kerala
689517,Pathanamthitta,Kerala
689518,Adoor,Kerala
689519,Kayamkulam,Kerala
689520,Manthuka,Kerala
689521,Manthuka,Kerala
689531,Kozhenchery,Kerala
689532,Kozhenchery,Kerala
689533,Kozhenchery,Kerala
689541,Tiruvalla,Kerala
689542,Tiruvalla,Kerala
689543,Tiruvalla,Kerala
689544,Kozhenchery,Kerala
689545,Pathanamthitta,Kerala
689546,Tiruvalla,Kerala
689547,Tiruvalla,Kerala
689548,Pathanamthitta,Kerala
689549,Kozhenchery,Kerala
689550,Pathanamthitta,Kerala
689551,Tiruvalla,Kerala
689571,Tiruvalla,Kerala
689572,Tiruvalla,Kerala
689574,Haripad,Kerala
689578,Tiruvalla,Kerala
689581,Tiruvalla,Kerala
689582,Tiruvalla,Kerala
689583,Chengannur,Kerala
689584,Karukachal,Kerala
689585,Karukachal,Kerala
689586,Tiruvalla,Kerala
689587,Karukachal,Kerala
689588,Karukachal,Kerala
689589,Karukachal,Kerala
689590,Changanacherry,Kerala
689591,Tiruvalla,Kerala
689592,Ranni,Kerala
689594,Karukachal,Kerala
689595,Haripad,Kerala
689597,Karukachal,Kerala
689602,Karukachal,Kerala
689611,Kozhenchery,Kerala
689612,Pathanamthitta,Kerala
689613,Pathanamthitta,Kerala
689614,Pathanamthitta,Kerala
689615,Ranni,Kerala
689616,Pathanamthitta,Kerala
689621,Tiruvalla,Kerala
689622,Haripad,Kerala
689623,Tiruvalla,Kerala
689624,Tiruvalla,Kerala
689625,Pathanamthitta,Kerala
689626,Tiruvalla,Kerala
689627,Haripad,Kerala
689630,Kayamkulam,Kerala
689632,Kayamkulam,Kerala
689641,Kozhenchery,Kerala
689642,Kozhenchery,Kerala
689643,Kozhenchery,Kerala
689644,Pathanamthitta,Kerala
689645,Pathanamthitta,Kerala
689646,Pathanamthitta,Kerala
689647,Pathanamthitta,Kerala
689648,Pathanamthitta,Kerala
689649,Pathanamthitta,Kerala
689650,Kozhenchery,Kerala
689652,Pathanamthitta,Kerala
689653,Pathanamthitta,Kerala
689654,Kozhenchery,Kerala
689656,Pathanamthitta,Kerala
689659,Pathanamthitta,Kerala
689661,Pathanamthitta,Kerala
689664,Pathanamthitta,Kerala
689665,Pathanamthitta,Kerala
689666,Pathanamthitta,Kerala
689668,Pathanamthitta,Kerala
689671,Pathanamthitta,Kerala
689672,Pathanamthitta,Kerala
689673,Ranni,Kerala
689674,Pathanamthitta,Kerala
689675,Ranni,Kerala
689676,Ranni,Kerala
689677,Ranni,Kerala
689678,Pathanamthitta,Kerala
689680,Pathanamthitta,Kerala
689681,Pathanamthitta,Kerala
689682,Pathanamthitta,Kerala
689691,Pathanamthitta,Kerala
689692,Pathanamthitta,Kerala
689693,Pathanamthitta,Kerala
689694,Adoor,Kerala
689695,Adoor,Kerala
689696,Adoor,Kerala
689698,Pathanamthitta,Kerala
689703,Punalur,Kerala
689711,Ranni,Kerala
689721,Pathanamthitta,Kerala
689722,Pathanamthitta,Kerala
689723,Pathanamthitta,Kerala
690001,Pathanamthitta,Kerala
690010,Pathanamthitta,Kerala
690101,Kayamkulam,Kerala
690102,Haripad,Kerala
690103,Haripad,Kerala
690104,Haripad,Kerala
690105,Haripad,Kerala
690106,Kayamkulam,Kerala
690107,Kayamkulam,Kerala
690108,Haripad,Kerala
690109,Kayamkulam,Kerala
690110,Haripad,Kerala
690501,Kayamkulam,Kerala
690502,Kayamkulam,Kerala
690503,Kayamkulam,Kerala
690504,Adoor,Kerala
690505,Kayamkulam,Kerala
690506,Haripad,Kerala
690507,Haripad,Kerala
690508,Haripad,Kerala
690509,Manthuka,Kerala
690510,Kayamkulam,Kerala
690511,Haripad,Kerala
690512,Haripad,Kerala
690513,Haripad,Kerala
690514,Haripad,Kerala
690515,Haripad,Kerala
690516,Haripad,Kerala
690517,Haripad,Kerala
690518,Karunagappally,Kerala
690519,Karunagappally,Kerala
690520,Adoor,Kerala
690521,Karunagappally,Kerala
690522,Karunagappally,Kerala
690523,Karunagappally,Kerala
690524,Karunagappally,Kerala
690525,Karunagappally,Kerala
690526,Karunagappally,Kerala
690527,Kayamkulam,Kerala
690528,Karunagappally,Kerala
690529,Adoor,Kerala
690530,Kayamkulam,Kerala
690531,Haripad,Kerala
690532,Haripad,Kerala
690533,Kayamkulam,Kerala
690534,Kayamkulam,Kerala
690535,Haripad,Kerala
690536,Karunagappally,Kerala
690537,Kayamkulam,Kerala
690538,Karunagappally,Kerala
690539,Karunagappally,Kerala
690540,Adoor,Kerala
690542,Karunagappally,Kerala
690544,Karunagappally,Kerala
690546,Karunagappally,Kerala
690547,Karunagappally,Kerala
690548,Haripad,Kerala
690550,Kayamkulam,Kerala
690551,Kayamkulam,Kerala
690552,Kayamkulam,Kerala
690554,Kayamkulam,Kerala
690555,Kayamkulam,Kerala
690556,Kayamkulam,Kerala
690557,Kayamkulam,Kerala
690558,Kayamkulam,Kerala
690559,Kayamkulam,Kerala
690560,Haripad,Kerala
690561,Adoor,Kerala
690563,Haripad,Kerala
690565,Irinjalakuda,Kerala
690566,Haripad,Kerala
690567,Karunagappally,Kerala
690568,Karunagappally,Kerala
690570,Manthuka,Kerala
690571,Kayamkulam,Kerala
690572,Kayamkulam,Kerala
690573,Karunagappally,Kerala
690574,Karunagappally,Kerala
691001,Kollam,Kerala
691002,Kollam,Kerala
691003,Kollam,Kerala
691004,Kollam,Kerala
691005,Kollam,Kerala
691006,Kollam,Kerala
691007,Kollam,Kerala
691008,Kollam,Kerala
691009,Kollam,Kerala
691010,Kollam,Kerala
691011,Kollam,Kerala
691012,Kollam,Kerala
691013,Kollam,Kerala
691014,Kollam,Kerala
691015,Kollam,Kerala
691016,Kollam,Kerala
691017,Kollam,Kerala
691018,Kollam,Kerala
691019,Kollam,Kerala
691020,Kollam,Kerala
691021,Kollam,Kerala
691301,Kalluvathukkal,Kerala
691302,Kalluvathukkal,Kerala
691303,Kollam,Kerala
691304,Kollam,Kerala
691305,Punalur,Kerala
691306,Ayoor,Kerala
691307,Punalur,Kerala
691311,Ayoor,Kerala
691312,Ayoor,Kerala
691315,Punalur,Kerala
691316,Punalur,Kerala
691318,Kollam,Kerala
691319,Kollam,Kerala
691321,Punalur,Kerala
691322,Punalur,Kerala
691324,Punalur,Kerala
691326,Punalur,Kerala
691330,Punalur,Kerala
691331,Punalur,Kerala
691332,Punalur,Kerala
691333,Punalur,Kerala
691334,Kalluvathukkal,Kerala
691500,Karunagappally,Kerala
691501,Kollam,Kerala
691502,Kollam,Kerala
691503,Kollam,Kerala
691504,Kollam,Kerala
691505,Kottarakkara,Kerala
691506,Kottarakkara,Kerala
691507,Kottarakkara,Kerala
691508,Kottarakkara,Kerala
691509,Kottarakkara,Kerala
691510,Kalluvathukkal,Kerala
691511,Kollam,Kerala
691512,Kottarakkara,Kerala
691515,Kollam,Kerala
691516,Ayoor,Kerala
691517,Punalur,Kerala
691518,Kottarakkara,Kerala
691519,Ayoor,Kerala
691520,Kottarakkara,Kerala
691521,Kottarakkara,Kerala
691522,Kottarakkara,Kerala
691523,Adoor,Kerala
691524,Adoor,Kerala
691525,Adoor,Kerala
691526,Adoor,Kerala
691527,Kottarakkara,Kerala
691528,Adoor,Kerala
691529,Adoor,Kerala
691530,Adoor,Kerala
691531,Kottarakkara,Kerala
691532,Ayoor,Kerala
691533,Ayoor,Kerala
691534,Ayoor,Kerala
691535,Kilimanoor,Kerala
691536,Kilimanoor,Kerala
691537,Kottarakkara,Kerala
691538,Kottarakkara,Kerala
691539,Attingal,Kerala
691540,Kollam,Kerala
691541,Pangodu,Kerala
691543,Kollam,Kerala
691550,Kottarakkara,Kerala
691551,Adoor,Kerala
691552,Adoor,Kerala
691553,Adoor,Kerala
691554,Adoor,Kerala
691555,Adoor,Kerala
691556,Adoor,Kerala
691557,Kottarakkara,Kerala
691559,Pangodu,Kerala
691560,Kottarakkara,Kerala
691566,Kottarakkara,Kerala
691571,Kollam,Kerala
691572,Kalluvathukkal,Kerala
691573,Kalluvathukkal,Kerala
691574,Kalluvathukkal,Kerala
691576,Kollam,Kerala
691577,Kollam,Kerala
691578,Kalluvathukkal,Kerala
691579,Kalluvathukkal,Kerala
691580,Kollam,Kerala
691581,Kollam,Kerala
691582,Kollam,Kerala
691583,Karunagappally,Kerala
691584,Karunagappally,Kerala
691585,Karunagappally,Kerala
691589,Kollam,Kerala
691590,Karunagappally,Kerala
691601,Kollam,Kerala
691602,Kollam,Kerala
691603,Kollam,Kerala
691604,Kollam,Kerala
691625,Kollam,Kerala
695001,Thiruvananthapuram,Kerala
695002,Thiruvananthapuram,Kerala
695003,Thiruvananthapuram,Kerala
695004,Thiruvananthapuram,Kerala
695005,Thiruvananthapuram,Kerala
695006,Thiruvananthapuram,Kerala
695007,Thiruvananthapuram,Kerala
695008,Thiruvananthapuram,Kerala
695009,Thiruvananthapuram,Kerala
695010,Thiruvananthapuram,Kerala
695011,Thiruvananthapuram,Kerala
695012,Thiruvananthapuram,Kerala
695013,Thiruvananthapuram,Kerala
695014,Thiruvananthapuram,Kerala
695015,Thiruvananthapuram,Kerala
695016,Thiruvananthapuram,Kerala
695017,Thiruvananthapuram,Kerala
695018,Thiruvananthapuram,Kerala
695019,Thiruvananthapuram,Kerala
695020,Thiruvananthapuram,Kerala
695021,Thiruvananthapuram,Kerala
695022,Kazhakkoottam,Kerala
695023,Thiruvananthapuram,Kerala
695024,Thiruvananthapuram,Kerala
695025,Thiruvananthapuram,Kerala
695026,Thiruvananthapuram,Kerala
695027,Thiruvananthapuram,Kerala
695028,Thiruvananthapuram,Kerala
695029,Thiruvananthapuram,Kerala
695030,Thiruvananthapuram,Kerala
695032,Thiruvananthapuram,Kerala
695033,Thiruvananthapuram,Kerala
695034,Thiruvananthapuram,Kerala
695035,Thiruvananthapuram,Kerala
695036,Thiruvananthapuram,Kerala
695037,Thiruvananthapuram,Kerala
695038,Thiruvananthapuram,Kerala
695039,Thiruvananthapuram,Kerala
695040,Thiruvananthapuram,Kerala
695041,Thiruvananthapuram,Kerala
695042,Neyyattinkara,Kerala
695043,Thiruvananthapuram,Kerala
695081,Thiruvananthapuram,Kerala
695099,Thiruvananthapuram,Kerala
695101,Attingal,Kerala
695102,Attingal,Kerala
695103,Attingal,Kerala
695104,Attingal,Kerala
695105,Attingal,Kerala
695106,Attingal,Kerala
695120,Neyyattinkara,Kerala
695121,Neyyattinkara,Kerala
695122,Neyyattinkara,Kerala
695123,Neyyattinkara,Kerala
695124,Neyyattinkara,Kerala
695125,Neyyattinkara,Kerala
695126,Neyyattinkara,Kerala
695127,Neyyattinkara,Kerala
695128,Neyyattinkara,Kerala
695130,Neyyattinkara,Kerala
695131,Neyyattinkara,Kerala
695132,Neyyattinkara,Kerala
695133,Neyyattinkara,Kerala
695134,Neyyattinkara,Kerala
695141,Kalluvathukkal,Kerala
695142,Attingal,Kerala
695143,Kalluvathukkal,Kerala
695144,Attingal,Kerala
695145,Attingal,Kerala
695146,Kalluvathukkal,Kerala
695301,Kazhakkoottam,Kerala
695302,Attingal,Kerala
695303,Attingal,Kerala
695304,Attingal,Kerala
695305,Attingal,Kerala
695306,Attingal,Kerala
695307,Attingal,Kerala
695308,Attingal,Kerala
695309,Attingal,Kerala
695310,Kalluvathukkal,Kerala
695311,Kalluvathukkal,Kerala
695312,Attingal,Kerala
695313,Kilimanoor,Kerala
695316,Attingal,Kerala
695317,Attingal,Kerala
695318,Attingal,Kerala
695501,Neyyattinkara,Kerala
695502,Neyyattinkara,Kerala
695503,Neyyattinkara,Kerala
695504,Neyyattinkara,Kerala
695505,Neyyattinkara,Kerala
695506,Neyyattinkara,Kerala
695507,Neyyattinkara,Kerala
695508,Neyyattinkara,Kerala
695510,Neyyattinkara,Kerala
695512,Kallikkad,Kerala
695513,Neyyattinkara,Kerala
695521,Neyyattinkara,Kerala
695522,Thiruvananthapuram,Kerala
695523,Neyyattinkara,Kerala
695524,Neyyattinkara,Kerala
695525,Neyyattinkara,Kerala
695526,Neyyattinkara,Kerala
695527,Neyyattinkara,Kerala
695528,Neyyattinkara,Kerala
695541,Nedumangad,Kerala
695542,Nedumangad,Kerala
695543,Thiruvananthapuram,Kerala
695547,Nedumangad,Kerala
695557,Neyyattinkara,Kerala
695561,Nedumangad,Kerala
695562,Nedumangad,Kerala
695563,Pangodu,Kerala
695564,Thiruvananthapuram,Kerala
695568,Nedumangad,Kerala
695570,Kallikkad,Kerala
695571,Kallikkad,Kerala
695572,Kallikkad,Kerala
695573,Thiruvananthapuram,Kerala
695574,Kallikkad,Kerala
695575,Nedumangad,Kerala
695581,Kazhakkoottam,Kerala
695582,Kazhakkoottam,Kerala
695583,Thiruvananthapuram,Kerala
695584,Thiruvananthapuram,Kerala
695585,Kazhakkoottam,Kerala
695586,Kazhakkoottam,Kerala
695587,Thiruvananthapuram,Kerala
695588,Thiruvananthapuram,Kerala
695589,Thiruvananthapuram,Kerala
695601,Kilimanoor,Kerala
695602,Kilimanoor,Kerala
695603,Kalluvathukkal,Kerala
695604,Kilimanoor,Kerala
695605,Attingal,Kerala
695606,Venjaramoodu,Kerala
695607,Thiruvananthapuram,Kerala
695608,Kilimanoor,Kerala
695609,Pangodu,Kerala
695610,Pangodu,Kerala
695611,Attingal,Kerala
695612,Kilimanoor,Kerala
695614,Kilimanoor,Kerala
695615,Thiruvananthapuram,Kerala
700001,Kolkata,West Bengal
700002,Kolkata,West Bengal
700003,Kolkata,West Bengal
700004,Kolkata,West Bengal
700005,Kolkata,West Bengal
700006,Kolkata,West Bengal
700007,Kolkata,West Bengal
700008,Kolkata,West Bengal
700009,Kolkata,West Bengal
700010,Kolkata,West Bengal
700011,Kolkata,West Bengal
700012,Kolkata,West Bengal
700013,Kolkata,West Bengal
700014,Kolkata,West Bengal
700015,Kolkata,West Bengal
700016,Kolkata,West Bengal
700017,Kolkata,West Bengal
700018,Kolkata,West Bengal
700019,Kolkata,West Bengal
700020,Kolkata,West Bengal
700021,Kolkata,West Bengal
700022,Kolkata,West Bengal
700023,Kolkata,West Bengal
700024,Kolkata,West Bengal
700025,Kolkata,West Bengal
700026,Kolkata,West Bengal
700027,Kolkata,West Bengal
700028,Kolkata,West Bengal
700029,Kolkata,West Bengal
700030,Kolkata,West Bengal
700031,Kolkata,West Bengal
700032,Kolkata,West Bengal
700033,Kolkata,West Bengal
700034,Kolkata,West Bengal
700035,Kolkata,West Bengal
700036,Kolkata,West Bengal
700037,Kolkata,West Bengal
700038,Kolkata,West Bengal
700039,Kolkata,West Bengal
700040,Kolkata,West Bengal
700041,Kolkata,West Bengal
700042,Kolkata,West Bengal
700043,Kolkata,West Bengal
700044,Kolkata,West Bengal
700045,Kolkata,West Bengal
700046,Kolkata,West Bengal
700047,Kolkata,West Bengal
700048,Kolkata,West Bengal
700049,Kolkata,West Bengal
700050,Kolkata,West Bengal
700051,Kolkata,West Bengal
700052,Kolkata,West Bengal
700053,Kolkata,West Bengal
700054,Kolkata,West Bengal
700055,Kolkata,West Bengal
700056,Kolkata,West Bengal
700057,Kolkata,West Bengal
700058,Kolkata,West Bengal
700059,Kolkata,West Bengal
700060,Kolkata,West Bengal
700061,Kolkata,West Bengal
700062,Kolkata,West Bengal
700063,Kolkata,West Bengal
700064,Kolkata,West Bengal
700065,Kolkata,West Bengal
700066,Kolkata,West Bengal
700067,Kolkata,West Bengal
700068,Kolkata,West Bengal
700069,Kolkata,West Bengal
700070,Kolkata,West Bengal
700071,Kolkata,West Bengal
700072,Kolkata,West Bengal
700073,Kolkata,West Bengal
700074,Kolkata,West Bengal
700075,Kolkata,West Bengal
700076,Kolkata,West Bengal
700077,Kolkata,West Bengal
700078,Kolkata,West Bengal
700079,Kolkata,West Bengal
700080,Kolkata,West Bengal
700081,Kolkata,West Bengal
700082,Kolkata,West Bengal
700083,Kolkata,West Bengal
700084,Kolkata,West Bengal
700085,Kolkata,West Bengal
700086,Kolkata,West Bengal
700087,Kolkata,West Bengal
700088,Kolkata,West Bengal
700089,Kolkata,West Bengal
700090,Kolkata,West Bengal
700091,Kolkata,West Bengal
700092,Kolkata,West Bengal
700093,Kolkata,West Bengal
700094,Kolkata,West Bengal
700095,Kolkata,West Bengal
700096,Kolkata,West Bengal
700097,Kolkata,West Bengal
700098,Kolkata,West Bengal
700099,Kolkata,West Bengal
700100,Kolkata,West Bengal
700101,Kolkata,West Bengal
700102,Kolkata,West Bengal
700103,Kolkata,West Bengal
700104,Kolkata,West Bengal
700105,Kolkata,West Bengal
700106,Kolkata,West Bengal
700107,Kolkata,West Bengal
700108,Kolkata,West Bengal
700109,Kolkata,West Bengal
700110,Kolkata,West Bengal
700111,Kolkata,West Bengal
700112,Kolkata,West Bengal
700113,Kolkata,West Bengal
700114,Kolkata,West Bengal
700115,Kolkata,West Bengal
700116,Kolkata,West Bengal
700117,Barrackpore,West Bengal
700118,Barrackpore,West Bengal
700119,Barrackpore,West Bengal
700120,Barrackpore,West Bengal
700121,Barrackpore,West Bengal
700122,Barrackpore,West Bengal
700123,Barrackpore,West Bengal
700124,Barasat,West Bengal
700125,Barasat,West Bengal
700126,Barasat,West Bengal
700127,Barasat,West Bengal
700128,Barasat,West Bengal
700129,Kolkata,West Bengal
700130,Kolkata,West Bengal
700131,Kolkata,West Bengal
700132,Kolkata,West Bengal
700133,Kolkata,West Bengal
700134,Kolkata,West Bengal
700135,Kolkata,West Bengal
700136,Kolkata,West Bengal
700137,Kolkata,West Bengal
700138,Kolkata,West Bengal
700139,Maheshtala,West Bengal
700140,Kolkata,West Bengal
700141,Kolkata,West Bengal
700142,Kolkata,West Bengal
700143,Kolkata,West Bengal
700144,Baruipur,West Bengal
700145,Kolkata,West Bengal
700146,Kolkata,West Bengal
700147,Kolkata,West Bengal
700148,Kolkata,West Bengal
700149,Kolkata,West Bengal
700150,Kolkata,West Bengal
700151,Kolkata,West Bengal
700152,Kolkata,West Bengal
700153,Kolkata,West Bengal
700154,Kolkata,West Bengal
700155,Barasat,West Bengal
700156,Kolkata,West Bengal
700157,Kolkata,West Bengal
700158,Kolkata,West Bengal
700159,Kolkata,West Bengal
700160,Kolkata,West Bengal
700161,Kolkata,West Bengal
700162,Kolkata,West Bengal
700163,Kolkata,West Bengal
701101,Howrah,West Bengal
701102,Howrah,West Bengal
701111,Howrah,West Bengal
711001,Howrah,West Bengal
711101,Howrah,West Bengal
711102,Howrah,West Bengal
711103,Howrah,West Bengal
711104,Howrah,West Bengal
711105,Howrah,West Bengal
711106,Howrah,West Bengal
711107,Bally,West Bengal
711108,Howrah,West Bengal
711109,Howrah,West Bengal
711110,Howrah,West Bengal
711111,Howrah,West Bengal
711112,Howrah,West Bengal
711113,Howrah,West Bengal
711114,Howrah,West Bengal
711115,Kolkata,West Bengal
711120,Bally,West Bengal
711201,Bally,West Bengal
711202,Bally,West Bengal
711203,Bally,West Bengal
711204,Bally,West Bengal
711205,Bally,West Bengal
711206,Bally,West Bengal
711224,Bally,West Bengal
711226,Khanakul,West Bengal
711227,Bally,West Bengal
711301,Bagnan,West Bengal
711302,Howrah,West Bengal
711303,Bagnan,West Bengal
711304,Bagnan,West Bengal
711305,Howrah,West Bengal
711306,Bagnan,West Bengal
711307,Howrah,West Bengal
711308,Howrah,West Bengal
711309,Howrah,West Bengal
711310,Howrah,West Bengal
711311,Howrah,West Bengal
711312,Bagnan,West Bengal
711313,Howrah,West Bengal
711314,Bagnan,West Bengal
711315,Bagnan,West Bengal
711316,Howrah,West Bengal
711317,Howrah,West Bengal
711322,Howrah,West Bengal
711323,Howrah,West Bengal
711402,Howrah,West Bengal
711403,Howrah,West Bengal
711404,Howrah,West Bengal
711405,Howrah,West Bengal
711406,Barrackpore,West Bengal
711408,Ilipur,West Bengal
711409,Howrah,West Bengal
711410,Howrah,West Bengal
711411,Howrah,West Bengal
711413,Bagnan,West Bengal
711414,Ilipur,West Bengal
712101,Hooghly,West Bengal
712102,Hooghly,West Bengal
712103,Hooghly,West Bengal
712104,Hooghly,West Bengal
712105,Hooghly,West Bengal
712106,Hooghly,West Bengal
712121,Hooghly,West Bengal
712122,Kamarpukur,West Bengal
712123,Hooghly,West Bengal
712124,Hooghly,West Bengal
712125,Hooghly,West Bengal
712134,Memari,West Bengal
712135,Kalna,West Bengal
712136,Hooghly,West Bengal
712137,Hooghly,West Bengal
712138,Hooghly,West Bengal
712139,Hooghly,West Bengal
712146,Pandua,West Bengal
712147,Pandua,West Bengal
712148,Hooghly,West Bengal
712149,Pandua,West Bengal
712152,Jamalpur,West Bengal
712201,Hooghly,West Bengal
712202,Hooghly,West Bengal
712203,Hooghly,West Bengal
712204,Hooghly,West Bengal
712205,Hooghly,West Bengal
712206,Barrackpore,West Bengal
712208,Barrackpore,West Bengal
712221,Hooghly,West Bengal
712222,Hooghly,West Bengal
712223,Hooghly,West Bengal
712224,Kolkata,West Bengal
712232,Bally,West Bengal
712233,Bally,West Bengal
712234,Kolkata,West Bengal
712235,Bally,West Bengal
712245,Bally,West Bengal
712246,Bally,West Bengal
712247,Bally,West Bengal
712248,Hooghly,West Bengal
712249,Hooghly,West Bengal
712250,Kolkata,West Bengal
712258,Bally,West Bengal
712301,Tarkeshwar,West Bengal
712302,Tarkeshwar,West Bengal
712303,Jamalpur,West Bengal
712304,Kolkata,West Bengal
712305,Hooghly,West Bengal
712306,Kolkata,West Bengal
712308,Jamalpur,West Bengal
712310,Kolkata,West Bengal
712311,Kolkata,West Bengal
712331,Kolkata,West Bengal
712401,Tarkeshwar,West Bengal
712402,Tarkeshwar,West Bengal
712403,Tarkeshwar,West Bengal
712404,Ilipur,West Bengal
712405,Tarkeshwar,West Bengal
712407,Ilipur,West Bengal
712408,Tarkeshwar,West Bengal
712409,Hooghly,West Bengal
712410,Tarkeshwar,West Bengal
712411,Tarkeshwar,West Bengal
712413,Arambag,West Bengal
712414,Tarkeshwar,West Bengal
712418,Khanakul,West Bengal
712419,Tarkeshwar,West Bengal
712424,Tarkeshwar,West Bengal
712426,Hooghly,West Bengal
712501,Balagarh,West Bengal
712502,Hooghly,West Bengal
712503,Hooghly,West Bengal
712504,Hooghly,West Bengal
712512,Kalna,West Bengal
712513,Hooghly,West Bengal
712514,Balagarh,West Bengal
712515,Balagarh,West Bengal
712601,Arambag,West Bengal
712602,Arambag,West Bengal
712611,Kamarpukur,West Bengal
712612,Kamarpukur,West Bengal
712614,Arambag,West Bengal
712615,Arambag,West Bengal
712616,Arambag,West Bengal
712617,Khanakul,West Bengal
712701,Ilipur,West Bengal
712702,Kolkata,West Bengal
712703,Kolkata,West Bengal
712704,Kolkata,West Bengal
712705,Kolkata,West Bengal
712706,Ilipur,West Bengal
712708,Kolkata,West Bengal
712712,Hooghly,West Bengal
713101,Bardhaman,West Bengal
713102,Bardhaman,West Bengal
713103,Bardhaman,West Bengal
713104,Bardhaman,West Bengal
713121,Guskhara,West Bengal
713122,Kalna,West Bengal
713123,Guskhara,West Bengal
713124,Bardhaman,West Bengal
713125,Bardhaman,West Bengal
713126,Guskhara,West Bengal
713127,Guskhara,West Bengal
713128,Guskhara,West Bengal
713129,Katwa,West Bengal
713130,Katwa,West Bengal
713131,Guskhara,West Bengal
713132,Nanoor,West Bengal
713140,Katwa,West Bengal
713141,Guskhara,West Bengal
713142,Sehara Bazaar,West Bengal
713143,Katwa,West Bengal
713144,Panagarh,West Bengal
713145,Manteswar,West Bengal
713146,Memari,West Bengal
713147,Guskhara,West Bengal
713148,Panagarh,West Bengal
713149,Bardhaman,West Bengal
713150,Katwa,West Bengal
713151,Memari,West Bengal
713152,Panagarh,West Bengal
713153,Panagarh,West Bengal
713154,Memari,West Bengal
713155,Panagarh,West Bengal
713156,Guskhara,West Bengal
713157,Kalna,West Bengal
713158,Manteswar,West Bengal
713162,Guskhara,West Bengal
713165,Manteswar,West Bengal
713166,Jamalpur,West Bengal
713167,Guskhara,West Bengal
713168,Memari,West Bengal
713169,Panagarh,West Bengal
713170,Kalna,West Bengal
713171,Panagarh,West Bengal
713172,Panagarh,West Bengal
713173,Guskhara,West Bengal
713201,Durgapur,West Bengal
713202,Durgapur,West Bengal
713203,Durgapur,West Bengal
713204,Durgapur,West Bengal
713205,Durgapur,West Bengal
713206,Durgapur,West Bengal
713207,Durgapur,West Bengal
713208,Durgapur,West Bengal
713209,Durgapur,West Bengal
713210,Durgapur,West Bengal
713211,Durgapur,West Bengal
713212,Durgapur,West Bengal
713213,Durgapur,West Bengal
713214,Durgapur,West Bengal
713215,Durgapur,West Bengal
713216,Durgapur,West Bengal
713217,Durgapur,West Bengal
713218,Durgapur,West Bengal
713219,Bardhaman,West Bengal
713301,Asansol,West Bengal
713302,Asansol,West Bengal
713303,Asansol,West Bengal
713304,Asansol,West Bengal
713305,Asansol,West Bengal
713315,Rupnryanpur,West Bengal
713321,Mejia,West Bengal
713322,Jamuria,West Bengal
713323,Mejia,West Bengal
713324,Rupnryanpur,West Bengal
713325,Asansol,West Bengal
713326,Asansol,West Bengal
713330,Asansol,West Bengal
713331,Rupnryanpur,West Bengal
713332,Asansol,West Bengal
713333,Rupnryanpur,West Bengal
713334,Asansol,West Bengal
713335,Rupnryanpur,West Bengal
713336,Asansol,West Bengal
713337,Asansol,West Bengal
713338,Mejia,West Bengal
713339,Asansol,West Bengal
713340,Asansol,West Bengal
713341,Asansol,West Bengal
713342,Asansol,West Bengal
713343,Rupnryanpur,West Bengal
713344,Jamuria,West Bengal
713346,Dubrajpur,West Bengal
713347,Mejia,West Bengal
713357,Rupnryanpur,West Bengal
713358,Mejia,West Bengal
713359,Asansol,West Bengal
713360,Asansol,West Bengal
713361,Asansol,West Bengal
713362,Asansol,West Bengal
713363,Durgapur,West Bengal
713364,Rupnryanpur,West Bengal
713365,Rupnryanpur,West Bengal
713367,Manteswar,West Bengal
713368,Asansol,West Bengal
713369,Rupnryanpur,West Bengal
713370,Jamuria,West Bengal
713371,Asansol,West Bengal
713372,Dhatrigram,West Bengal
713373,Jamuria,West Bengal
713375,Rupnryanpur,West Bengal
713376,Mejia,West Bengal
713377,Asansol,West Bengal
713378,Dubrajpur,West Bengal
713380,Nanoor,West Bengal
713381,Dubrajpur,West Bengal
713383,Mejia,West Bengal
713384,Jamuria,West Bengal
713385,Dubrajpur,West Bengal
713386,Rupnryanpur,West Bengal
713401,Memari,West Bengal
713402,Panagarh,West Bengal
713403,Panagarh,West Bengal
713404,Jamalpur,West Bengal
713405,Kalna,West Bengal
713406,Guskhara,West Bengal
713407,Bardhaman,West Bengal
713408,Jamalpur,West Bengal
713409,Kalna,West Bengal
713419,Manteswar,West Bengal
713420,Panagarh,West Bengal
713421,Jamalpur,West Bengal
713422,Manteswar,West Bengal
713423,Bardhaman,West Bengal
713424,Jamalpur,West Bengal
713425,Dhatrigram,West Bengal
713426,Manteswar,West Bengal
713427,Sehara Bazaar,West Bengal
713428,Guskhara,West Bengal
713429,Manteswar,West Bengal
713430,Dhatrigram,West Bengal
713432,Mejia,West Bengal
713433,Guskhara,West Bengal
713434,Dhatrigram,West Bengal
713501,Dhatrigram,West Bengal
713502,Katwa,West Bengal
713512,Katwa,West Bengal
713513,Nabadwip,West Bengal
713514,Katwa,West Bengal
713515,Nabadwip,West Bengal
713516,Katwa,West Bengal
713517,Katwa,West Bengal
713518,Katwa,West Bengal
713519,Nabadwip,West Bengal
713520,Guskhara,West Bengal
721101,Midnapore,West Bengal
721102,Midnapore,West Bengal
721121,Chandrakona Road,West Bengal
721122,Midnapore,West Bengal
721123,Chandrakona Road,West Bengal
721124,Panskura,West Bengal
721125,Jhargram,West Bengal
721126,Panskura,West Bengal
721127,Chandrakona Road,West Bengal
721128,Chandrakona Road,West Bengal
721129,Midnapore,West Bengal
721130,Kolaghat,West Bengal
721132,Midnapore,West Bengal
721133,Belda,West Bengal
721134,Kolaghat,West Bengal
721135,Kharagpur,West Bengal
721137,Kolaghat,West Bengal
721140,Lutunia,West Bengal
721143,Jhargram,West Bengal
721144,Lutunia,West Bengal
721145,Kharagpur,West Bengal
721147,Midnapore,West Bengal
721149,Kharagpur,West Bengal
721150,Midnapore,West Bengal
721151,Kolaghat,West Bengal
721154,Kolaghat,West Bengal
721155,Lutunia,West Bengal
721157,Chandrakona Road,West Bengal
721158,Sonamui,West Bengal
721159,Gopiballabpur,West Bengal
721160,Panskura,West Bengal
721161,Lutunia,West Bengal
721163,Howrah,West Bengal
721166,Lutunia,West Bengal
721171,Panskura,West Bengal
721172,Tamluk,West Bengal
721201,Chandrakona Road,West Bengal
721242,Kamarpukur,West Bengal
721253,Chandrakona Road,West Bengal
721258,Chandrakona Road,West Bengal
721260,Chandrakona Road,West Bengal
721301,Kharagpur,West Bengal
721302,Kharagpur,West Bengal
721303,Kharagpur,West Bengal
721304,Kharagpur,West Bengal
721305,Kharagpur,West Bengal
721306,Kharagpur,West Bengal
721315,Kharagpur,West Bengal
721401,Contai,West Bengal
721402,Contai,West Bengal
721403,Contai,West Bengal
721404,Contai,West Bengal
721405,Contai,West Bengal
721406,Contai,West Bengal
721420,Egra,West Bengal
721422,Contai,West Bengal
721423,Contai,West Bengal
721424,Belda,West Bengal
721425,Egra,West Bengal
721426,Jaleswar,West Bengal
721427,Egra,West Bengal
721428,Dehurda,West Bengal
721429,Egra,West Bengal
721430,Contai,West Bengal
721431,Contai,West Bengal
721432,Bajkul,West Bengal
721433,Contai,West Bengal
721434,Egra,West Bengal
721435,Belda,West Bengal
721436,Jaleswar,West Bengal
721437,Kharagpur,West Bengal
721438,Egra,West Bengal
721439,Egra,West Bengal
721440,Egra,West Bengal
721441,Dehurda,West Bengal
721442,Contai,West Bengal
721443,Egra,West Bengal
721444,Contai,West Bengal
721445,Egra,West Bengal
721446,Dehurda,West Bengal
721447,Egra,West Bengal
721448,Contai,West Bengal
721449,Contai,West Bengal
721450,Contai,West Bengal
721451,Belda,West Bengal
721452,Contai,West Bengal
721453,Contai,West Bengal
721454,Egra,West Bengal
721455,Contai,West Bengal
721456,Egra,West Bengal
721457,Jaleswar,West Bengal
721458,Egra,West Bengal
721463,RamnagarWB,West Bengal
721467,Lutunia,West Bengal
721501,Ama Dubi,West Bengal
721502,Jhargram,West Bengal
721503,Gopiballabpur,West Bengal
721504,Jhargram,West Bengal
721505,Jhargram,West Bengal
721506,Gopiballabpur,West Bengal
721507,Jhargram,West Bengal
721513,Jhargram,West Bengal
721514,Jhargram,West Bengal
721515,Jhargram,West Bengal
721516,Midnapore,West Bengal
721517,Gopiballabpur,West Bengal
721601,Egra,West Bengal
721602,Haldia,West Bengal
721603,Tamluk,West Bengal
721604,Haldia,West Bengal
721605,Haldia,West Bengal
721606,Haldia,West Bengal
721607,Haldia,West Bengal
721625,Bajkul,West Bengal
721626,Egra,West Bengal
721627,Kolaghat,West Bengal
721628,Haldia,West Bengal
721629,Panskura,West Bengal
721632,Tamluk,West Bengal
721633,Bajkul,West Bengal
721635,Haldia,West Bengal
721636,Tamluk,West Bengal
721641,Sonamui,West Bengal
721642,Tamluk,West Bengal
721643,Tamluk,West Bengal
721644,Panskura,West Bengal
721645,Haldia,West Bengal
721647,Panskura,West Bengal
721648,Tamluk,West Bengal
721649,Tamluk,West Bengal
721650,Bajkul,West Bengal
721651,Panskura,West Bengal
721652,Tamluk,West Bengal
721653,Panskura,West Bengal
721654,Tamluk,West Bengal
721655,Bajkul,West Bengal
721656,Egra,West Bengal
721657,Haldia,West Bengal
721658,Haldia,West Bengal
721659,Bajkul,West Bengal
721662,Haldia,West Bengal
721666,Haldia,West Bengal
721668,Kolaghat,West Bengal
721670,Haldia,West Bengal
722101,Bankura,West Bengal
722102,Bankura,West Bengal
722107,Bankura,West Bengal
722111,Barjora,West Bengal
722121,Khatra,West Bengal
722122,Bishnupur,West Bengal
722132,Bankura,West Bengal
722133,Bankura,West Bengal
722134,Simlapal,West Bengal
722135,Khatra,West Bengal
722136,Bankura,West Bengal
722137,Bankura,West Bengal
722138,Mirzapur-WB,West Bengal
722139,Chhatna,West Bengal
722140,Khatra,West Bengal
722141,Mirzapur-WB,West Bengal
722142,Barjora,West Bengal
722143,Mejia,West Bengal
722144,Bishnupur,West Bengal
722146,Bankura,West Bengal
722147,Bishnupur,West Bengal
722148,Ama Dubi,West Bengal
722149,Simlapal,West Bengal
722150,Simlapal,West Bengal
722151,Bankura,West Bengal
722152,Bankura,West Bengal
722153,Mejia,West Bengal
722154,Mirzapur-WB,West Bengal
722155,Bankura,West Bengal
722156,Simlapal,West Bengal
722157,Sonamukhi,West Bengal
722158,Mejia,West Bengal
722160,Simlapal,West Bengal
722161,Mirzapur-WB,West Bengal
722162,Simlapal,West Bengal
722163,Simlapal,West Bengal
722164,Gangajalghati,West Bengal
722168,Barjora,West Bengal
722169,Gangajalghati,West Bengal
722170,Bankura,West Bengal
722171,Khatra,West Bengal
722172,Bankura,West Bengal
722173,Hura,West Bengal
722175,Chhatna,West Bengal
722176,Gangajalghati,West Bengal
722177,Gangajalghati,West Bengal
722178,Gangajalghati,West Bengal
722180,Bankura,West Bengal
722181,Bankura,West Bengal
722182,Chhatna,West Bengal
722183,Mejia,West Bengal
722201,Sehara Bazaar,West Bengal
722202,Barjora,West Bengal
722203,Bankura,West Bengal
722204,Barjora,West Bengal
722205,Sehara Bazaar,West Bengal
722206,Sonamukhi,West Bengal
722207,Sonamukhi,West Bengal
722208,Barjora,West Bengal
722222,Barrackpore,West Bengal
723101,Purulia,West Bengal
723102,Purulia,West Bengal
723103,Hura,West Bengal
723104,Purulia,West Bengal
723121,Raghunathpur,West Bengal
723126,Raghunathpur,West Bengal
723127,Balarampur-WB,West Bengal
723128,Manbazar,West Bengal
723129,Ama Dubi,West Bengal
723130,Hura,West Bengal
723131,Manbazar,West Bengal
723132,Raghunathpur,West Bengal
723133,Raghunathpur,West Bengal
723142,Raghunathpur,West Bengal
723143,Balarampur-WB,West Bengal
723145,Raghunathpur,West Bengal
723146,Para,West Bengal
723147,Bhaddi,West Bengal
723148,Hura,West Bengal
723149,Bhaddi,West Bengal
723150,Asansol,West Bengal
723151,Hura,West Bengal
723152,Baghmundi,West Bengal
723153,Balarampur-WB,West Bengal
723154,Bhaddi,West Bengal
723155,Para,West Bengal
723156,Raghunathpur,West Bengal
723161,Raghunathpur,West Bengal
723168,Chhatna,West Bengal
723201,Bhaddi,West Bengal
723202,Jhalda,West Bengal
723212,Jhalda,West Bengal
723213,Jhalda,West Bengal
723215,Bhaddi,West Bengal
731101,Suri,West Bengal
731102,Suri,West Bengal
731103,Suri,West Bengal
731104,Dubrajpur,West Bengal
731121,Bolpur,West Bengal
731123,Dubrajpur,West Bengal
731124,Dubrajpur,West Bengal
731125,Dubrajpur,West Bengal
731126,Suri,West Bengal
731127,Mohammad Bazar,West Bengal
731129,Suri,West Bengal
731130,Suri,West Bengal
731132,Mohammad Bazar,West Bengal
731133,Dubrajpur,West Bengal
731201,Bolpur,West Bengal
731202,Rampurhat,West Bengal
731204,Bolpur,West Bengal
731213,Mohammad Bazar,West Bengal
731214,Dubrajpur,West Bengal
731215,Nanoor,West Bengal
731216,Rampurhat,West Bengal
731218,Rampurhat,West Bengal
731219,Murarai,West Bengal
731220,Morgram,West Bengal
731221,Murarai,West Bengal
731222,Murarai,West Bengal
731223,Rampurhat,West Bengal
731224,Rampurhat,West Bengal
731233,Rampurhat,West Bengal
731234,Mohammad Bazar,West Bengal
731235,Dubrajpur,West Bengal
731236,Bolpur,West Bengal
731237,Morgram,West Bengal
731238,Morgram,West Bengal
731240,Nanoor,West Bengal
731241,Rampurhat,West Bengal
731242,Morgram,West Bengal
731243,Rampurhat,West Bengal
731244,Khargram,West Bengal
731245,Khargram,West Bengal
731301,Nanoor,West Bengal
731302,Nanoor,West Bengal
731303,Nanoor,West Bengal
731304,Nanoor,West Bengal
732001,Malda,West Bengal
732101,Malda,West Bengal
732102,Malda,West Bengal
732103,Malda,West Bengal
732121,Bamangola,West Bengal
732122,Bamangola,West Bengal
732123,Chanchal,West Bengal
732124,Malda,West Bengal
732125,Samsi,West Bengal
732126,Itahar,West Bengal
732127,Farakka,West Bengal
732128,Malda,West Bengal
732138,Bamangola,West Bengal
732139,Samsi,West Bengal
732140,Chanchal,West Bengal
732141,Malda,West Bengal
732142,Malda,West Bengal
732143,Malda,West Bengal
732144,Paranpur,West Bengal
732147,Bamangola,West Bengal
732150,Itahar,West Bengal
732201,Kaliachak,West Bengal
732202,Manikchak,West Bengal
732203,Manikchak,West Bengal
732204,Paranpur,West Bengal
732205,Manikchak,West Bengal
732206,Kaliachak,West Bengal
732207,Farakka,West Bengal
732208,Malda,West Bengal
732209,Malda,West Bengal
732210,Farakka,West Bengal
732211,Malda,West Bengal
732212,Malda,West Bengal
732213,Paranpur,West Bengal
732214,Manikchak,West Bengal
732215,Farakka,West Bengal
732216,Malda,West Bengal
733101,Balurghat,West Bengal
733102,Balurghat,West Bengal
733103,Balurghat,West Bengal
733121,Kaliyaganj,West Bengal
733123,Raiganj,West Bengal
733124,Gangarampur,West Bengal
733125,Kaliyaganj,West Bengal
733126,Balurghat,West Bengal
733127,Gangarampur,West Bengal
733128,Itahar,West Bengal
733129,Kaliyaganj,West Bengal
733130,Raiganj,West Bengal
733132,Kaliyaganj,West Bengal
733133,Balurghat,West Bengal
733134,Raiganj,West Bengal
733140,Gangarampur,West Bengal
733141,Gangarampur,West Bengal
733142,Gangarampur,West Bengal
733143,Itahar,West Bengal
733145,Balurghat,West Bengal
733156,Raiganj,West Bengal
733158,Balurghat,West Bengal
733201,Dalkhola,West Bengal
733202,Islampure,West Bengal
733207,Islampure,West Bengal
733208,Lodhan,West Bengal
733209,Dalkhola,West Bengal
733210,Lodhan,West Bengal
733215,Dalkhola,West Bengal
734001,Siliguri,West Bengal
734002,Siliguri,West Bengal
734003,Siliguri,West Bengal
734004,Siliguri,West Bengal
734005,Siliguri,West Bengal
734006,Siliguri,West Bengal
734007,Siliguri,West Bengal
734008,Siliguri,West Bengal
734009,Siliguri,West Bengal
734010,Bagdogra,West Bengal
734011,Bagdogra,West Bengal
734012,Bagdogra,West Bengal
734013,Bagdogra,West Bengal
734014,Bagdogra,West Bengal
734015,Siliguri,West Bengal
734100,Darjeeling,West Bengal
734101,Darjeeling,West Bengal
734102,Darjeeling,West Bengal
734103,Darjeeling,West Bengal
734104,Darjeeling,West Bengal
734105,Darjeeling,West Bengal
734123,Darjeeling,West Bengal
734201,Bijanbari,West Bengal
734203,Kurseong,West Bengal
734204,Kurseong,West Bengal
734209,Darjeeling,West Bengal
734213,Tista Bazar,West Bengal
734214,Mirik,West Bengal
734215,Mirik,West Bengal
734216,Pokhriabong,West Bengal
734217,Bagdogra,West Bengal
734218,Kurseong,West Bengal
734220,Kurseong,West Bengal
734221,Pokhriabong,West Bengal
734222,Tista Bazar,West Bengal
734223,Kurseong,West Bengal
734224,Kurseong,West Bengal
734226,Tista Bazar,West Bengal
734227,Mirik,West Bengal
734301,Kalimpong,West Bengal
734311,Labha,West Bengal
734313,Mungpoo,West Bengal
734314,Labha,West Bengal
734315,Labha,West Bengal
734316,Labha,West Bengal
734317,Tista Bazar,West Bengal
734321,Tista Bazar,West Bengal
734401,Siliguri,West Bengal
734403,Siliguri,West Bengal
734404,Siliguri,West Bengal
734405,Siliguri,West Bengal
734421,Siliguri,West Bengal
734422,Siliguri,West Bengal
734423,Bagdogra,West Bengal
734424,Siliguri,West Bengal
734425,Bagdogra,West Bengal
734426,Bagdogra,West Bengal
734427,Bagdogra,West Bengal
734429,Bagdogra,West Bengal
734434,Siliguri,West Bengal
734501,Kalijhora,West Bengal
734503,Jholung,West Bengal
735101,Jalpaiguri,West Bengal
735102,Jalpaiguri,West Bengal
735121,Jalpaiguri,West Bengal
735122,Mekhliganj,West Bengal
735132,Jalpaiguri,West Bengal
735133,Jalpaiguri,West Bengal
735134,Siliguri,West Bengal
735135,Siliguri,West Bengal
735137,Jalpaiguri,West Bengal
735202,Binnaguri,West Bengal
735203,Binnaguri,West Bengal
735204,Birpara,West Bengal
735205,Chalsa,West Bengal
735206,Chalsa,West Bengal
735207,Binnaguri,West Bengal
735208,Jaigaon,West Bengal
735209,Chalsa,West Bengal
735210,Mainaguri,West Bengal
735211,Pundibari,West Bengal
735212,Birpara,West Bengal
735213,Birpara,West Bengal
735214,Pundibari,West Bengal
735215,Jaigaon,West Bengal
735216,Birpara,West Bengal
735217,Kalchini,West Bengal
735218,Jalpaiguri,West Bengal
735219,Jalpaiguri,West Bengal
735220,Birpara,West Bengal
735221,Chalsa,West Bengal
735222,Chalsa,West Bengal
735223,Chalsa,West Bengal
735224,Mainaguri,West Bengal
735225,Chalsa,West Bengal
735226,Alipurduar,West Bengal
735227,Alipurduar,West Bengal
735228,Birpara,West Bengal
735229,Chalsa,West Bengal
735230,Jalpaiguri,West Bengal
735231,Jholung,West Bengal
735232,Binnaguri,West Bengal
735233,Birpara,West Bengal
735234,Jalpaiguri,West Bengal
735235,Mainaguri,West Bengal
735301,Mekhliganj,West Bengal
735302,Mainaguri,West Bengal
735303,Mathabhanga,West Bengal
735304,Mekhliganj,West Bengal
735305,Mainaguri,West Bengal
736101,Cooch Behar,West Bengal
736121,Alipurduar,West Bengal
736122,Alipurduar,West Bengal
736123,Alipurduar,West Bengal
736131,Barobisha,West Bengal
736133,Cooch Behar,West Bengal
736134,Cooch Behar,West Bengal
736135,Dinhata,West Bengal
736145,Dinhata,West Bengal
736146,Mathabhanga,West Bengal
736156,Cooch Behar,West Bengal
736157,Mathabhanga,West Bengal
736158,Sitai,West Bengal
736159,Cooch Behar,West Bengal
736160,Cooch Behar,West Bengal
736165,Pundibari,West Bengal
736166,Cooch Behar,West Bengal
736167,Dinhata,West Bengal
736168,Dinhata,West Bengal
736169,Dinhata,West Bengal
736170,Cooch Behar,West Bengal
736171,Pundibari,West Bengal
736172,Mathabhanga,West Bengal
736175,Dinhata,West Bengal
736176,Dinhata,West Bengal
736179,Cooch Behar,West Bengal
736182,Jaigaon,West Bengal
736201,Kumargram,West Bengal
736202,Barobisha,West Bengal
736203,Kumargram,West Bengal
736204,Alipurduar,West Bengal
736205,Kumargram,West Bengal
736206,Alipurduar,West Bengal
736207,Barobisha,West Bengal
736208,Alipurduar,West Bengal
737101,Gangtok,Sikkim
737102,Gangtok,Sikkim
737106,Ranipool,Sikkim
737111,Geyzing,Sikkim
737113,Pelling,Sikkim
737116,Mangan,Sikkim
737121,Jorethang,Sikkim
737126,Namchi,Sikkim
737128,Tista Bazar,Sikkim
737131,Rongli,Sikkim
737132,Rangpo,Sikkim
737133,Rongli,Sikkim
737134,Singtam,Sikkim
737135,Ranipool,Sikkim
737136,Rangpo,Sikkim
737139,Ravangla,Sikkim
741101,Krishnanagar,West Bengal
741102,Krishnanagar,West Bengal
741103,Krishnanagar,West Bengal
741121,Badkulla,West Bengal
741122,Nazirpur,West Bengal
741123,Chapra,West Bengal
741124,Chapra,West Bengal
741125,Krishnanagar,West Bengal
741126,Nakashipara,West Bengal
741127,Badkulla,West Bengal
741137,Nakashipara,West Bengal
741138,Nakashipara,West Bengal
741139,Nakashipara,West Bengal
741140,Nakashipara,West Bengal
741150,Plassey,West Bengal
741151,Hanskhali,West Bengal
741152,Nazirpur,West Bengal
741154,Nakashipara,West Bengal
741155,Plassey,West Bengal
741156,Plassey,West Bengal
741157,Plassey,West Bengal
741158,Nazirpur,West Bengal
741159,Badkulla,West Bengal
741160,Nazirpur,West Bengal
741161,Hanskhali,West Bengal
741162,Nakashipara,West Bengal
741163,Nazirpur,West Bengal
741164,Chapra,West Bengal
741165,Nazirpur,West Bengal
741166,Chapra,West Bengal
741167,Hanskhali,West Bengal
741181,Plassey,West Bengal
741201,Ranaghat,West Bengal
741202,Ranaghat,West Bengal
741221,Kalyani,West Bengal
741222,Ranaghat,West Bengal
741223,Gopalnagar,West Bengal
741232,Ranaghat,West Bengal
741234,Kalyani,West Bengal
741235,Kalyani,West Bengal
741238,Gopalnagar,West Bengal
741245,Kalyani,West Bengal
741246,Kalyani,West Bengal
741247,Ranaghat,West Bengal
741248,Ranaghat,West Bengal
741249,Kalyani,West Bengal
741250,Kalyani,West Bengal
741251,Hooghly,West Bengal
741252,Kalyani,West Bengal
741253,Gopalnagar,West Bengal
741254,Ranaghat,West Bengal
741255,Ranaghat,West Bengal
741256,Ranaghat,West Bengal
741257,Kalyani,West Bengal
741301,Nabadwip,West Bengal
741302,Nabadwip,West Bengal
741313,Nabadwip,West Bengal
741315,Nabadwip,West Bengal
741316,Nabadwip,West Bengal
741317,Nabadwip,West Bengal
741319,Nabadwip,West Bengal
741401,Krishnanagar,West Bengal
741402,Ranaghat,West Bengal
741404,Badkulla,West Bengal
741501,Badkulla,West Bengal
741502,Hanskhali,West Bengal
741503,Hanskhali,West Bengal
741504,Gopalnagar,West Bengal
741505,Hanskhali,West Bengal
741506,Hanskhali,West Bengal
741507,Hanskhali,West Bengal
741508,Hanskhali,West Bengal
741509,Hanskhali,West Bengal
742101,Baharampur,West Bengal
742102,Baharampur,West Bengal
742103,Baharampur,West Bengal
742104,Murshidabad,West Bengal
742113,Murshidabad,West Bengal
742121,Nowda,West Bengal
742122,Murshidabad,West Bengal
742123,Murshidabad,West Bengal
742132,Kandi,West Bengal
742133,Nowda,West Bengal
742134,Nowda,West Bengal
742135,Murshidabad,West Bengal
742136,Kandi,West Bengal
742137,Kandi,West Bengal
742138,Kandi,West Bengal
742139,Baharampur,West Bengal
742140,Khargram,West Bengal
742147,Khargram,West Bengal
742148,Lalgola,West Bengal
742149,Murshidabad,West Bengal
742151,Jangipur,West Bengal
742152,Murshidabad,West Bengal
742156,Nowda,West Bengal
742157,Khargram,West Bengal
742159,Morgram,West Bengal
742160,Murshidabad,West Bengal
742161,Kandi,West Bengal
742162,Nowda,West Bengal
742163,Plassey,West Bengal
742164,Murshidabad,West Bengal
742165,Nowda,West Bengal
742166,Nowda,West Bengal
742167,Baharampur,West Bengal
742168,Khargram,West Bengal
742169,Baharampur,West Bengal
742174,Nowda,West Bengal
742175,Nowda,West Bengal
742184,Raghunathganj,West Bengal
742185,Lalgola,West Bengal
742187,Baharampur,West Bengal
742189,Plassey,West Bengal
742201,Jangipur,West Bengal
742202,Dhulian,West Bengal
742212,Farakka,West Bengal
742213,Raghunathganj,West Bengal
742223,Jangipur,West Bengal
742224,Dhulian,West Bengal
742225,Raghunathganj,West Bengal
742226,Raghunathganj,West Bengal
742227,Jangipur,West Bengal
742235,Jangipur,West Bengal
742236,Farakka,West Bengal
742237,Raghunathganj,West Bengal
742238,Morgram,West Bengal
742301,Kandi,West Bengal
742302,Murshidabad,West Bengal
742303,Domkal,West Bengal
742304,Domkal,West Bengal
742305,Domkal,West Bengal
742306,Domkal,West Bengal
742308,Domkal,West Bengal
742401,Ghanashyampur,West Bengal
742402,Ghanashyampur,West Bengal
742404,Ghanashyampur,West Bengal
742405,Baharampur,West Bengal
742406,Domkal,West Bengal
742407,Baharampur,West Bengal
742408,Baharampur,West Bengal
742409,Domkal,West Bengal
743004,Murarai,West Bengal
743101,Barrackpore,West Bengal
743121,Barrackpore,West Bengal
743122,Barrackpore,West Bengal
743123,Naihati,West Bengal
743124,Bongaon,West Bengal
743125,Naihati,West Bengal
743126,Naihati,West Bengal
743127,Barrackpore,West Bengal
743128,Barrackpore,West Bengal
743129,Naihati,West Bengal
743130,Bongaon,West Bengal
743133,Naihati,West Bengal
743134,Naihati,West Bengal
743135,Naihati,West Bengal
743136,Naihati,West Bengal
743144,Barrackpore,West Bengal
743145,Naihati,West Bengal
743165,Naihati,West Bengal
743166,Naihati,West Bengal
743193,Naihati,West Bengal
743194,Naihati,West Bengal
743195,Barrackpore,West Bengal
743200,Barrackpore,West Bengal
743201,Barasat,West Bengal
743202,Barrackpore,West Bengal
743203,Barrackpore,West Bengal
743204,Barrackpore,West Bengal
743212,Barrackpore,West Bengal
743221,Barasat,West Bengal
743222,Barasat,West Bengal
743223,Habra,West Bengal
743232,Helencha,West Bengal
743233,Habra,West Bengal
743234,Joypul,West Bengal
743235,Bongaon,West Bengal
743245,Bongaon,West Bengal
743247,Habra,West Bengal
743248,Barasat,West Bengal
743249,Habra,West Bengal
743250,Barasat,West Bengal
743251,Helencha,West Bengal
743252,Habra,West Bengal
743262,Bongaon,West Bengal
743263,Habra,West Bengal
743268,Barasat,West Bengal
743269,Barasat,West Bengal
743270,Helencha,West Bengal
743271,Habra,West Bengal
743272,Habra,West Bengal
743273,Habra,West Bengal
743286,Habra,West Bengal
743287,Habra,West Bengal
743289,Habra,West Bengal
743290,Kalyani,West Bengal
743291,Basirhat,West Bengal
743292,Basirhat,West Bengal
743293,Basirhat,West Bengal
743297,Helencha,West Bengal
743301,Kolkata,West Bengal
743302,Baruipur,West Bengal
743312,Canning,West Bengal
743313,Kolkata,West Bengal
743318,Fatepur,West Bengal
743319,Kolkata,West Bengal
743329,Baruipur,West Bengal
743330,Baruipur,West Bengal
743331,Fatepur,West Bengal
743332,Fatepur,West Bengal
743336,Jaynagar,West Bengal
743337,Jaynagar,West Bengal
743338,Raidighi,West Bengal
743345,Jaynagar,West Bengal
743347,Kakdwip,West Bengal
743348,Kakdwip,West Bengal
743349,Raidighi,West Bengal
743351,Fatepur,West Bengal
743353,Baruipur,West Bengal
743354,Jaynagar,West Bengal
743355,Jaynagar,West Bengal
743356,Kakdwip,West Bengal
743357,Kakdwip,West Bengal
743363,Baruipur,West Bengal
743368,Fatepur,West Bengal
743372,Jaynagar,West Bengal
743374,Kakdwip,West Bengal
743375,Fatepur,West Bengal
743376,Baruipur,West Bengal
743377,Fatepur,West Bengal
743383,Raidighi,West Bengal
743385,Jaynagar,West Bengal
743387,Baruipur,West Bengal
743391,Jaynagar,West Bengal
743395,Jaynagar,West Bengal
743396,Jaynagar,West Bengal
743398,Fatepur,West Bengal
743399,Dakshin Barasat,West Bengal
743401,Basirhat,West Bengal
743405,Bongaon,West Bengal
743411,Basirhat,West Bengal
743412,Basirhat,West Bengal
743422,Basirhat,West Bengal
743423,Barasat,West Bengal
743424,Barasat,West Bengal
743425,Minakhan,West Bengal
743426,Taki,West Bengal
743427,Basirhat,West Bengal
743428,Basirhat,West Bengal
743429,Basirhat,West Bengal
743435,Taki,West Bengal
743437,Basirhat,West Bengal
743438,Habra,West Bengal
743439,Hingalganj,West Bengal
743442,Minakhan,West Bengal
743446,Hingalganj,West Bengal
743456,Minakhan,West Bengal
743502,Ghatakpukur,West Bengal
743503,Fatepur,West Bengal
743504,Fatepur,West Bengal
743505,Baruipur,West Bengal
743512,Barrackpore,West Bengal
743513,Fatepur,West Bengal
743515,Kolkata,West Bengal
743609,Jaynagar,West Bengal
743610,Baruipur,West Bengal
743612,Kolkata,West Bengal
743613,Baruipur,West Bengal
743700,Barasat,West Bengal
743701,Bongaon,West Bengal
743702,Joypul,West Bengal
743704,Habra,West Bengal
743706,Barasat,West Bengal
743710,Bongaon,West Bengal
743711,Kalyani,West Bengal
744101,Port Blair,Andaman & Nicobar (UT)
744102,Port Blair,Andaman & Nicobar (UT)
744103,Port Blair,Andaman & Nicobar (UT)
744105,Port Blair,Andaman & Nicobar (UT)
744106,Port Blair,Andaman & Nicobar (UT)
744107,Port Blair,Andaman & Nicobar (UT)
744112,Port Blair,Andaman & Nicobar (UT)
751001,Bhubaneshwar,Odisha
751002,Bhubaneshwar,Odisha
751003,Bhubaneshwar,Odisha
751004,Bhubaneshwar,Odisha
751005,Bhubaneshwar,Odisha
751006,Bhubaneshwar,Odisha
751007,Bhubaneshwar,Odisha
751008,Bhubaneshwar,Odisha
751009,Bhubaneshwar,Odisha
751010,Bhubaneshwar,Odisha
751011,Bhubaneshwar,Odisha
751012,Bhubaneshwar,Odisha
751013,Bhubaneshwar,Odisha
751014,Bhubaneshwar,Odisha
751015,Bhubaneshwar,Odisha
751016,Bhubaneshwar,Odisha
751017,Bhubaneshwar,Odisha
751018,Bhubaneshwar,Odisha
751019,Bhubaneshwar,Odisha
751020,Bhubaneshwar,Odisha
751021,Bhubaneshwar,Odisha
751022,Bhubaneshwar,Odisha
751023,Bhubaneshwar,Odisha
751024,Bhubaneshwar,Odisha
751025,Bhubaneshwar,Odisha
751026,Bhubaneshwar,Odisha
751027,Bhubaneshwar,Odisha
751028,Bhubaneshwar,Odisha
751029,Bhubaneshwar,Odisha
751030,Bhubaneshwar,Odisha
751031,Bhubaneshwar,Odisha
751054,Bhubaneshwar,Odisha
752001,Puri,Odisha
752002,Puri,Odisha
752003,Puri,Odisha
752006,Puri,Odisha
752012,Puri,Odisha
752013,Puri,Odisha
752014,Puri,Odisha
752015,Nirakarpur,Odisha
752016,Nirakarpur,Odisha
752017,Nirakarpur,Odisha
752018,Nirakarpur,Odisha
752019,Nirakarpur,Odisha
752020,Nirakarpur,Odisha
752021,Nirakarpur,Odisha
752022,Tangi,Odisha
752023,Tangi,Odisha
752024,Tangi,Odisha
752025,Tangi,Odisha
752026,Gopalapur,Odisha
752027,Tangi,Odisha
752030,Balugaon,Odisha
752031,Balugaon,Odisha
752032,Maludkhas,Odisha
752034,Balugaon,Odisha
752035,Balugaon,Odisha
752037,Balugaon,Odisha
752038,Gopalapur,Odisha
752045,Puri,Odisha
752046,Pipili,Odisha
752050,Khurdha,Odisha
752054,Khurdha,Odisha
752055,Khurdha,Odisha
752056,Khurdha,Odisha
752057,Khurdha,Odisha
752060,Khurdha,Odisha
752061,Khurdha,Odisha
752062,Khurdha,Odisha
752063,Kalapathar,Odisha
752064,Kalapathar,Odisha
752065,Nayagarh,Odisha
752066,Nayagarh,Odisha
752067,Puri,Odisha
752068,Nayagarh,Odisha
752069,Nayagarh,Odisha
752070,Nayagarh,Odisha
752077,Kalapathar,Odisha
752078,Kalapathar,Odisha
752079,Nayagarh,Odisha
752080,Nayagarh,Odisha
752081,Nayagarh,Odisha
752082,Nayagarh,Odisha
752083,Daspalla,Odisha
752084,Daspalla,Odisha
752085,Daspalla,Odisha
752087,Nayagarh,Odisha
752090,Nayagarh,Odisha
752091,Daspalla,Odisha
752093,Daspalla,Odisha
752094,Nayagarh,Odisha
752100,Bhubaneshwar,Odisha
752101,Bhubaneshwar,Odisha
752102,Nimapara,Odisha
752103,Nimapara,Odisha
752104,Bhubaneshwar,Odisha
752105,Nimapara,Odisha
752106,Nimapara,Odisha
752107,Konark,Odisha
752108,Konark,Odisha
752109,Konark,Odisha
752110,Konark,Odisha
752111,Konark,Odisha
752113,Nimapara,Odisha
752114,Nimapara,Odisha
752115,Nirakarpur,Odisha
752116,Konark,Odisha
752118,Konark,Odisha
752119,Astaranga,Odisha
752120,Nimapara,Odisha
752121,Nimapara,Odisha
753000,Cuttack,Odisha
753001,Cuttack,Odisha
753002,Cuttack,Odisha
753003,Cuttack,Odisha
753004,Cuttack,Odisha
753005,Cuttack,Odisha
753006,Cuttack,Odisha
753007,Cuttack,Odisha
753008,Cuttack,Odisha
753009,Cuttack,Odisha
753010,Cuttack,Odisha
753011,Cuttack,Odisha
753012,Cuttack,Odisha
753013,Cuttack,Odisha
753014,Cuttack,Odisha
753015,Cuttack,Odisha
753021,Cuttack,Odisha
753025,Cuttack,Odisha
753027,Cuttack,Odisha
753051,Cuttack,Odisha
753071,Cuttack,Odisha
753121,Jalpaiguri,Odisha
753141,Cuttack,Odisha
754001,Bhubaneshwar,Odisha
754002,Adaspur,Odisha
754003,Chandikhol,Odisha
754004,Nimapara,Odisha
754005,Cuttack,Odisha
754006,Cuttack,Odisha
754007,Kalapathar,Odisha
754008,Kalapathar,Odisha
754009,Kalapathar,Odisha
754010,Adaspur,Odisha
754011,Adaspur,Odisha
754012,Bhubaneshwar,Odisha
754013,Cuttack,Odisha
754014,Bhubaneshwar,Odisha
754018,Adaspur,Odisha
754020,Cuttack,Odisha
754021,Cuttack,Odisha
754022,Cuttack,Odisha
754023,Chandikhol,Odisha
754024,Chandikhol,Odisha
754025,Cuttack,Odisha
754026,Cuttack,Odisha
754027,Cuttack,Odisha
754028,Cuttack,Odisha
754029,Athagarh,Odisha
754030,Badamba,Odisha
754031,Badamba,Odisha
754032,Narasinghpur,Odisha
754034,Badamba,Odisha
754035,Athagarh,Odisha
754037,Badamba,Odisha
754071,Cuttack,Odisha
754082,Chandikhol,Odisha
754100,Cuttack,Odisha
754101,Cuttack,Odisha
754102,Jagatsinghpur,Odisha
754103,Jagatsinghpur,Odisha
754104,Jagatsinghpur,Odisha
754105,Adaspur,Odisha
754106,Jagatsinghpur,Odisha
754107,Jagatsinghpur,Odisha
754108,Balikuda,Odisha
754109,Jagatsinghpur,Odisha
754110,Balikuda,Odisha
754111,Paikana,Odisha
754112,Cuttack,Odisha
754113,Balikuda,Odisha
754114,Jagatsinghpur,Odisha
754119,Balikuda,Odisha
754120,Paradip,Odisha
754130,Paikana,Odisha
754131,Cuttack,Odisha
754132,Jagatsinghpur,Odisha
754133,Jagatsinghpur,Odisha
754134,Babujang,Odisha
754135,Babujang,Odisha
754136,Tirtol,Odisha
754137,Tirtol,Odisha
754138,Tirtol,Odisha
754139,Tirtol,Odisha
754140,Tirtol,Odisha
754141,Paradip,Odisha
754142,Paradip,Odisha
754143,Paradip,Odisha
754144,Paradip,Odisha
754145,Paradip,Odisha
754153,Babujang,Odisha
754160,Tirtol,Odisha
754162,Babujang,Odisha
754200,Cuttack,Odisha
754201,Cuttack,Odisha
754202,Cuttack,Odisha
754203,Cuttack,Odisha
754204,Chandikhol,Odisha
754205,Chandikhol,Odisha
754206,Cuttack,Odisha
754207,Cuttack,Odisha
754208,Cuttack,Odisha
754209,Cuttack,Odisha
754210,Kendrapara,Odisha
754211,Kendrapara,Odisha
754212,Kendrapara,Odisha
754213,Kendrapara,Odisha
754214,Kendrapara,Odisha
754215,Kendrapara,Odisha
754217,Garjanpur,Odisha
754218,Kendrapara,Odisha
754219,Aul,Odisha
754220,Chandbali,Odisha
754221,Cuttack,Odisha
754222,Kendrapara,Odisha
754223,Babujang,Odisha
754225,Garjanpur,Odisha
754227,Aul,Odisha
754228,Babujang,Odisha
754229,Kendrapara,Odisha
754231,Aul,Odisha
754239,Aul,Odisha
754240,Kendrapara,Odisha
754244,Babujang,Odisha
754245,Garjanpur,Odisha
754246,Garjanpur,Odisha
754250,Kendrapara,Odisha
754253,Babujang,Odisha
754289,Kendrapara,Odisha
754290,Salipur,Odisha
754291,Cuttack,Odisha
754292,Chandipur,Odisha
754293,Salipur,Odisha
754294,Jagatsinghpur,Odisha
754295,Athagarh,Odisha
754296,Chandikhol,Odisha
754297,Athagarh,Odisha
755001,Jajpur,Odisha
755003,Chandipur,Odisha
755004,Binjharpur,Odisha
755005,Chandipur,Odisha
755006,Mangalpur,Odisha
755007,Jajpur,Odisha
755008,Chandipur,Odisha
755009,Chandipur,Odisha
755010,Kendrapara,Odisha
755011,Mangalpur,Odisha
755012,Binjharpur,Odisha
755013,Mangalpur,Odisha
755014,Mangalpur,Odisha
755015,Jajpur,Odisha
755016,Aul,Odisha
755017,Chandipur,Odisha
755019,Jajpur,Odisha
755020,Jajpur,Odisha
755022,Jajpur,Odisha
755023,Chandikhol,Odisha
755024,Jaraka,Odisha
755025,Jajpur,Odisha
755026,Jajpur,Odisha
755027,Mangalpur,Odisha
755028,Anandapur,Odisha
755033,Jajpur,Odisha
755036,Mangalpur,Odisha
755042,Jajpur,Odisha
755043,Jajpur,Odisha
755044,Jaraka,Odisha
755045,Jaraka,Odisha
755049,Chandikhol,Odisha
755050,Jaraka,Odisha
755051,Chandipur,Odisha
755061,Aul,Odisha
755062,Mangalpur,Odisha
756001,Balasore,Odisha
756002,Balasore,Odisha
756003,Balasore,Odisha
756009,Balasore,Odisha
756017,Balasore,Odisha
756018,Balasore,Odisha
756019,Balasore,Odisha
756020,Balasore,Odisha
756021,Balasore,Odisha
756022,Basta,Odisha
756023,Basta,Odisha
756024,Basta,Odisha
756025,Balasore,Odisha
756026,Jaleswar,Odisha
756028,Basta,Odisha
756029,Basta,Odisha
756030,Basta,Odisha
756032,Jaleswar,Odisha
756033,Dantan,Odisha
756034,Jaleswar,Odisha
756035,Dehurda,Odisha
756036,Dehurda,Odisha
756037,RamnagarWB,Odisha
756038,Dehurda,Odisha
756039,Dantan,Odisha
756040,Raj Berhampur,Odisha
756041,Raj Berhampur,Odisha
756042,Soro,Odisha
756043,Raj Berhampur,Odisha
756044,Soro,Odisha
756045,Soro,Odisha
756046,Soro,Odisha
756047,Soro,Odisha
756048,Agarpada,Odisha
756049,Soro,Odisha
756051,Soro,Odisha
756055,Soro,Odisha
756056,Balasore,Odisha
756058,Raj Berhampur,Odisha
756059,Agarpada,Odisha
756060,Balasore,Odisha
756079,Dehurda,Odisha
756080,Basta,Odisha
756081,Basta,Odisha
756083,Basta,Odisha
756084,Jaleswar,Odisha
756085,Dehurda,Odisha
756086,Jaleswar,Odisha
756100,Bhadrak,Odisha
756101,Bhadrak,Odisha
756111,Bhadrak,Odisha
756112,Bhadrak,Odisha
756113,Bhadrak,Odisha
756114,Bhadrak,Odisha
756115,Agarpada,Odisha
756116,Bhadrak,Odisha
756117,Dhamanagar,Odisha
756118,Dhamanagar,Odisha
756119,Mangalpur,Odisha
756120,Dhamanagar,Odisha
756121,Jajpur,Odisha
756122,Jajpur,Odisha
756123,Bhadrak,Odisha
756124,Bhadrak,Odisha
756125,Bhadrak,Odisha
756126,Bhadrak,Odisha
756127,Bhadrak,Odisha
756128,Bhadrak,Odisha
756129,Tihidi,Odisha
756130,Tihidi,Odisha
756131,Tihidi,Odisha
756132,Chandbali,Odisha
756133,Chandbali,Odisha
756134,Bhadrak,Odisha
756135,Bhadrak,Odisha
756137,Bhadrak,Odisha
756138,Mangalpur,Odisha
756139,Bhadrak,Odisha
756144,Agarpada,Odisha
756162,Bhadrak,Odisha
756163,Bhadrak,Odisha
756164,Bhadrak,Odisha
756165,Bhadrak,Odisha
756166,Bhadrak,Odisha
756167,Bhadrak,Odisha
756168,Bhadrak,Odisha
756181,Bhadrak,Odisha
756182,Agarpada,Odisha
757001,Baripada,Odisha
757002,Baripada,Odisha
757003,Betnoti,Odisha
757014,Sankerko,Odisha
757016,Morada,Odisha
757017,Betnoti,Odisha
757018,Morada,Odisha
757019,Udala,Odisha
757020,Morada,Odisha
757021,Baripada,Odisha
757022,Morada,Odisha
757023,Baripada,Odisha
757024,Sankerko,Odisha
757025,Betnoti,Odisha
757026,Betnoti,Odisha
757027,Raj Berhampur,Odisha
757028,Betnoti,Odisha
757029,Betnoti,Odisha
757030,Baripada,Odisha
757031,Bangriposi,Odisha
757032,Bangriposi,Odisha
757033,Rairangpur,Odisha
757034,Jashipur,Odisha
757035,Raruan,Odisha
757036,Raruan,Odisha
757037,Karanjia,Odisha
757039,Raruan,Odisha
757040,Udala,Odisha
757041,Udala,Odisha
757042,Rairangpur,Odisha
757043,Rairangpur,Odisha
757045,Rairangpur,Odisha
757046,Rairangpur,Odisha
757047,Jashipur,Odisha
757048,Rairangpur,Odisha
757049,Baripada,Odisha
757050,Rairangpur,Odisha
757051,Bangriposi,Odisha
757052,Betnoti,Odisha
757053,Rairangpur,Odisha
757054,Rairangpur,Odisha
757055,Morada,Odisha
757073,Morada,Odisha
757074,Udala,Odisha
757075,Udala,Odisha
757077,Udala,Odisha
757079,Raj Berhampur,Odisha
757081,Bangriposi,Odisha
757082,Betnoti,Odisha
757083,Betnoti,Odisha
757084,Sankerko,Odisha
757085,Udala,Odisha
757086,Bangriposi,Odisha
757087,Udala,Odisha
757091,Jashipur,Odisha
757092,Bangriposi,Odisha
757093,Bangriposi,Odisha
757100,Betnoti,Odisha
757101,Udala,Odisha
757102,Udala,Odisha
757103,Baripada,Odisha
757104,Udala,Odisha
757105,Baripada,Odisha
757106,Raj Berhampur,Odisha
757107,Baripada,Odisha
758001,Kendujhar,Odisha
758002,Kendujhar,Odisha
758013,Kendujhar,Odisha
758014,Kendujhar,Odisha
758015,Anandapur,Odisha
758016,Karanjia,Odisha
758017,Kendujhar,Odisha
758018,Kendujhar,Odisha
758019,Telkoi,Odisha
758020,Anandapur,Odisha
758021,Anandapur,Odisha
758022,Anandapur,Odisha
758023,Agarpada,Odisha
758025,Anandapur,Odisha
758026,Anandapur,Odisha
758027,Ghatgaon,Odisha
758028,Ghatgaon,Odisha
758029,Ghatgaon,Odisha
758030,Karanjia,Odisha
758031,Kendujhar,Odisha
758032,Kendujhar,Odisha
758034,Joda,Odisha
758035,Barbil,Odisha
758036,Barbil,Odisha
758037,Barbil,Odisha
758038,Joda,Odisha
758040,Barbil,Odisha
758043,Anandapur,Odisha
758044,Kendujhar,Odisha
758045,Karanjia,Odisha
758046,Karanjia,Odisha
758076,Telkoi,Odisha
758078,Agarpada,Odisha
758079,Ghatgaon,Odisha
758080,Ghatgaon,Odisha
758082,Ghatgaon,Odisha
758083,Anandapur,Odisha
758084,Pallahara,Odisha
758085,Kendujhar,Odisha
758086,Kendujhar,Odisha
758087,Kendujhar,Odisha
759001,Dhenkanal,Odisha
759013,Dhenkanal,Odisha
759014,Bhuban,Odisha
759015,Dhenkanal,Odisha
759016,Bhuban,Odisha
759017,Kamakhyanagar,Odisha
759018,Kamakhyanagar,Odisha
759019,Dhenkanal,Odisha
759020,Dhenkanal,Odisha
759021,Dhenkanal,Odisha
759022,Dhenkanal,Odisha
759023,Kamakhyanagar,Odisha
759024,Kamakhyanagar,Odisha
759025,Dhenkanal,Odisha
759026,Kamakhyanagar,Odisha
759027,Dhenkanal,Odisha
759028,Kamakhyanagar,Odisha
759029,Angul,Odisha
759037,Talcher,Odisha
759039,Kamakhyanagar,Odisha
759040,Dhenkanal,Odisha
759100,Talcher,Odisha
759101,Angul,Odisha
759102,Angul,Odisha
759103,Angul,Odisha
759104,Angul,Odisha
759106,Angul,Odisha
759107,Angul,Odisha
759111,Angul,Odisha
759116,Angul,Odisha
759119,Pallahara,Odisha
759120,Talcher,Odisha
759122,Angul,Odisha
759123,Angul,Odisha
759124,Chhendipada,Odisha
759125,Kishorenagar,Odisha
759128,Angul,Odisha
759129,Angul,Odisha
759130,Chhendipada,Odisha
759131,Angul,Odisha
759132,Angul,Odisha
759141,Chhendipada,Odisha
759143,Angul,Odisha
759144,Angul,Odisha
759145,Angul,Odisha
759146,Talcher,Odisha
759148,Angul,Odisha
760001,Behrampur,Odisha
760002,Behrampur,Odisha
760003,Behrampur,Odisha
760004,Behrampur,Odisha
760005,Behrampur,Odisha
760006,Behrampur,Odisha
760007,Behrampur,Odisha
760008,Behrampur,Odisha
760009,Behrampur,Odisha
760010,Behrampur,Odisha
760011,Behrampur,Odisha
761001,Behrampur,Odisha
761002,Behrampur,Odisha
761003,Behrampur,Odisha
761004,Chikiti,Odisha
761005,Chikiti,Odisha
761006,Chikiti,Odisha
761007,Behrampur,Odisha
761008,Chikiti,Odisha
761009,Behrampur,Odisha
761010,Chikiti,Odisha
761011,Chikiti,Odisha
761012,Digapahandi,Odisha
761013,Digapahandi,Odisha
761014,Digapahandi,Odisha
761015,Mohana,Odisha
761016,Mohana,Odisha
761017,Mohana,Odisha
761018,Behrampur,Odisha
761019,Kodala,Odisha
761020,Behrampur,Odisha
761025,Behrampur,Odisha
761026,Behrampur,Odisha
761027,Behrampur,Odisha
761028,Behrampur,Odisha
761029,Balugaon,Odisha
761030,Kodala,Odisha
761031,Kodala,Odisha
761032,Kodala,Odisha
761035,Kodala,Odisha
761037,Chikiti,Odisha
761041,Kodala,Odisha
761042,Digapahandi,Odisha
761043,Kodala,Odisha
761045,Behrampur,Odisha
761052,Behrampur,Odisha
761054,Behrampur,Odisha
761055,Digapahandi,Odisha
761100,Behrampur,Odisha
761101,Behrampur,Odisha
761102,Hinjilicut,Odisha
761103,Hinjilicut,Odisha
761104,Asika,Odisha
761105,Polasara,Odisha
761106,Digapahandi,Odisha
761107,Badagada,Odisha
761108,Badagada,Odisha
761109,Badagada,Odisha
761110,Asika,Odisha
761111,Asika,Odisha
761114,Asika,Odisha
761115,Asika,Odisha
761116,Asika,Odisha
761117,Buguda,Odisha
761118,Buguda,Odisha
761119,Bhanjanagar,Odisha
761120,Bhanjanagar,Odisha
761121,Jagannathprasad,Odisha
761122,Asika,Odisha
761123,Jagannathprasad,Odisha
761124,Bhanjanagar,Odisha
761125,Bhanjanagar,Odisha
761126,Bhanjanagar,Odisha
761127,Bhanjanagar,Odisha
761131,Bhanjanagar,Odisha
761132,Galleri,Odisha
761133,Bhanjanagar,Odisha
761135,Bhanjanagar,Odisha
761140,Bhanjanagar,Odisha
761141,Galleri,Odisha
761143,Buguda,Odisha
761144,Digapahandi,Odisha
761146,Hinjilicut,Odisha
761151,Balliguda,Odisha
761200,Paralakhemundi,Odisha
761201,Paralakhemundi,Odisha
761206,Paralakhemundi,Odisha
761207,Raygada,Odisha
761208,Paralakhemundi,Odisha
761209,Chikiti,Odisha
761210,Paralakhemundi,Odisha
761211,Paralakhemundi,Odisha
761212,Paralakhemundi,Odisha
761213,Rayagada,Odisha
761214,Rayagada,Odisha
761215,Paralakhemundi,Odisha
761217,Mohana,Odisha
762001,Phulbani,Odisha
762002,Phulbani,Odisha
762010,Phulbani,Odisha
762011,Phulbani,Odisha
762012,Phulbani,Odisha
762013,Puranakatak,Odisha
762014,Boudh,Odisha
762015,Sonepur-OR,Odisha
762016,Sonepur-OR,Odisha
762019,Phulbani,Odisha
762020,Kishorenagar,Odisha
762022,G. Udayagiri,Odisha
762023,Puranakatak,Odisha
762024,Boudh,Odisha
762026,Boudh,Odisha
762028,Galleri,Odisha
762029,Phulbani,Odisha
762100,G. Udayagiri,Odisha
762101,Balliguda,Odisha
762102,Balliguda,Odisha
762103,Balliguda,Odisha
762104,Balliguda,Odisha
762105,M Rampur,Odisha
762106,Phulbani,Odisha
762107,M Rampur,Odisha
762109,Balliguda,Odisha
762110,Balliguda,Odisha
762112,G. Udayagiri,Odisha
763001,Semiliguda,Odisha
763002,Semiliguda,Odisha
763003,Semiliguda,Odisha
763004,Semiliguda,Odisha
763008,Semiliguda,Odisha
764001,Jeypore,Odisha
764003,Jeypore,Odisha
764004,Jeypore,Odisha
764005,Jeypore,Odisha
764006,Jeypore,Odisha
764020,Koraput,Odisha
764021,Koraput,Odisha
764028,Tikiri,Odisha
764036,Semiliguda,Odisha
764037,Semiliguda,Odisha
764038,Koraput,Odisha
764039,Semiliguda,Odisha
764041,Koraput,Odisha
764044,Boipariguda,Odisha
764045,Malkangiri,Odisha
764046,Balimela,Odisha
764047,Kalimela,Odisha
764048,Malkangiri,Odisha
764049,Pappadahandi,Odisha
764051,Balimela,Odisha
764052,Balimela,Odisha
764055,Jeypore,Odisha
764056,Nabarangapur,Odisha
764059,Nabarangapur,Odisha
764063,Nabarangapur,Odisha
764069,Pappadahandi,Odisha
764070,Nabarangapur,Odisha
764071,Pappadahandi,Odisha
764072,Umerkote,Odisha
764073,Umerkote,Odisha
764075,Pappadahandi,Odisha
764076,Umerkote,Odisha
764077,Umerkote,Odisha
764078,Nabarangapur,Odisha
764085,Nabarangapur,Odisha
764086,Kalimela,Odisha
764087,Kalimela,Odisha
765001,Raygada,Odisha
765002,Raygada,Odisha
765013,Koraput,Odisha
765015,Tikiri,Odisha
765016,Kalyansingpur,Odisha
765017,Raygada,Odisha
765018,Raygada,Odisha
765019,Muniguda,Odisha
765020,Muniguda,Odisha
765021,Muniguda,Odisha
765022,Gunupur,Odisha
765023,Gunupur,Odisha
765024,Gunupur,Odisha
765025,Gunupur,Odisha
765026,Gunupur,Odisha
765029,Gunupur,Odisha
765033,Gunupur,Odisha
765034,Gunupur,Odisha
766001,Bhawanipatna,Odisha
766002,Bhawanipatna,Odisha
766011,Kesinga,Odisha
766012,Kesinga,Odisha
766013,Jaipatna,Odisha
766014,Bhawanipatna,Odisha
766015,Junagarh-OR,Odisha
766016,Junagarh-OR,Odisha
766017,Junagarh-OR,Odisha
766018,Jaipatna,Odisha
766019,Jaipatna,Odisha
766020,Muniguda,Odisha
766021,Bhawanipatna,Odisha
766023,Junagarh-OR,Odisha
766026,Jaipatna,Odisha
766027,Muniguda,Odisha
766028,Junagarh-OR,Odisha
766029,Junagarh-OR,Odisha
766031,M. Rampur,Odisha
766032,Kesinga,Odisha
766036,Kantabanji,Odisha
766100,M. Rampur,Odisha
766101,Kesinga,Odisha
766102,M. Rampur,Odisha
766103,Junagarh-OR,Odisha
766104,Nuapada,Odisha
766105,Nuapada,Odisha
766106,Komana,Odisha
766107,Khariar,Odisha
766108,Sinapali,Odisha
766110,M. Rampur,Odisha
766118,Khariar,Odisha
767001,Balangir,Odisha
767002,Balangir,Odisha
767003,Balangir,Odisha
767005,Balangir,Odisha
767016,Sonepur-OR,Odisha
767017,Sonepur-OR,Odisha
767018,Birmaharajpur,Odisha
767019,Binka,Odisha
767020,Loisingha,Odisha
767021,Dunguripali,Odisha
767022,Padampur,Odisha
767023,Dunguripali,Odisha
767024,Balangir,Odisha
767025,Patnagarh,Odisha
767026,Kantabanji,Odisha
767027,Patnagarh,Odisha
767029,Saintala,Odisha
767030,Saintala,Odisha
767032,Saintala,Odisha
767033,Titilagarh,Odisha
767035,Kantabanji,Odisha
767037,Kantabanji,Odisha
767039,Kantabanji,Odisha
767040,Khariar,Odisha
767041,Patnagarh,Odisha
767042,Titilagarh,Odisha
767045,Dunguripali,Odisha
767046,Saintala,Odisha
767048,Patnagarh,Odisha
767060,Kantabanji,Odisha
767061,Loisingha,Odisha
767062,Birmaharajpur,Odisha
767065,Balangir,Odisha
767066,Titilagarh,Odisha
767067,Balangir,Odisha
767068,Loisingha,Odisha
767070,Saintala,Odisha
767071,Balangir,Odisha
768001,Sambalpur,Odisha
768002,Sambalpur,Odisha
768003,Sambalpur,Odisha
768004,Sambalpur,Odisha
768005,Sambalpur,Odisha
768006,Sambalpur,Odisha
768011,Sambalpur,Odisha
768016,Sambalpur,Odisha
768017,Sambalpur,Odisha
768018,Sambalpur,Odisha
768019,Sambalpur,Odisha
768020,Sambalpur,Odisha
768025,Kadobahal,Odisha
768027,Kadobahal,Odisha
768028,Bargarh,Odisha
768029,Bargarh,Odisha
768030,Bargarh,Odisha
768031,Bargarh,Odisha
768032,Bargarh,Odisha
768033,Bargarh,Odisha
768034,Bargarh,Odisha
768035,Padampur,Odisha
768036,Padampur,Odisha
768037,Padampur,Odisha
768038,Bargarh,Odisha
768040,Bargarh,Odisha
768045,Bargarh,Odisha
768048,Padampur,Odisha
768049,Padampur,Odisha
768050,Nuapada,Odisha
768101,Sambalpur,Odisha
768102,Kadobahal,Odisha
768103,Kadobahal,Odisha
768104,Binka,Odisha
768105,Rairakhol,Odisha
768106,Rairakhol,Odisha
768107,Kuchinda,Odisha
768108,Deogarh,Odisha
768109,Riamal,Odisha
768110,Pallahara,Odisha
768111,Kadobahal,Odisha
768112,Sambalpur,Odisha
768115,Kadobahal,Odisha
768116,Sambalpur,Odisha
768118,Rairakhol,Odisha
768119,Deogarh,Odisha
768121,Riamal,Odisha
768200,Sambalpur,Odisha
768201,Jharsuguda,Odisha
768202,Jharsuguda,Odisha
768203,Jharsuguda,Odisha
768204,Jharsuguda,Odisha
768205,Jharsuguda,Odisha
768211,Brajrajnagar,Odisha
768213,Kuchinda,Odisha
768214,Kuchinda,Odisha
768215,Bamra,Odisha
768216,Brajrajnagar,Odisha
768217,Brajrajnagar,Odisha
768218,Brajrajnagar,Odisha
768219,Brajrajnagar,Odisha
768220,Jharsuguda,Odisha
768221,Bamra,Odisha
768222,Kuchinda,Odisha
768223,Jharsuguda,Odisha
768224,Bamra,Odisha
768225,Brajrajnagar,Odisha
768227,Kuchinda,Odisha
768228,Bamra,Odisha
768233,Brajrajnagar,Odisha
768234,Brajrajnagar,Odisha
769001,Rourkela,Odisha
769002,Rourkela,Odisha
769003,Rourkela,Odisha
769004,Rourkela,Odisha
769005,Rourkela,Odisha
769006,Rourkela,Odisha
769007,Rourkela,Odisha
769008,Rourkela,Odisha
769009,Rourkela,Odisha
769010,Rourkela,Odisha
769011,Rourkela,Odisha
769012,Rourkela,Odisha
769013,Rourkela,Odisha
769014,Rourkela,Odisha
769015,Rourkela,Odisha
769016,Rourkela,Odisha
769041,Rourkela,Odisha
769042,Rourkela,Odisha
769043,Rourkela,Odisha
770001,Sundargarh,Odisha
770002,Sundargarh,Odisha
770011,Sundargarh,Odisha
770012,Ballinga,Odisha
770013,Ballinga,Odisha
770014,Subdega,Odisha
770015,Subdega,Odisha
770016,Rajgangpur,Odisha
770017,Rajgangpur,Odisha
770018,Rajgangpur,Odisha
770019,Sundargarh,Odisha
770020,Sundargarh,Odisha
770021,Ballinga,Odisha
770022,Bamra,Odisha
770023,Rajgangpur,Odisha
770025,Sundargarh,Odisha
770031,Rourkela,Odisha
770032,Rourkela,Odisha
770033,Birmitrapur,Odisha
770034,Rajgangpur,Odisha
770035,Birmitrapur,Odisha
770036,Rourkela,Odisha
770037,Rourkela,Odisha
770038,Lahunipara,Odisha
770039,Rourkela,Odisha
770040,Lahunipara,Odisha
770041,Birmitrapur,Odisha
770042,Birmitrapur,Odisha
770044,Lahunipara,Odisha
770046,Birmitrapur,Odisha
770048,Birmitrapur,Odisha
770051,Lahunipara,Odisha
770052,Birmitrapur,Odisha
770070,Rajgangpur,Odisha
770072,Ballinga,Odisha
770073,Sundargarh,Odisha
770074,Subdega,Odisha
770075,Brajrajnagar,Odisha
770076,Ballinga,Odisha
781001,Guwahati,Assam
781002,Guwahati,Assam
781003,Guwahati,Assam
781004,Guwahati,Assam
781005,Guwahati,Assam
781006,Guwahati,Assam
781007,Guwahati,Assam
781008,Guwahati,Assam
781009,Guwahati,Assam
781010,Guwahati,Assam
781011,Guwahati,Assam
781012,Guwahati,Assam
781013,Guwahati,Assam
781014,Guwahati,Assam
781015,Guwahati,Assam
781016,Guwahati,Assam
781017,Guwahati,Assam
781018,Guwahati,Assam
781019,Guwahati,Assam
781020,Guwahati,Assam
781021,Guwahati,Assam
781022,Guwahati,Assam
781023,Guwahati,Assam
781024,Guwahati,Assam
781025,Guwahati,Assam
781026,Guwahati,Assam
781027,Guwahati,Assam
781028,Guwahati,Assam
781029,Guwahati,Assam
781030,Guwahati,Assam
781031,Guwahati,Assam
781032,Guwahati,Assam
781033,Guwahati,Assam
781034,Guwahati,Assam
781035,Guwahati,Assam
781036,Guwahati,Assam
781037,Guwahati,Assam
781038,Guwahati,Assam
781039,Guwahati,Assam
781040,Guwahati,Assam
781068,Guwahati,Assam
781101,Rangia,Assam
781102,Hajo,Assam
781103,Hajo,Assam
781104,Guwahati,Assam
781121,Baihata,Assam
781122,Chhaygaon,Assam
781123,Chhaygaon,Assam
781124,Chhaygaon,Assam
781125,Chhaygaon,Assam
781126,Hajo,Assam
781127,Boko,Assam
781128,Guwahati,Assam
781129,Boko,Assam
781130,Guwahati,Assam
781132,Chhaygaon,Assam
781134,Chhaygaon,Assam
781135,Boko,Assam
781136,Boko,Assam
781137,Chhaygaon,Assam
781138,Sarthebari,Assam
781141,Chhaygaon,Assam
781150,Guwahati,Assam
781171,Guwahati,Assam
781301,Barpeta,Assam
781302,Barpeta,Assam
781303,Nalbari,Assam
781304,Nalbari,Assam
781305,Barpeta,Assam
781306,Sarthebari,Assam
781307,Sarthebari,Assam
781308,Barpeta,Assam
781309,Barpeta,Assam
781310,Nalbari,Assam
781311,Sarthebari,Assam
781312,Sarthebari,Assam
781313,Barpeta,Assam
781314,Barpeta,Assam
781315,Barpeta,Assam
781316,Barpeta,Assam
781317,Barpeta,Assam
781318,Barpeta,Assam
781319,Barpeta,Assam
781320,Goalpara,Assam
781321,Kalgachia,Assam
781325,Barpeta,Assam
781326,Tihu,Assam
781327,Tihu,Assam
781328,Tihu,Assam
781329,Tihu,Assam
781330,Tihu,Assam
781333,Tamulpur,Assam
781334,Nalbari,Assam
781335,Nalbari,Assam
781336,Nalbari,Assam
781337,Nalbari,Assam
781338,Sarthebari,Assam
781339,Nalbari,Assam
781340,Nalbari,Assam
781341,Nalbari,Assam
781343,Tihu,Assam
781344,Nalbari,Assam
781346,Nalbari,Assam
781347,Nalbari,Assam
781348,Nalbari,Assam
781349,Nalbari,Assam
781350,Hajo,Assam
781351,Nalbari,Assam
781352,Barpeta,Assam
781353,Nalbari,Assam
781354,Rangia,Assam
781355,Tihu,Assam
781360,Rangia,Assam
781364,Mangaldoi,Assam
781365,Rangia,Assam
781366,Baihata,Assam
781367,Rangia,Assam
781368,Tamulpur,Assam
781369,Nalbari,Assam
781370,Nalbari,Assam
781371,Tihu,Assam
781372,Tamulpur,Assam
781373,Rangia,Assam
781374,Sarthebari,Assam
781375,Nalbari,Assam
781376,Nalbari,Assam
781377,Tamulpur,Assam
781378,Tihu,Assam
781380,Rangia,Assam
781381,Rangia,Assam
781382,Rangia,Assam
782001,Nagaon,Assam
782002,Nagaon,Assam
782003,Nagaon,Assam
782010,Nagaon,Assam
782101,Nagaon,Assam
782102,Nagaon,Assam
782103,Morigaon,Assam
782104,Morigaon,Assam
782105,Morigaon,Assam
782106,Morigaon,Assam
782108,Morigaon,Assam
782120,Kaliabor,Assam
782121,Morigaon,Assam
782122,Dhing Town,Assam
782123,Dhing Town,Assam
782126,Dhing Town,Assam
782127,Morigaon,Assam
782135,Puranaigudam,Assam
782136,Kaliabor,Assam
782137,Kaliabor,Assam
782138,Kaliabor,Assam
782139,Kaliabor,Assam
782140,Kaliabor,Assam
782141,Puranaigudam,Assam
782142,Jamugiri,Assam
782143,Kaliabor,Assam
782144,Jamugiri,Assam
782401,Jagiroad,Assam
782402,Jorabat,Assam
782403,Jagiroad,Assam
782410,Morigaon,Assam
782411,Morigaon,Assam
782412,Morigaon,Assam
782413,Jamugiri,Assam
782425,Chaparmukh,Assam
782426,Kampur Town,Assam
782427,Kampur Town,Assam
782428,Kampur Town,Assam
782429,Hojai,Assam
782435,Hojai,Assam
782439,Hojai,Assam
782440,Hojai,Assam
782441,Howraghat,Assam
782442,Hojai,Assam
782445,Hojai,Assam
782446,Hojai,Assam
782447,Lumding,Assam
782448,Lanka,Assam
782450,Kampur Town,Assam
782460,Diphu,Assam
782461,Diphu,Assam
782462,Diphu,Assam
782470,Golaghat,Assam
782480,Bokajan,Assam
782481,Howraghat,Assam
782482,Bokolia,Assam
782485,Hojai,Assam
782486,Hamren,Assam
782490,Bokajan,Assam
783101,Goalpara,Assam
783120,Goalpara,Assam
783121,Goalpara,Assam
783122,Dudhnoi,Assam
783123,Boko,Assam
783124,Goalpara,Assam
783125,Goalpara,Assam
783126,Goalpara,Assam
783127,Fekamari,Assam
783128,Fekamari,Assam
783129,Lakhipur,Assam
783130,Boko,Assam
783131,Fekamari,Assam
783132,Lakhipur,Assam
783134,Goalpara,Assam
783135,Fekamari,Assam
783301,Dhubri,Assam
783302,Dhubri,Assam
783303,Dhubri,Assam
783307,Dhubri,Assam
783310,Dhubri,Assam
783312,Dhubri,Assam
783320,Dhubri,Assam
783321,Dhubri,Assam
783323,Dhubri,Assam
783324,Dhubri,Assam
783325,Dhubri,Assam
783330,Lakhipur,Assam
783331,Dhubri,Assam
783332,Agomani,Assam
783333,Agomani,Assam
783334,Golakganj,Assam
783335,Agomani,Assam
783336,Gossaigaon,Assam
783339,Dhubri,Assam
783345,Kokrajhar,Assam
783348,Bilasipara,Assam
783349,Bilasipara,Assam
783351,Bilasipara,Assam
783360,Gossaigaon,Assam
783361,Gossaigaon,Assam
783369,Kokrajhar,Assam
783370,Kokrajhar,Assam
783371,Chapar,Assam
783372,Kokrajhar,Assam
783373,Kokrajhar,Assam
783375,Kokrajhar,Assam
783376,Kokrajhar,Assam
783380,Bongaigaon,Assam
783381,Bongaigaon,Assam
783382,Goalpara,Assam
783383,Bongaigaon,Assam
783384,Bongaigaon,Assam
783385,Bongaigaon,Assam
783388,Bongaigaon,Assam
783389,Chapar,Assam
783390,Bijni,Assam
783391,Manikpur,Assam
783392,Manikpur,Assam
783394,Kokrajhar,Assam
784001,Tezpur,Assam
784002,Tezpur,Assam
784004,Tezpur,Assam
784010,Tezpur,Assam
784025,Tezpur,Assam
784026,Balipara,Assam
784027,Kaliabor,Assam
784028,Tezpur,Assam
784101,Balipara,Assam
784102,Balipara,Assam
784103,Balipara,Assam
784104,Balipara,Assam
784105,Balipara,Assam
784110,Dhekiajuli,Assam
784111,Thelamara,Assam
784112,Thelamara,Assam
784114,Rowta,Assam
784115,Mangaldoi,Assam
784116,Mangaldoi,Assam
784117,Thelamara,Assam
784118,Dhekiajuli,Assam
784125,Mangaldoi,Assam
784144,Mangaldoi,Assam
784145,Mangaldoi,Assam
784146,Mangaldoi,Assam
784147,Mangaldoi,Assam
784148,Baihata,Assam
784149,Dhekiajuli,Assam
784150,Tezpur,Assam
784151,Sivasagar,Assam
784153,Tezpur,Assam
784154,Tezpur,Assam
784160,North Lakhimpur,Assam
784161,Narayanpur,Assam
784163,Narayanpur,Assam
784164,Narayanpur,Assam
784165,Narayanpur,Assam
784166,Behali,Assam
784167,BiswanathCH,Assam
784168,Gohpur,Assam
784170,Behali,Assam
784171,Behali,Assam
784172,Gohpur,Assam
784174,BiswanathCH,Assam
784175,BiswanathCH,Assam
784176,BiswanathCH,Assam
784177,BiswanathCH,Assam
784178,Gohpur,Assam
784179,Behali,Assam
784180,Balipara,Assam
784184,BiswanathCH,Assam
784189,Balipara,Assam
784501,Tezpur,Assam
784502,Thelamara,Assam
784504,Thelamara,Assam
784505,Balipara,Assam
784506,Balipara,Assam
784507,Rowta,Assam
784508,Rowta,Assam
784509,Udalguri,Assam
784510,Rowta,Assam
784513,Rowta,Assam
784514,Rowta,Assam
784521,Mangaldoi,Assam
784522,Mangaldoi,Assam
784523,Udalguri,Assam
784524,Udalguri,Assam
784525,Mangaldoi,Assam
784526,Mangaldoi,Assam
784527,Rangia,Assam
784528,Mangaldoi,Assam
784529,Mangaldoi,Assam
785001,Jorhat,Assam
785002,Jorhat,Assam
785003,Jorhat,Assam
785004,Jorhat,Assam
785005,Jorhat,Assam
785006,Jorhat,Assam
785007,Jorhat,Assam
785008,Jorhat,Assam
785009,Jorhat,Assam
785010,Teok,Assam
785011,Jorhat,Assam
785012,Jorhat,Assam
785013,Jorhat,Assam
785014,Jorhat,Assam
785015,Jorhat,Assam
785016,Jorhat,Assam
785018,Jorhat,Assam
785101,Teok,Assam
785102,Majuli,Assam
785104,Majuli,Assam
785105,Majuli,Assam
785106,Majuli,Assam
785107,Teok,Assam
785108,Jorhat,Assam
785110,Majuli,Assam
785111,Teok,Assam
785112,Teok,Assam
785113,Jorhat,Assam
785601,Sarupathar,Assam
785602,Sarupathar,Assam
785603,Golaghat,Assam
785609,Bokakhat,Assam
785610,Golaghat,Assam
785611,Dergaon,Assam
785612,Bokakhat,Assam
785613,Golaghat,Assam
785614,Dergaon,Assam
785615,Bokakhat,Assam
785616,Jorhat,Assam
785618,Dergaon,Assam
785619,Dergaon,Assam
785620,Jorhat,Assam
785621,Golaghat,Assam
785622,Golaghat,Assam
785623,Golaghat,Assam
785625,Golaghat,Assam
785626,Golaghat,Assam
785630,Mariani,Assam
785631,Jorhat,Assam
785632,Jorhat,Assam
785633,Jorhat,Assam
785634,Mariani,Assam
785635,Teok,Assam
785636,Teok,Assam
785638,Teok,Assam
785640,Sivasagar,Assam
785641,Golaghat,Assam
785643,Sivasagar,Assam
785644,Sivasagar,Assam
785645,Nazira,Assam
785647,Nazira,Assam
785648,Sivasagar,Assam
785649,Sivasagar,Assam
785654,Sivasagar,Assam
785656,Nazira,Assam
785660,Sivasagar,Assam
785661,Teok,Assam
785662,Demow,Assam
785663,Sivasagar,Assam
785664,Sivasagar,Assam
785665,Sivasagar,Assam
785666,Nazira,Assam
785667,Sivasagar,Assam
785668,Sivasagar,Assam
785669,Moranhat,Assam
785670,Moranhat,Assam
785672,Sivasagar,Assam
785673,Moranhat,Assam
785674,Nazira,Assam
785675,Moranhat,Assam
785676,Moranhat,Assam
785678,Nazira,Assam
785680,Teok,Assam
785681,Teok,Assam
785682,Teok,Assam
785683,Teok,Assam
785684,Nazira,Assam
785685,Nazira,Assam
785686,Sivasagar,Assam
785687,Nazira,Assam
785688,Sonari,Assam
785689,Sonari,Assam
785690,Sonari,Assam
785691,Sonari,Assam
785692,Sonari,Assam
785693,Sonari,Assam
785694,Sonari,Assam
785695,Sonari,Assam
785696,Nazira,Assam
785697,Sivasagar,Assam
785698,Nazira,Assam
785699,Bokakhat,Assam
785700,Teok,Assam
785701,Sivasagar,Assam
785702,Golaghat,Assam
785703,Dergaon,Assam
785704,Mariani,Assam
785705,Golaghat,Assam
786001,Dibrugarh,Assam
786002,Dibrugarh,Assam
786003,Dibrugarh,Assam
786004,Dibrugarh,Assam
786005,Dibrugarh,Assam
786006,Dibrugarh,Assam
786007,Dibrugarh,Assam
786008,Dibrugarh,Assam
786010,Dibrugarh,Assam
786012,Dibrugarh,Assam
786101,Tengakhat,Assam
786102,Chabua,Assam
786103,Tengakhat,Assam
786121,Golaghat,Assam
786124,Tinsukia,Assam
786125,Tinsukia,Assam
786126,Tinsukia,Assam
786145,Tinsukia,Assam
786146,Tinsukia,Assam
786147,Tinsukia,Assam
786148,Tinsukia,Assam
786150,Doom Dooma,Assam
786151,Doom Dooma,Assam
786152,Doom Dooma,Assam
786153,Doom Dooma,Assam
786154,Doom Dooma,Assam
786155,JaytishNagar,Assam
786156,Doom Dooma,Assam
786157,JaytishNagar,Assam
786158,JaytishNagar,Assam
786159,Doom Dooma,Assam
786160,Digboi,Assam
786170,Tinsukia,Assam
786171,Digboi,Assam
786172,Digboi,Assam
786173,Digboi,Assam
786174,Digboi,Assam
786179,Margherita,Assam
786181,Margherita,Assam
786182,Margherita,Assam
786183,Tinsukia,Assam
786184,Chabua,Assam
786185,Chabua,Assam
786187,Margherita,Assam
786188,Margherita,Assam
786189,Tinsukia,Assam
786190,Digboi,Assam
786191,Duliajan,Assam
786192,Tinsukia,Assam
786602,Duliajan,Assam
786610,Naharkatia,Assam
786611,Naharkatia,Assam
786612,Naharkatia,Assam
786613,Moranhat,Assam
786614,Naharkatia,Assam
786621,Naharkatia,Assam
786622,Dibrugarh,Assam
786623,Naharkatia,Assam
786692,Duliajan,Assam
787001,North Lakhimpur,Assam
787023,North Lakhimpur,Assam
787026,Gogamukh,Assam
787031,North Lakhimpur,Assam
787032,North Lakhimpur,Assam
787033,Narayanpur,Assam
787034,Gogamukh,Assam
787035,Gogamukh,Assam
787051,North Lakhimpur,Assam
787052,North Lakhimpur,Assam
787053,Dhakuakhana,Assam
787054,Narayanpur,Assam
787055,Dhakuakhana,Assam
787056,Gogamukh,Assam
787057,Dhemaji,Assam
787058,Dhemaji,Assam
787059,Silapathar,Assam
787060,Jonai,Assam
787061,Silapathar,Assam
787110,Silapathar,Assam
788001,Silchar,Assam
788002,Silchar,Assam
788003,Silchar,Assam
788004,Silchar,Assam
788005,Silchar,Assam
788006,Silchar,Assam
788007,Silchar,Assam
788009,Silchar,Assam
788010,Silchar,Assam
788011,Silchar,Assam
788013,Sonabarighat,Assam
788014,Silchar,Assam
788015,Silchar,Assam
788025,Silchar,Assam
788026,Silchar,Assam
788030,Udarbond,Assam
788031,Udarbond,Assam
788098,Pailapool,Assam
788099,Sonabarighat,Assam
788101,Pailapool,Assam
788102,Pailapool,Assam
788103,Pailapool,Assam
788106,Pailapool,Assam
788107,Pailapool,Assam
788108,Udarbond,Assam
788109,Udarbond,Assam
788110,Silchar,Assam
788111,Udarbond,Assam
788113,Bhaga,Assam
788115,Kabuganj,Assam
788116,Kabuganj,Assam
788117,Hailakandi,Assam
788118,Silchar,Assam
788119,Kabuganj,Assam
788121,Silchar,Assam
788126,Pailapool,Assam
788127,Silchar,Assam
788150,Hailakandi,Assam
788151,Hailakandi,Assam
788152,Hailakandi,Assam
788155,Hailakandi,Assam
788156,Hailakandi,Assam
788160,Hailakandi,Assam
788161,Lalapur,Assam
788162,Lalapur,Assam
788163,Lalapur,Assam
788164,Hailakandi,Assam
788165,Lalapur,Assam
788166,Ramkrishna Nagar,Assam
788168,Hailakandi,Assam
788169,Hailakandi,Assam
788701,Karimganj,Assam
788702,Badarpur,Assam
788706,Karimganj,Assam
788709,Karimganj,Assam
788710,Karimganj,Assam
788711,Karimganj,Assam
788712,Karimganj,Assam
788713,Karimganj,Assam
788719,Karimganj,Assam
788720,Karimganj,Assam
788722,Karimganj,Assam
788723,Karimganj,Assam
788724,Patharkandi,Assam
788725,Patharkandi,Assam
788726,Patharkandi,Assam
788727,Patharkandi,Assam
788728,Patharkandi,Assam
788733,Ramkrishna Nagar,Assam
788734,Ramkrishna Nagar,Assam
788735,Ramkrishna Nagar,Assam
788736,Ramkrishna Nagar,Assam
788738,Ramkrishna Nagar,Assam
788802,Badarpur,Assam
788803,Badarpur,Assam
788804,Kalain,Assam
788805,Badarpur,Assam
788806,Badarpur,Assam
788815,Kalain,Assam
788816,Kalain,Assam
788819,Haflong,Assam
788830,Mahur,Assam
788831,Mahur,Assam
788832,Lumding,Assam
788931,Umrangso,Assam
790001,Bomdila,Arunachal Pradesh
790002,Kalaktang,Arunachal Pradesh
790003,Bomdila,Arunachal Pradesh
790101,Dirang,Arunachal Pradesh
790102,Seppa,Arunachal Pradesh
790104,Tawang,Arunachal Pradesh
790105,Tawang,Arunachal Pradesh
790106,Lumla,Arunachal Pradesh
790114,Bhalukpong,Arunachal Pradesh
790116,Bomdila,Arunachal Pradesh
791001,Aalo,Arunachal Pradesh
791002,Yingkiong,Arunachal Pradesh
791101,Basar,Arunachal Pradesh
791102,Pasighat,Arunachal Pradesh
791103,Boleng,Arunachal Pradesh
791104,Pasighat,Arunachal Pradesh
791109,Naharlagun,Arunachal Pradesh
791110,Naharlagun,Arunachal Pradesh
791111,Itanagar,Arunachal Pradesh
791112,Itanagar,Arunachal Pradesh
791113,Itanagar,Arunachal Pradesh
791114,Sagalee,Arunachal Pradesh
791119,Yazali,Arunachal Pradesh
791120,Ziro,Arunachal Pradesh
791121,North Lakhimpur,Arunachal Pradesh
791122,Daporijo,Arunachal Pradesh
791123,Nirjuli,Arunachal Pradesh
791125,Likabali,Arunachal Pradesh
792001,Tezu,Arunachal Pradesh
792056,Bordumsa,Arunachal Pradesh
792102,Chowkham,Arunachal Pradesh
792103,Namsai,Arunachal Pradesh
792104,Hayuliang,Arunachal Pradesh
792105,Namsai,Arunachal Pradesh
792110,Roing,Arunachal Pradesh
792111,Chowkham,Arunachal Pradesh
792120,Changlang,Arunachal Pradesh
792121,Jairampur,Arunachal Pradesh
792122,Kharsang,Arunachal Pradesh
792123,Jairampur,Arunachal Pradesh
792129,Deomali,Arunachal Pradesh
792130,Khonsa,Arunachal Pradesh
792131,Longding,Arunachal Pradesh
793001,Shillong,Meghalaya
793002,Shillong,Meghalaya
793003,Shillong,Meghalaya
793004,Shillong,Meghalaya
793005,Shillong,Meghalaya
793006,Shillong,Meghalaya
793007,Shillong,Meghalaya
793008,Shillong,Meghalaya
793009,Shillong,Meghalaya
793010,Shillong,Meghalaya
793011,Shillong,Meghalaya
793012,Shillong,Meghalaya
793014,Shillong,Meghalaya
793015,Shillong,Meghalaya
793016,Shillong,Meghalaya
793017,Shillong,Meghalaya
793018,Shillong,Meghalaya
793019,Shillong,Meghalaya
793021,Shillong,Meghalaya
793022,Shillong,Meghalaya
793101,Nongpoh,Meghalaya
793102,Nongpoh,Meghalaya
793103,Shillong,Meghalaya
793104,Shillong,Meghalaya
793105,Nongpoh,Meghalaya
793106,Ranikor,Meghalaya
793107,Cherrapunji,Meghalaya
793108,Cherrapunji,Meghalaya
793109,Pynursla,Meghalaya
793110,Pynursla,Meghalaya
793111,Cherrapunji,Meghalaya
793112,Cherrapunji,Meghalaya
793113,Marshillong,Meghalaya
793114,Marshillong,Meghalaya
793115,Shillong,Meghalaya
793116,Shillong,Meghalaya
793119,Nongstoin,Meghalaya
793120,Mairang,Meghalaya
793121,Shillong,Meghalaya
793122,Shillong,Meghalaya
793126,Riangdo,Meghalaya
793150,Jowai,Meghalaya
793151,Jowai,Meghalaya
793160,Dkhiah West,Meghalaya
793200,Khliehriat,Meghalaya
794001,Tura,Meghalaya
794002,Tura,Meghalaya
794003,Tura,Meghalaya
794005,Tura,Meghalaya
794101,Tura,Meghalaya
794102,Shillong,Meghalaya
794103,Dalu,Meghalaya
794104,Phulbari,Meghalaya
794105,Garobadha,Meghalaya
794106,Mahendraganj,Meghalaya
794107,Williamnagar,Meghalaya
794108,Resubelpara,Meghalaya
794109,Tura,Meghalaya
794110,Rongjeng,Meghalaya
794111,Williamnagar,Meghalaya
794112,Resubelpara,Meghalaya
794115,Garobadha,Meghalaya
795107,Kangpokpi,Manipur
795114,Imphal,Manipur
795115,Imphal,Manipur
795130,Imphal,Manipur
795132,Imphal,Manipur
795133,Moirang,Manipur
795134,Imphal,Manipur
795140,Imphal,Manipur
795146,Imphal,Manipur
795148,Imphal,Manipur
796001,Aizawl,Mizoram
796004,Aizawl,Mizoram
796005,Aizawl,Mizoram
796007,Aizawl,Mizoram
796008,Aizawl,Mizoram
796009,Aizawl,Mizoram
796012,Aizawl,Mizoram
796014,Aizawl,Mizoram
796017,Aizawl,Mizoram
796081,Kolasib,Mizoram
796082,Kolasib,Mizoram
796101,Kolasib,Mizoram
796410,Aizawl,Mizoram
796701,Lunglei,Mizoram
797001,Kohima,Nagaland
797002,Kohima,Nagaland
797003,Tlabung,Nagaland
797004,Kohima,Nagaland
797005,Kohima,Nagaland
797101,Peren,Nagaland
797103,Chumukeidma,Nagaland
797105,Tseminyu,Nagaland
797107,Pfutsero,Nagaland
797108,Phek,Nagaland
797109,Tseminyu,Nagaland
797110,Chumukeidma,Nagaland
797111,Wokha,Nagaland
797112,Dimapur,Nagaland
797113,Dimapur,Nagaland
797115,Dimapur,Nagaland
797116,Dimapur,Nagaland
797117,Dimapur,Nagaland
797120,Kohima,Nagaland
797121,Tlabung,Nagaland
798601,Mokokchung,Nagaland
798611,Kiphire,Nagaland
798612,Tuensang,Nagaland
798617,Mokokchung,Nagaland
798620,Zunheboto,Nagaland
798621,Mon,Nagaland
798625,Longleng,Nagaland
799001,Agartala,Tripura
799002,Agartala,Tripura
799003,Agartala,Tripura
799004,Agartala,Tripura
799005,Agartala,Tripura
799006,Agartala,Tripura
799007,Agartala,Tripura
799008,Agartala,Tripura
799009,Agartala,Tripura
799010,Agartala,Tripura
799011,Agartala,Tripura
799012,Agartala,Tripura
799013,Udaipur-TR,Tripura
799014,Agartala,Tripura
799015,Agartala,Tripura
799022,Agartala,Tripura
799035,Agartala,Tripura
799045,Agartala,Tripura
799046,Agartala,Tripura
799101,Amarpur TP,Tripura
799102,Bishalgarh,Tripura
799103,Udaipur-TR,Tripura
799104,Amarpur TP,Tripura
799105,Udaipur-TR,Tripura
799113,Agartala,Tripura
799114,Udaipur-TR,Tripura
799115,Udaipur-TR,Tripura
799120,Udaipur-TR,Tripura
799130,Agartala,Tripura
799131,Udaipur-TR,Tripura
799141,Santirbazar,Tripura
799142,Santirbazar,Tripura
799143,Manu bazar,Tripura
799144,Santirbazar,Tripura
799145,Manu bazar,Tripura
799155,Santirbazar,Tripura
799156,Manu bazar,Tripura
799201,Khowai,Tripura
799202,Khowai,Tripura
799203,Teliamura,Tripura
799204,Aambasa,Tripura
799205,Teliamura,Tripura
799207,Khowai,Tripura
799210,Agartala,Tripura
799250,Dharmanagar,Tripura
799251,Dharmanagar,Tripura
799253,Dharmanagar,Tripura
799254,Dharmanagar,Tripura
799260,Dharmanagar,Tripura
799261,Dharmanagar,Tripura
799262,Dharmanagar,Tripura
799263,Kumarghat,Tripura
799264,Kumarghat,Tripura
799266,Kumarghat,Tripura
799269,Kumarghat,Tripura
799270,Kumarghat,Tripura
799271,Kumarghat,Tripura
799275,Aambasa,Tripura
799277,Kailashahar,Tripura
799278,Aambasa,Tripura
799279,Kailashahar,Tripura
799280,Kumarghat,Tripura
799281,Kailashahar,Tripura
799282,Kailashahar,Tripura
799284,Dhalai,Tripura
799285,Kamalpur,Tripura
799286,Kamalpur,Tripura
799287,Kamalpur,Tripura
799288,Kumarghat,Tripura
799289,Aambasa,Tripura
799290,Kumarghat,Tripura
800001,Patna,Bihar
800002,Patna,Bihar
800003,Patna,Bihar
800004,Patna,Bihar
800005,Patna,Bihar
800006,Patna,Bihar
800007,Patna,Bihar
800008,Patna,Bihar
800009,Patna,Bihar
800010,Patna,Bihar
800011,Patna,Bihar
800012,Patna,Bihar
800013,Patna,Bihar
800014,Patna,Bihar
800015,Patna,Bihar
800016,Patna,Bihar
800017,Patna,Bihar
800018,Patna,Bihar
800019,Patna,Bihar
800020,Patna,Bihar
800021,Patna,Bihar
800022,Patna,Bihar
800023,Patna,Bihar
800024,Patna,Bihar
800025,Patna,Bihar
800026,Patna,Bihar
800027,Patna,Bihar
800028,Patna,Bihar
800029,Patna,Bihar
801102,Bihta,Bihar
801103,Bihta,Bihar
801104,Bihta,Bihar
801105,Patna,Bihar
801106,Bihta,Bihar
801108,Bihta,Bihar
801109,Bihta,Bihar
801110,Arwal,Bihar
801111,Bihta,Bihar
801112,Bihta,Bihar
801113,Bihta,Bihar
801301,Hilsa,Bihar
801302,Hilsa,Bihar
801303,Khodaganj,Bihar
801304,Hilsa,Bihar
801305,Chandi,Bihar
801306,Hilsa,Bihar
801307,Chandi,Bihar
801503,Patna,Bihar
801505,Patna,Bihar
801506,Patna,Bihar
801507,Patna,Bihar
802101,Buxar,Bihar
802102,Buxar,Bihar
802103,Buxar,Bihar
802111,Dumraon,Bihar
802112,Shahpur,Bihar
802113,Buxar,Bihar
802114,Rajpur,Bihar
802115,Jagdishpur,Bihar
802116,Buxar,Bihar
802117,Dinara,Bihar
802118,Dumraon,Bihar
802119,Dumraon,Bihar
802120,Dumraon,Bihar
802122,Rajpur,Bihar
802123,Buxar,Bihar
802125,Malyabag,Bihar
802126,Dumraon,Bihar
802127,Dumraon,Bihar
802128,Rajpur,Bihar
802129,Malyabag,Bihar
802131,Buxar,Bihar
802132,Nuaon,Bihar
802133,Dumraon,Bihar
802134,Shahpur,Bihar
802135,Buxar,Bihar
802136,Dumraon,Bihar
802152,Jagdishpur,Bihar
802155,Jagdishpur,Bihar
802156,Arrah,Bihar
802158,Jagdishpur,Bihar
802159,Jagdishpur,Bihar
802160,Arrah,Bihar
802161,Arrah,Bihar
802162,Jagdishpur,Bihar
802163,Arrah,Bihar
802164,Sandesh,Bihar
802183,Jagdishpur,Bihar
802201,Sandesh,Bihar
802202,Piro,Bihar
802203,Sandesh,Bihar
802204,Piro,Bihar
802205,Piro,Bihar
802206,Sandesh,Bihar
802207,Jagdishpur,Bihar
802208,Arwal,Bihar
802209,Piro,Bihar
802210,Arrah,Bihar
802211,Malyabag,Bihar
802212,Bikramganj,Bihar
802213,Dinara,Bihar
802214,Bikramganj,Bihar
802215,Sasaram,Bihar
802216,Malyabag,Bihar
802217,Sasaram,Bihar
802218,Dinara,Bihar
802219,Sasaram,Bihar
802220,Bikramganj,Bihar
802221,Bikramganj,Bihar
802222,Piro,Bihar
802223,Sandesh,Bihar
802226,Bikramganj,Bihar
802237,Arrah,Bihar
802301,Arrah,Bihar
802302,Arrah,Bihar
802304,Arrah,Bihar
802311,Arrah,Bihar
802312,Arrah,Bihar
802313,Arrah,Bihar
802314,Arrah,Bihar
802316,Arrah,Bihar
802352,Arrah,Bihar
803101,Bihar Sharif,Bihar
803102,Hilsa,Bihar
803107,Barbigha,Bihar
803108,Chandi,Bihar
803109,Rajgir,Bihar
803110,Chandi,Bihar
803111,Pavapuri,Bihar
803113,Chandi,Bihar
803114,Chandi,Bihar
803115,Pavapuri,Bihar
803116,Rajgir,Bihar
803117,Rajgir,Bihar
803118,Bihar Sharif,Bihar
803119,Bihar Sharif,Bihar
803120,Chandi,Bihar
803121,Rajgir,Bihar
803201,Patna,Bihar
803202,Patna,Bihar
803211,Barh,Bihar
803212,Bakhtiarpur,Bihar
803213,Barh,Bihar
803214,Barh,Bihar
803215,Barh,Bihar
803216,Bihar Sharif,Bihar
803221,Barh,Bihar
803301,Sheonar,Bihar
803302,Sheonar,Bihar
803303,Sheonar,Bihar
803306,Sheonar,Bihar
803307,Sheonar,Bihar
804401,Arwal,Bihar
804402,Arwal,Bihar
804403,Tekari,Bihar
804404,Khizasarai,Bihar
804405,Makhdumpur,Bihar
804406,Jehanabad,Bihar
804407,Khodaganj,Bihar
804408,Jehanabad,Bihar
804417,Jehanabad,Bihar
804418,Jehanabad,Bihar
804419,Arwal,Bihar
804420,Jehanabad,Bihar
804421,Tekari,Bihar
804422,Makhdumpur,Bihar
804423,Jehanabad,Bihar
804424,Makhdumpur,Bihar
804425,Jehanabad,Bihar
804426,Arwal,Bihar
804427,Jehanabad,Bihar
804428,Arwal,Bihar
804429,Jehanabad,Bihar
804432,Jehanabad,Bihar
804433,Makhdumpur,Bihar
804434,Makhdumpur,Bihar
804435,Tekari,Bihar
804451,Masaurhi,Bihar
804452,Masaurhi,Bihar
804453,Patna,Bihar
804454,Masaurhi,Bihar
805101,Pakribarwan,Bihar
805102,Nawada,Bihar
805103,Nawada,Bihar
805104,Nawada,Bihar
805105,Pavapuri,Bihar
805106,Pakribarwan,Bihar
805107,Nawada,Bihar
805108,Pakribarwan,Bihar
805109,Nawada,Bihar
805110,Nawada,Bihar
805111,Nawada,Bihar
805112,Nawada,Bihar
805113,Pakribarwan,Bihar
805121,Nawada,Bihar
805122,Sirdala,Bihar
805123,Nawada,Bihar
805124,Pakribarwan,Bihar
805125,Sirdala,Bihar
805126,Sirdala,Bihar
805127,Sirdala,Bihar
805128,Wazirganj,Bihar
805129,Wazirganj,Bihar
805130,Nawada,Bihar
805131,Wazirganj,Bihar
805132,Pakribarwan,Bihar
805133,Rajgir,Bihar
811101,Sheikhpura,Jharkhand
811102,Sheikhpura,Jharkhand
811103,Sheikhpura,Jharkhand
811104,Barbigha,Jharkhand
811105,Sheikhpura,Jharkhand
811106,Surajgarha,Jharkhand
811107,Sheikhpura,Jharkhand
811112,Surajgarha,Jharkhand
811201,Munger,Jharkhand
811202,Munger,Jharkhand
811211,Munger,Jharkhand
811212,Munger,Jharkhand
811213,Kharagpur-BR,Jharkhand
811214,Munger,Jharkhand
811241,Munger,Jharkhand
811301,Sikandara,Jharkhand
811302,Lakhisarai,Jharkhand
811303,Chakai,Jharkhand
811304,Sheikhpura,Jharkhand
811305,Jhajha,Jharkhand
811307,Jamui,Jharkhand
811308,Jhajha,Jharkhand
811309,Surajgarha,Jharkhand
811310,Lakhisarai,Jharkhand
811311,Lakhisarai,Jharkhand
811313,Jamui,Jharkhand
811314,Jhajha,Jharkhand
811315,Sikandara,Jharkhand
811317,Jamui,Jharkhand
812001,Bhagalpur,Jharkhand
812002,Bhagalpur,Jharkhand
812003,Bhagalpur,Jharkhand
812004,Bhagalpur,Jharkhand
812005,Bhagalpur,Jharkhand
812006,Bhagalpur,Jharkhand
812007,Bhagalpur,Jharkhand
812008,Bhagalpur,Jharkhand
812009,Bhagalpur,Jharkhand
812010,Bhagalpur,Jharkhand
813102,Banka,Jharkhand
813103,Banka,Jharkhand
813105,Bhagalpur,Jharkhand
813106,Banka,Jharkhand
813107,Punsia,Jharkhand
813108,Sultanganj,Jharkhand
813109,Punsia,Jharkhand
813110,Punsia,Jharkhand
813113,Punsia,Jharkhand
813201,Sultanganj,Jharkhand
813202,Sangrampur,Jharkhand
813203,Kahalgaon,Jharkhand
813204,Kahalgaon,Jharkhand
813206,Kahalgaon,Jharkhand
813207,Sangrampur,Jharkhand
813209,Kahalgaon,Jharkhand
813210,Bhagalpur,Jharkhand
813212,Sangrampur,Jharkhand
813213,Sultanganj,Jharkhand
813214,Kahalgaon,Jharkhand
813221,Kharagpur-BR,Jharkhand
813222,Kahalgaon,Jharkhand
814101,Dumka,Jharkhand
814102,Poriyahat,Jharkhand
814103,Shikaripara,Jharkhand
814110,Dumka,Jharkhand
814111,Maheshpur,Jharkhand
814112,Deoghar,Jharkhand
814113,Deoghar,Jharkhand
814114,Deoghar,Jharkhand
814115,Deoghar,Jharkhand
814116,Deoghar,Jharkhand
814118,Deoghar,Jharkhand
814119,Shikaripara,Jharkhand
814120,Deoghar,Jharkhand
814122,Deoghar,Jharkhand
814131,Banka,Jharkhand
814133,Godda,Jharkhand
814141,Deoghar,Jharkhand
814142,Deoghar,Jharkhand
814143,Deoghar,Jharkhand
814144,Rangalia,Jharkhand
814145,Dumka,Jharkhand
814146,Madhupur,Jharkhand
814147,Mahagama,Jharkhand
814148,Rangalia,Jharkhand
814149,Madhupur,Jharkhand
814150,Madhupur,Jharkhand
814151,Dumka,Jharkhand
814154,Godda,Jharkhand
814155,Mahagama,Jharkhand
814157,Deoghar,Jharkhand
814158,Poriyahat,Jharkhand
814160,Kahalgaon,Jharkhand
814165,Mahagama,Jharkhand
814166,Madhupur,Jharkhand
815301,Giridih,Jharkhand
815302,Giridih,Jharkhand
815311,Giridih,Jharkhand
815314,Giridih,Jharkhand
815315,Giridih,Jharkhand
815316,Giridih,Jharkhand
815318,Rajdhanwar,Jharkhand
815351,Jamtara,Jharkhand
815352,Jamtara,Jharkhand
815353,Madhupur,Jharkhand
815355,Kundahit,Jharkhand
815357,Madhupur,Jharkhand
815359,Kundahit,Jharkhand
816101,Barharwa,Jharkhand
816102,Barharwa,Jharkhand
816103,Shikaripara,Jharkhand
816104,Pakur,Jharkhand
816105,Barharwa,Jharkhand
816106,Maheshpur,Jharkhand
816107,Pakur,Jharkhand
816108,Rajmahal,Jharkhand
816109,Sahebganj,Jharkhand
816110,Barharwa,Jharkhand
816115,Sahebganj,Jharkhand
816116,Rajmahal,Jharkhand
816117,Maheshpur,Jharkhand
816118,Shikaripara,Jharkhand
816120,Barharwa,Jharkhand
816129,Rajmahal,Jharkhand
821002,Bhagalpur,Jharkhand
821004,Jamshedpur,Jharkhand
821101,Mohania,Jharkhand
821103,Chainpur,Jharkhand
821104,Kudra,Jharkhand
821106,Chainpur,Jharkhand
821107,Kochas,Jharkhand
821108,Kudra,Jharkhand
821109,Mohania,Jharkhand
821110,Nuaon,Jharkhand
821111,Sasaram,Jharkhand
821112,Dinara,Jharkhand
821113,Sasaram,Jharkhand
821114,Sasaram,Jharkhand
821115,Sasaram,Jharkhand
821118,Kishanganj,Jharkhand
821124,Mohania,Jharkhand
821301,Dehri on Sone,Jharkhand
821302,Rohtas,Jharkhand
821303,Rohtas,Jharkhand
821304,Rohtas,Jharkhand
821305,Dehri on Sone,Jharkhand
821306,Sasaram,Jharkhand
821307,Dehri on Sone,Jharkhand
821308,Dehri on Sone,Jharkhand
821309,Piro,Jharkhand
821310,Daudnagar,Jharkhand
821311,Rohtas,Jharkhand
821312,Sasaram,Jharkhand
821315,Sasaram,Jharkhand
821316,Sasaram,Jharkhand
822101,Daltonganj,Jharkhand
822102,Daltonganj,Jharkhand
822110,Daltonganj,Jharkhand
822112,Nagar Untari,Jharkhand
822113,Chhatarpur-JR,Jharkhand
822114,Garhwa,Jharkhand
822115,Japla,Jharkhand
822116,Japla,Jharkhand
822117,Japla,Jharkhand
822118,Chhatarpur-JR,Jharkhand
822119,Mahuadanr,Jharkhand
822120,Japla,Jharkhand
822121,Nagar Untari,Jharkhand
822122,Panki,Jharkhand
822123,Chhatarpur-JR,Jharkhand
822124,Bisrampur,Jharkhand
822126,Satbarwa,Jharkhand
822128,Nagar Untari,Jharkhand
822129,Nagar Untari,Jharkhand
822131,Hariharganj,Jharkhand
822132,Bisrampur,Jharkhand
822133,Garhwa,Jharkhand
822212,Bikramganj,Jharkhand
823000,Gaya,Jharkhand
823001,Gaya,Jharkhand
823002,Gaya,Jharkhand
823003,Gaya,Jharkhand
823004,Gaya,Jharkhand
823005,Gaya,Jharkhand
823311,Khizasarai,Jharkhand
824101,Aurangabad-BR,Jharkhand
824102,Aurangabad-BR,Jharkhand
824103,Deo,Jharkhand
824111,Amba,Jharkhand
824112,Dehri on Sone,Jharkhand
824113,Daudnagar,Jharkhand
824114,Goh,Jharkhand
824115,Daudnagar,Jharkhand
824116,Goh,Jharkhand
824118,Tekari,Jharkhand
824120,Daudnagar,Jharkhand
824121,Aurangabad-BR,Jharkhand
824122,Goh,Jharkhand
824123,Amba,Jharkhand
824124,Aurangabad-BR,Jharkhand
824125,Goh,Jharkhand
824127,Daudnagar,Jharkhand
824129,Goh,Jharkhand
824143,Daudnagar,Jharkhand
824201,Barachatti,Jharkhand
824202,Deo,Jharkhand
824203,Goh,Jharkhand
824205,Sherghati,Jharkhand
824206,Imamganj,Jharkhand
824207,Tekari,Jharkhand
824208,Deo,Jharkhand
824209,Gaya,Jharkhand
824210,Imamganj,Jharkhand
824211,Sherghati,Jharkhand
824217,Imamganj,Jharkhand
824219,Sherghati,Jharkhand
824220,Barachatti,Jharkhand
824221,Imamganj,Jharkhand
824230,Gaya,Jharkhand
824231,Gaya,Jharkhand
824232,Sirdala,Jharkhand
824233,Khizasarai,Jharkhand
824234,Gaya,Jharkhand
824235,Tekari,Jharkhand
824236,Tekari,Jharkhand
824237,Gaya,Jharkhand
824301,Amba,Jharkhand
825101,Ramgarh,Jharkhand
825102,Phusro,Jharkhand
825103,Tandwa,Jharkhand
825106,Gomoh,Jharkhand
825167,Gomoh,Jharkhand
825301,hazaribagh,Jharkhand
825302,hazaribagh,Jharkhand
825303,hazaribagh,Jharkhand
825304,hazaribagh,Jharkhand
825312,Bagodar,Jharkhand
825313,Bagodar,Jharkhand
825314,Ramgarh,Jharkhand
825315,Gumia,Jharkhand
825316,Ramgarh,Jharkhand
825317,hazaribagh,Jharkhand
825318,Domchanch,Jharkhand
825319,hazaribagh,Jharkhand
825321,Tandwa,Jharkhand
825323,hazaribagh,Jharkhand
825325,Kedla,Jharkhand
825326,Kedla,Jharkhand
825330,Ramgarh,Jharkhand
825335,hazaribagh,Jharkhand
825336,hazaribagh,Jharkhand
825401,Chatra,Jharkhand
825402,hazaribagh,Jharkhand
825403,Godabar,Jharkhand
825405,Chouparan,Jharkhand
825406,Chouparan,Jharkhand
825407,Domchanch,Jharkhand
825408,Chouparan,Jharkhand
825409,Jhumri telaiya,Jharkhand
825410,Jhumri telaiya,Jharkhand
825411,hazaribagh,Jharkhand
825412,Rajdhanwar,Jharkhand
825413,Domchanch,Jharkhand
825418,Domchanch,Jharkhand
825421,Domchanch,Jharkhand
826001,Dhanbad,Jharkhand
826002,Dhanbad,Jharkhand
826003,Dhanbad,Jharkhand
826004,Dhanbad,Jharkhand
826005,Dhanbad,Jharkhand
826006,Bokaro,Jharkhand
826007,Dhanbad,Jharkhand
826015,Dhanbad,Jharkhand
827001,Bokaro,Jharkhand
827002,Bokaro,Jharkhand
827003,Bokaro,Jharkhand
827004,Bokaro,Jharkhand
827006,Bokaro,Jharkhand
827009,Bokaro,Jharkhand
827010,Bokaro,Jharkhand
827011,Bokaro,Jharkhand
827012,Bokaro,Jharkhand
827013,Bokaro,Jharkhand
827014,Bokaro,Jharkhand
827015,Bokaro,Jharkhand
827016,Bokaro,Jharkhand
827302,Peterbar,Jharkhand
828101,Dhanbad,Jharkhand
828102,Phusro,Jharkhand
828103,Dhanbad,Jharkhand
828104,Dhanbad,Jharkhand
828105,Dhanbad,Jharkhand
828106,Dhanbad,Jharkhand
828107,Dhanbad,Jharkhand
828108,Dhanbad,Jharkhand
828109,Dhanbad,Jharkhand
828110,Dhanbad,Jharkhand
828111,Dhanbad,Jharkhand
828112,Dhanbad,Jharkhand
828113,Dhanbad,Jharkhand
828114,Dhanbad,Jharkhand
828115,Dhanbad,Jharkhand
828116,Dhanbad,Jharkhand
828117,Dhanbad,Jharkhand
828119,Dhanbad,Jharkhand
828120,Dhanbad,Jharkhand
828121,Dhanbad,Jharkhand
828122,Dhanbad,Jharkhand
828123,Dhanbad,Jharkhand
828124,Dhanbad,Jharkhand
828125,Dhanbad,Jharkhand
828126,Dhanbad,Jharkhand
828127,Dhanbad,Jharkhand
828128,Dhanbad,Jharkhand
828129,Dhanbad,Jharkhand
828130,Dhanbad,Jharkhand
828131,Dhanbad,Jharkhand
828132,Dhanbad,Jharkhand
828133,Dhanbad,Jharkhand
828134,chandankiyari,Jharkhand
828135,Dhanbad,Jharkhand
828201,Nirsa,Jharkhand
828202,Chirkunda,Jharkhand
828203,Chirkunda,Jharkhand
828204,Chirkunda,Jharkhand
828205,Nirsa,Jharkhand
828206,Chirkunda,Jharkhand
828207,Chirkunda,Jharkhand
828209,Dhanbad,Jharkhand
828301,Dhanbad,Jharkhand
828302,Dhanbad,Jharkhand
828304,Dhanbad,Jharkhand
828305,Dhanbad,Jharkhand
828306,Gomoh,Jharkhand
828307,Dhanbad,Jharkhand
828308,Dhanbad,Jharkhand
828309,Dhanbad,Jharkhand
828401,Gomoh,Jharkhand
828402,Gomoh,Jharkhand
828403,Phusro,Jharkhand
828404,Bokaro,Jharkhand
829101,Ramgarh,Jharkhand
829102,Ramgarh,Jharkhand
829103,Ramgarh,Jharkhand
829104,Phusro,Jharkhand
829105,Patratu,Jharkhand
829106,Patratu,Jharkhand
829107,Phusro,Jharkhand
829108,Ramgarh,Jharkhand
829109,Ramgarh,Jharkhand
829110,Ramgarh,Jharkhand
829111,Phusro,Jharkhand
829112,Gumia,Jharkhand
829113,Phusro,Jharkhand
829114,Phusro,Jharkhand
829116,Phusro,Jharkhand
829117,Ramgarh,Jharkhand
829118,Patratu,Jharkhand
829119,Patratu,Jharkhand
829121,Peterbar,Jharkhand
829122,Ramgarh,Jharkhand
829123,Peterbar,Jharkhand
829125,Patratu,Jharkhand
829126,Patratu,Jharkhand
829127,Phusro,Jharkhand
829128,Peterbar,Jharkhand
829129,Ramgarh,Jharkhand
829130,Kedla,Jharkhand
829131,Ramgarh,Jharkhand
829132,Phusro,Jharkhand
829133,Patratu,Jharkhand
829134,Ramgarh,Jharkhand
829135,Patratu,Jharkhand
829143,Patratu,Jharkhand
829144,Phusro,Jharkhand
829149,Gumia,Jharkhand
829150,Ramgarh,Jharkhand
829201,Khalari-JR,Jharkhand
829202,Balumath,Jharkhand
829205,Khalari-JR,Jharkhand
829206,Latehar,Jharkhand
829207,Latehar,Jharkhand
829208,Khalari-JR,Jharkhand
829209,Khalari-JR,Jharkhand
829210,Khalari-JR,Jharkhand
829301,Peterbar,Jharkhand
831001,Jamshedpur,Jharkhand
831002,Jamshedpur,Jharkhand
831003,Jamshedpur,Jharkhand
831004,Jamshedpur,Jharkhand
831005,Jamshedpur,Jharkhand
831006,Jamshedpur,Jharkhand
831007,Jamshedpur,Jharkhand
831008,Jamshedpur,Jharkhand
831009,Jamshedpur,Jharkhand
831010,Jamshedpur,Jharkhand
831011,Jamshedpur,Jharkhand
831012,Jamshedpur,Jharkhand
831013,Jamshedpur,Jharkhand
831014,Jamshedpur,Jharkhand
831015,Jamshedpur,Jharkhand
831016,Jamshedpur,Jharkhand
831017,Jamshedpur,Jharkhand
831018,Jamshedpur,Jharkhand
831019,Jamshedpur,Jharkhand
831020,Jamshedpur,Jharkhand
831035,Jamshedpur,Jharkhand
832101,Chakulia,Jharkhand
832102,Ghatshila,Jharkhand
832103,Ghatshila,Jharkhand
832104,Ghatshila,Jharkhand
832106,Ghatshila,Jharkhand
832107,Jamshedpur,Jharkhand
832108,Jamshedpur,Jharkhand
832109,Jamshedpur,Jharkhand
832110,Jamshedpur,Jharkhand
832301,Chakulia,Jharkhand
832302,Chakulia,Jharkhand
832303,Ghatshila,Jharkhand
832304,Ghatshila,Jharkhand
832401,Chandil,Jharkhand
832402,Jamshedpur,Jharkhand
832404,Chandil,Jharkhand
833102,Chakradharpur,Jharkhand
833104,Manoharpur,Jharkhand
833105,Chakradharpur,Jharkhand
833201,Chaibasa,Jharkhand
833202,Chaibasa,Jharkhand
833203,Jagannathpur,Jharkhand
833212,Jagannathpur,Jharkhand
833213,Noamundi,Jharkhand
833214,Jagannathpur,Jharkhand
833215,Chaibasa,Jharkhand
833216,Seraikella,Jharkhand
833217,Noamundi,Jharkhand
833218,Noamundi,Jharkhand
833219,Seraikella,Jharkhand
833220,Seraikella,Jharkhand
833221,Noamundi,Jharkhand
834001,Ranchi,Jharkhand
834002,Ranchi,Jharkhand
834003,Ranchi,Jharkhand
834004,Ranchi,Jharkhand
834005,Ranchi,Jharkhand
834006,Ranchi,Jharkhand
834007,Ranchi,Jharkhand
834008,Ranchi,Jharkhand
834009,Ranchi,Jharkhand
834010,Ranchi,Jharkhand
834011,Ranchi,Jharkhand
834012,Ranchi,Jharkhand
835101,Jhalda,Jharkhand
835102,Jhalda,Jharkhand
835103,Ranchi,Jharkhand
835201,Kolebira,Jharkhand
835202,Bero,Jharkhand
835203,Bero,Jharkhand
835204,Bundu,Jharkhand
835205,Ranchi,Jharkhand
835206,ChainpurJH,Jharkhand
835207,Gumla,Jharkhand
835208,Gumla,Jharkhand
835210,Khunti,Jharkhand
835211,Kolebira,Jharkhand
835213,Lohardaga,Jharkhand
835214,Khalari-JR,Jharkhand
835215,Ranchi,Jharkhand
835216,Khunti,Jharkhand
835217,Ranchi,Jharkhand
835218,Mahuadanr,Jharkhand
835219,Ormanjhi,Jharkhand
835220,Gumla,Jharkhand
835221,Khunti,Jharkhand
835222,Ranchi,Jharkhand
835223,Simdega,Jharkhand
835224,Simdega,Jharkhand
835225,Tamar,Jharkhand
835226,Simdega,Jharkhand
835227,Torpa,Jharkhand
835228,Simdega,Jharkhand
835230,ChainpurJH,Jharkhand
835231,Gumla,Jharkhand
835232,Gumla,Jharkhand
835233,Gumla,Jharkhand
835235,Simdega,Jharkhand
835238,Ranchi,Jharkhand
835240,Ranchi,Jharkhand
835301,Bero,Jharkhand
835302,Lohardaga,Jharkhand
835303,Ranchi,Jharkhand
835325,Bero,Jharkhand
840001,Gumla,Bihar
841101,Sonepur,Bihar
841201,Ekma,Bihar
841202,Dighwara,Bihar
841203,Gangapur-B,Bihar
841204,Ekma,Bihar
841205,Ekma,Bihar
841206,Ekma,Bihar
841207,Dighwara,Bihar
841208,Ekma,Bihar
841209,Ekma,Bihar
841210,Gangapur-B,Bihar
841211,Chhapra,Bihar
841212,Ekma,Bihar
841213,Chhapra,Bihar
841214,Chhapra,Bihar
841215,Saraiya,Bihar
841216,Dighwara,Bihar
841217,Sonepur,Bihar
841218,Marhowarah,Bihar
841219,Parsa,Bihar
841220,Dighwara,Bihar
841221,Dighwara,Bihar
841222,Parsa,Bihar
841223,Ekma,Bihar
841224,Mirganj,Bihar
841225,Dighwara,Bihar
841226,Siwan,Bihar
841227,Siwan,Bihar
841231,Siwan,Bihar
841232,Mirganj,Bihar
841233,Mirganj,Bihar
841234,Siwan,Bihar
841235,Mairwa,Bihar
841236,Hasanpura,Bihar
841237,Siwan,Bihar
841238,Mirganj,Bihar
841239,Mairwa,Bihar
841240,Hasanpura,Bihar
841241,Siwan,Bihar
841242,Mirganj,Bihar
841243,Mairwa,Bihar
841244,Mirganj,Bihar
841245,Siwan,Bihar
841246,Siwan,Bihar
841252,Siwan,Bihar
841256,Siwan,Bihar
841286,Hasanpura,Bihar
841287,Siwan,Bihar
841301,Chhapra,Bihar
841302,Chhapra,Bihar
841305,Chhapra,Bihar
841311,Chhapra,Bihar
841312,Chhapra,Bihar
841313,Ekma,Bihar
841316,Chhapra,Bihar
841318,Sonepur,Bihar
841401,Marhowarah,Bihar
841402,Marhowarah,Bihar
841403,Baniapur,Bihar
841404,Hasanpura,Bihar
841405,Gopalganj,Bihar
841406,Malmaliya,Bihar
841407,Gopalganj,Bihar
841408,Malmaliya,Bihar
841409,Mohammadpur,Bihar
841410,Mashrakh,Bihar
841411,Marhowarah,Bihar
841412,Chhapra,Bihar
841413,Malmaliya,Bihar
841414,Chhapra,Bihar
841415,Chhapra,Bihar
841416,Malmaliya,Bihar
841417,Malmaliya,Bihar
841418,Marhowarah,Bihar
841419,Chhapra,Bihar
841420,Mashrakh,Bihar
841421,Mashrakh,Bihar
841422,Baniapur,Bihar
841423,Gopalganj,Bihar
841424,Mashrakh,Bihar
841425,Kuchaikote,Bihar
841426,Bhore,Bihar
841427,Gopalganj,Bihar
841428,Gopalganj,Bihar
841432,Gopalganj,Bihar
841434,Mirganj,Bihar
841435,Mairwa,Bihar
841436,Mirganj,Bihar
841437,Mohammadpur,Bihar
841438,Mirganj,Bihar
841439,Malmaliya,Bihar
841440,Gopalganj,Bihar
841441,Bhore,Bihar
841442,Baniapur,Bihar
841443,Marhowarah,Bihar
841446,Siwan,Bihar
841447,Mashrakh,Bihar
841460,Marhowarah,Bihar
841501,Kuchaikote,Bihar
841502,Siwan,Bihar
841503,Kuchaikote,Bihar
841504,Gangapur-B,Bihar
841505,Kuchaikote,Bihar
841506,Siwan,Bihar
841507,Baniapur,Bihar
841508,Bhore,Bihar
841509,Gangapur-B,Bihar
842001,Muzaffarpur,Bihar
842002,Muzaffarpur,Bihar
842003,Muzaffarpur,Bihar
842004,Muzaffarpur,Bihar
842005,Muzaffarpur,Bihar
842006,Muzaffarpur,Bihar
842008,Muzaffarpur,Bihar
842009,Muzaffarpur,Bihar
843101,Saraiya,Bihar
843102,Dholi,Bihar
843103,Dholi,Bihar
843104,Dholi,Bihar
843105,Dholi,Bihar
843106,Sahebganj-BH,Bihar
843107,Saraiya,Bihar
843108,Muzaffarpur,Bihar
843109,Kanti,Bihar
843110,Tajpur,Bihar
843111,Kanti,Bihar
843112,Saraiya,Bihar
843113,Muzaffarpur,Bihar
843114,Dholi,Bihar
843115,Dholi,Bihar
843116,Saraiya,Bihar
843117,Aurai,Bihar
843118,Dholi,Bihar
843119,Dholi,Bihar
843120,Sahebganj-BH,Bihar
843121,Dholi,Bihar
843122,Saraiya,Bihar
843123,Saraiya,Bihar
843124,Muzaffarpur,Bihar
843125,Sahebganj-BH,Bihar
843126,Saraiya,Bihar
843127,Minapur,Bihar
843128,Minapur,Bihar
843129,Minapur,Bihar
843130,Kanti,Bihar
843131,Muzaffarpur,Bihar
843134,Samastipur,Bihar
843139,Dholi,Bihar
843143,Saraiya,Bihar
843144,Dholi,Bihar
843147,Muzaffarpur,Bihar
843152,Sahebganj-BH,Bihar
843156,Muzaffarpur,Bihar
843165,Muzaffarpur,Bihar
843301,Sitamarhi,Bihar
843302,Sitamarhi,Bihar
843311,Runnisaidpur,Bihar
843312,Aurai,Bihar
843313,Dhaka,Bihar
843314,Sitamarhi,Bihar
843315,Sitamarhi,Bihar
843316,Runnisaidpur,Bihar
843317,Sonbarsa,Bihar
843318,Runnisaidpur,Bihar
843319,Pupri,Bihar
843320,Pupri,Bihar
843321,Aurai,Bihar
843322,Sitamarhi,Bihar
843323,Sitamarhi,Bihar
843324,Sonbarsa,Bihar
843325,Sheohar,Bihar
843326,Pupri,Bihar
843327,Sitamarhi,Bihar
843328,Sitamarhi,Bihar
843329,Sheohar,Bihar
843330,Sonbarsa,Bihar
843331,Sitamarhi,Bihar
843332,Sonbarsa,Bihar
843333,Pupri,Bihar
843334,Sheohar,Bihar
843335,Sheohar,Bihar
843349,Sitamarhi,Bihar
843352,Sitamarhi,Bihar
843360,Minapur,Bihar
844101,Hajipur,Bihar
844102,Hajipur,Bihar
844103,Hajipur,Bihar
844111,Saraiya,Bihar
844112,Dholi,Bihar
844113,Bhagwanpur,Bihar
844114,Bhagwanpur,Bihar
844115,Hajipur,Bihar
844116,Sonepur,Bihar
844117,Lalganj-BH,Bihar
844118,Bhagwanpur,Bihar
844119,Lalganj-BH,Bihar
844120,Muzaffarpur,Bihar
844121,Lalganj-BH,Bihar
844122,Hazrat Jandaha,Bihar
844123,Lalganj-BH,Bihar
844124,Hajipur,Bihar
844125,Hajipur,Bihar
844126,Hazrat Jandaha,Bihar
844127,Muzaffarpur,Bihar
844128,Saraiya,Bihar
844501,Hazrat Jandaha,Bihar
844502,Hajipur,Bihar
844503,Mahnar Bazar,Bihar
844504,Mahnar Bazar,Bihar
844505,Hazrat Jandaha,Bihar
844506,Mahnar Bazar,Bihar
844507,Hazrat Jandaha,Bihar
844509,Mahnar Bazar,Bihar
845101,Bagaha,Bihar
845103,Narkatiaganj,Bihar
845105,Bagaha,Bihar
845106,Narkatiaganj,Bihar
845107,Valmiki Nagar,Bihar
845301,Raxaul,Bihar
845302,Motihari,Bihar
845303,Dhaka,Bihar
845304,Dhaka,Bihar
845305,Raxaul,Bihar
845315,Dhaka,Bihar
845318,Forbesganj,Bihar
845401,Motihari,Bihar
845402,Motihari,Bihar
845406,Muzaffarpur,Bihar
845408,Motihari,Bihar
845411,Govindpur,Bihar
845412,Chakia,Bihar
845413,Chakia,Bihar
845414,Chakia,Bihar
845415,Motihari,Bihar
845416,Motihari,Bihar
845417,Motihari,Bihar
845418,Dhaka,Bihar
845419,Govindpur,Bihar
845420,Chakia,Bihar
845422,Govindpur,Bihar
845423,Jiwdhara,Bihar
845424,Sahebganj-BH,Bihar
845425,Motihari,Bihar
845426,Chakia,Bihar
845427,Dhaka,Bihar
845428,Dhaka,Bihar
845429,Jiwdhara,Bihar
845430,Sheohar,Bihar
845431,Motihari,Bihar
845432,Sahebganj-BH,Bihar
845433,Raxaul,Bihar
845434,Jiwdhara,Bihar
845435,Motihari,Bihar
845437,Motihari,Bihar
845438,Bettiah,Bihar
845440,Sugauli,Bihar
845449,Bettiah,Bihar
845450,Bettiah,Bihar
845451,Bettiah,Bihar
845452,Bettiah,Bihar
845453,Lauria Nandangarh,Bihar
845454,Bettiah,Bihar
845455,Narkatiaganj,Bihar
845456,Motihari,Bihar
845457,Dhaka,Bihar
845458,Govindpur,Bihar
845459,Bettiah,Bihar
845466,Bettiah,Bihar
845479,Bettiah,Bihar
845481,Bettiah,Bihar
845483,Bettiah,Bihar
846001,Darbhanga,Bihar
846002,Darbhanga,Bihar
846003,Darbhanga,Bihar
846004,Darbhanga,Bihar
846005,Darbhanga,Bihar
846006,Darbhanga,Bihar
846007,Darbhanga,Bihar
846008,Darbhanga,Bihar
846009,Darbhanga,Bihar
847101,Darbhanga,Bihar
847102,Benipatti,Bihar
847103,Benipur,Bihar
847104,Bharwara,Bihar
847105,Singhia,Bihar
847106,Bharwara,Bihar
847107,Dholi,Bihar
847108,Phulparas,Bihar
847109,Madhubani,Bihar
847112,Madhubani,Bihar
847115,Madhubani,Bihar
847120,Darbhanga,Bihar
847121,Darbhanga,Bihar
847122,Darbhanga,Bihar
847123,Darbhanga,Bihar
847201,Benipur,Bihar
847202,Benipur,Bihar
847203,Benipur,Bihar
847211,Madhubani,Bihar
847212,Madhubani,Bihar
847213,Madhubani,Bihar
847214,Madhubani,Bihar
847215,Madhubani,Bihar
847222,Benipatti,Bihar
847223,Benipatti,Bihar
847224,Madhubani,Bihar
847225,Benipatti,Bihar
847226,Madhubani,Bihar
847227,Khutauna,Bihar
847228,Basopatti,Bihar
847229,Madhubani,Bihar
847230,Benipatti,Bihar
847231,Madhubani,Bihar
847232,Khutauna,Bihar
847233,Benipur,Bihar
847234,Madhubani,Bihar
847235,Madhubani,Bihar
847236,Madhubani,Bihar
847237,Madhubani,Bihar
847238,Madhubani,Bihar
847239,Madhubani,Bihar
847240,Benipatti,Bihar
847301,KalyanpurBR,Bihar
847302,Pupri,Bihar
847303,Benipur,Bihar
847304,Bharwara,Bihar
847305,Benipatti,Bihar
847306,Darbhanga,Bihar
847307,Bharwara,Bihar
847308,Benipatti,Bihar
847311,Rusera,Bihar
847337,Darbhanga,Bihar
847401,Madhubani,Bihar
847402,Phulparas,Bihar
847403,Jhanjharpur,Bihar
847404,Jhanjharpur,Bihar
847405,Benipur,Bihar
847407,Jhanjharpur,Bihar
847408,Jhanjharpur,Bihar
847409,Phulparas,Bihar
847410,Jhanjharpur,Bihar
847411,Jhanjharpur,Bihar
847412,Jhanjharpur,Bihar
847421,Khutauna,Bihar
847422,Benipur,Bihar
847423,Benipur,Bihar
847424,Madhubani,Bihar
847426,Jhanjharpur,Bihar
847427,Benipur,Bihar
847428,Darbhanga,Bihar
847429,Darbhanga,Bihar
847451,Phulparas,Bihar
847452,Phulparas,Bihar
848101,Samastipur,Bihar
848102,Samastipur,Bihar
848109,Samastipur,Bihar
848110,Samastipur,Bihar
848112,Rusera,Bihar
848113,Tajpur,Bihar
848114,Dalsingh Sarai,Bihar
848115,Dholi,Bihar
848117,Samastipur,Bihar
848121,Samastipur,Bihar
848122,Tajpur,Bihar
848125,KalyanpurBR,Bihar
848127,Samastipur,Bihar
848129,Samastipur,Bihar
848130,Samastipur,Bihar
848131,Tajpur,Bihar
848132,Samastipur,Bihar
848133,KalyanpurBR,Bihar
848134,Samastipur,Bihar
848135,Samastipur,Bihar
848138,Samastipur,Bihar
848142,Dalsingh Sarai,Bihar
848160,Dalsingh Sarai,Bihar
848201,Bakhri,Bihar
848203,Bakhri,Bihar
848204,Bakhri,Bihar
848205,Singhia,Bihar
848207,Singhia,Bihar
848208,Rusera,Bihar
848209,Rusera,Bihar
848210,Rusera,Bihar
848211,Rusera,Bihar
848213,Singhia,Bihar
848216,Rusera,Bihar
848218,Rusera,Bihar
848226,Buxar,Bihar
848236,Rusera,Bihar
848301,KalyanpurBR,Bihar
848302,KalyanpurBR,Bihar
848303,Samastipur,Bihar
848501,Mohiuddin Nagar,Bihar
848502,Mohiuddin Nagar,Bihar
848503,Dalsingh Sarai,Bihar
848504,Mohiuddin Nagar,Bihar
848505,Tajpur,Bihar
848506,Mohiuddin Nagar,Bihar
848507,Dalsingh Sarai,Bihar
848516,Dalsingh Sarai,Bihar
851101,Begusarai,Bihar
851102,Begusarai,Bihar
851110,Begusarai,Bihar
851111,Dalsingh Sarai,Bihar
851112,Barauni,Bihar
851113,Barauni,Bihar
851114,Begusarai,Bihar
851115,Barauni,Bihar
851116,Begusarai,Bihar
851117,Begusarai,Bihar
851118,Barauni,Bihar
851119,Barauni,Bihar
851120,Barauni,Bihar
851122,Barauni,Bihar
851126,Begusarai,Bihar
851127,Manjhaul,Bihar
851128,Dalsingh Sarai,Bihar
851130,Manjhaul,Bihar
851131,Begusarai,Bihar
851132,Manjhaul,Bihar
851133,Barauni,Bihar
851134,Begusarai,Bihar
851135,Begusarai,Bihar
851139,Begusarai,Bihar
851201,Maheshkhunt,Bihar
851202,Mahaddipur,Bihar
851203,Maheshkhunt,Bihar
851204,Khagaria,Bihar
851205,Khagaria,Bihar
851206,Khagaria,Bihar
851210,Begusarai,Bihar
851211,Begusarai,Bihar
851213,Maheshkhunt,Bihar
851214,Khagaria,Bihar
851217,Sahebpur Kamal,Bihar
851218,Begusarai,Bihar
852101,Udakishanganj,Bihar
852105,Simrahi Bazar,Bihar
852107,Madhepura,Bihar
852108,Supaul,Bihar
852109,Simrahi Bazar,Bihar
852110,Supaul,Bihar
852111,Simrahi Bazar,Bihar
852112,Murliganj,Bihar
852113,Madhepura,Bihar
852114,Madhepura,Bihar
852115,Udakishanganj,Bihar
852116,Udakishanganj,Bihar
852122,Murliganj,Bihar
852124,Saharsa,Bihar
852125,Simrahi Bazar,Bihar
852126,Simri Bakthiyarpur,Bihar
852127,Simri Bakthiyarpur,Bihar
852128,Madhepura,Bihar
852129,Simri Bakthiyarpur,Bihar
852130,Supaul,Bihar
852131,Supaul,Bihar
852137,Birpur,Bihar
852138,Supaul,Bihar
852139,Triveninganj,Bihar
852161,Sonbarsa-BH,Bihar
852201,Saharsa,Bihar
852202,Saharsa,Bihar
852212,Saharsa,Bihar
852214,Triveninganj,Bihar
852215,Simrahi Bazar,Bihar
852216,Saharsa,Bihar
852217,Sonbarsa-BH,Bihar
852218,Triveninganj,Bihar
852219,Udakishanganj,Bihar
852220,Udakishanganj,Bihar
853201,Naugachia,Bihar
853202,Naugachia,Bihar
853203,Mahaddipur,Bihar
853204,Naugachia,Bihar
853205,Naugachia,Bihar
853207,Naugachia,Bihar
854101,Katihar,Bihar
854102,Banmankhi Bazar,Bihar
854103,Katihar,Bihar
854104,Kursela,Bihar
854105,Katihar,Bihar
854106,Katihar,Bihar
854107,Katihar,Bihar
854108,Korha,Bihar
854109,Katihar,Bihar
854113,Manihari,Bihar
854114,Korha,Bihar
854115,Katihar,Bihar
854116,Gauripur,Bihar
854117,Manihari,Bihar
854201,Araria,Bihar
854202,Banmankhi Bazar,Bihar
854203,Bhawanipur Rajdham,Bihar
854204,Bhawanipur Rajdham,Bihar
854205,Bhawanipur Rajdham,Bihar
854301,Purnia,Bihar
854302,Purnia,Bihar
854303,Purnia,Bihar
854304,Purnia,Bihar
854305,Purnia,Bihar
854306,Banmankhi Bazar,Bihar
854311,Araria,Bihar
854312,Araria,Bihar
854315,Baisi,Bihar
854316,Forbesganj,Bihar
854317,Katihar,Bihar
854318,Forbesganj,Bihar
854325,Purnia,Bihar
854326,Purnia,Bihar
854327,Purnia,Bihar
854328,Forbesganj,Bihar
854329,Araria,Bihar
854330,Purnia,Bihar
854331,Forbesganj,Bihar
854332,Forbesganj,Bihar
854334,Raniganj,Bihar
854335,Narpatganj,Bihar
854336,Narpatganj,Bihar
854337,Purnia,Bihar
854338,Narpatganj,Bihar
854339,Narpatganj,Bihar
854340,Simrahi Bazar,Bihar
854344,Araria,Bihar
854357,Forbesganj,Bihar
854365,Purnia,Bihar
855102,Katihar,Bihar
855105,Katihar,Bihar
855106,Thakurganj,Bihar
855107,Kishanganj,Bihar
855108,Kishanganj,Bihar
855113,Katihar,Bihar
855114,Katihar,Bihar
855115,Bahadurganj,Bihar
855116,Thakurganj,Bihar
855117,Thakurganj,Bihar
857225,Benipatti,Bihar
